model,arm,checkpoint,probe_name,layer,epsilon,state_rank_current,state_rank_base,absolute_contraction,relative_functional_contraction_module,tail_at_r,tail_at_r_minus_1,margin_below,margin_above,two_sided_tail_margin,stable_rank,entropy_effective_rank,top1_energy_share,top10_energy_share,top32_energy_share,stable_rank_base,entropy_effective_rank_base,stable_rank_contraction,entropy_effective_rank_contraction,module_count
llama,offkd,20,E_general,14,0.01,1392.5714285714287,1393.7142857142858,1.1428571428571428,0.0016419427459800045,0.009987910866518703,0.010027755336231344,1.2089133481298284e-05,2.775533623134271e-05,8.346449290545837e-06,7.923480130433518,302.39071662145255,0.35062138694749423,0.47134367906210706,0.5709920165626561,7.9667951484733175,302.6426772076835,0.043315018039799265,0.25196058623098977,7
llama,offkd,20,E_general,14,0.025,1049.7142857142858,1050.7142857142858,1.0,0.0025538083139528293,0.024956424621491415,0.025041012733542093,4.357537850858614e-05,4.101273354209363e-05,1.8522755698142934e-05,7.923480130433518,302.39071662145255,0.35062138694749423,0.47134367906210706,0.5709920165626561,7.9667951484733175,302.6426772076835,0.043315018039799265,0.25196058623098977,7
llama,offkd,20,E_general,14,0.05,775.7142857142857,776.2857142857143,0.5714285714285714,0.0017228536062524492,0.049868592494410446,0.05004962284498104,0.0001314075055895534,4.962284498103173e-05,3.980669935332165e-05,7.923480130433518,302.39071662145255,0.35062138694749423,0.47134367906210706,0.5709920165626561,7.9667951484733175,302.6426772076835,0.043315018039799265,0.25196058623098977,7
llama,offkd,20,E_general,14,0.1,516.7142857142857,517.2857142857143,0.5714285714285714,0.00454537685846242,0.09971944489356906,0.1003031652059073,0.00028055510643094916,0.0003031652059073052,0.0002115657858483,7.923480130433518,302.39071662145255,0.35062138694749423,0.47134367906210706,0.5709920165626561,7.9667951484733175,302.6426772076835,0.043315018039799265,0.25196058623098977,7
llama,offkd,20,E_if,14,0.01,1312.142857142857,1319.857142857143,7.714285714285714,0.00723391010654554,0.009985669746473635,0.010022856511883643,1.4330253526364483e-05,2.2856511883642535e-05,1.0419761109674644e-05,4.736353936005723,185.7846869334837,0.3882538490559422,0.5243761330014791,0.6252425655387821,4.77689328956354,189.90431991165755,0.040539353557817064,4.119632978173855,7
llama,offkd,20,E_if,14,0.025,959.0,966.7142857142857,7.714285714285714,0.009857039441593357,0.024955527192168602,0.02503944755416439,4.447280783139926e-05,3.9447554164386495e-05,1.4341731493278704e-05,4.736353936005723,185.7846869334837,0.3882538490559422,0.5243761330014791,0.6252425655387821,4.77689328956354,189.90431991165755,0.040539353557817064,4.119632978173855,7
llama,offkd,20,E_if,14,0.05,684.2857142857143,691.2857142857143,7.0,0.01285405960953539,0.04985797188451072,0.050047568562285524,0.00014202811548928322,4.756856228551658e-05,2.937705744648415e-05,4.736353936005723,185.7846869334837,0.3882538490559422,0.5243761330014791,0.6252425655387821,4.77689328956354,189.90431991165755,0.040539353557817064,4.119632978173855,7
llama,offkd,20,E_if,14,0.1,429.7142857142857,435.7142857142857,6.0,0.015903598227485813,0.09969228748279749,0.10031762736947022,0.00030771251720251657,0.0003176273694702172,0.00021981041698216592,4.736353936005723,185.7846869334837,0.3882538490559422,0.5243761330014791,0.6252425655387821,4.77689328956354,189.90431991165755,0.040539353557817064,4.119632978173855,7
llama,offkd,20,E_math,14,0.01,699.7142857142857,701.7142857142857,2.0,0.0035344049427995052,0.009975254448506722,0.010024170839227686,2.474555149327825e-05,2.4170839227685308e-05,1.065129705505408e-05,4.763032706287861,114.37488194486211,0.3936629290372023,0.542984270827051,0.6640921204936715,4.781656550492651,114.75218677756007,0.01862384420478978,0.37730483269796344,7
llama,offkd,20,E_math,14,0.025,493.57142857142856,495.14285714285717,1.5714285714285714,0.004668172502387214,0.024964727375696678,0.02509193633164992,3.5272624303325186e-05,9.193633164992013e-05,1.9633437331713056e-05,4.763032706287861,114.37488194486211,0.3936629290372023,0.542984270827051,0.6640921204936715,4.781656550492651,114.75218677756007,0.01862384420478978,0.37730483269796344,7
llama,offkd,20,E_math,14,0.05,344.2857142857143,345.42857142857144,1.1428571428571428,0.006817365000416271,0.04989480348602062,0.05019401043323617,0.00010519651397937776,0.0001940104332361656,7.974968306516493e-05,4.763032706287861,114.37488194486211,0.3936629290372023,0.542984270827051,0.6640921204936715,4.781656550492651,114.75218677756007,0.01862384420478978,0.37730483269796344,7
llama,offkd,20,E_math,14,0.1,212.71428571428572,213.14285714285714,0.42857142857142855,0.0034708385373868954,0.09959207354353276,0.10045483181530833,0.0004079264564672419,0.0004548318153083276,0.0003161214848861417,4.763032706287861,114.37488194486211,0.3936629290372023,0.542984270827051,0.6640921204936715,4.781656550492651,114.75218677756007,0.01862384420478978,0.37730483269796344,7
llama,offkd,20,E_ood,14,0.01,1340.7142857142858,1343.5714285714287,2.857142857142857,0.003511595841744928,0.009986360359347945,0.010024731585341378,1.3639640652054782e-05,2.4731585341377857e-05,1.1810058492074274e-05,5.80845772548075,210.4079777996589,0.36892850743835925,0.524059688582468,0.6178646352344687,5.847751852800548,211.75172134221944,0.039294127319798235,1.3437435425605564,7
llama,offkd,20,E_ood,14,0.025,989.8571428571429,992.7142857142857,2.857142857142857,0.004946675626008157,0.0249505918037089,0.025036481249016144,4.94081962911037e-05,3.648124901614244e-05,2.541723791247474e-05,5.80845772548075,210.4079777996589,0.36892850743835925,0.524059688582468,0.6178646352344687,5.847751852800548,211.75172134221944,0.039294127319798235,1.3437435425605564,7
llama,offkd,20,E_ood,14,0.05,715.1428571428571,717.4285714285714,2.2857142857142856,0.006249833867153304,0.049877980763535425,0.050078057102593374,0.00012201923646458204,7.805710259337073e-05,6.04004141671174e-05,5.80845772548075,210.4079777996589,0.36892850743835925,0.524059688582468,0.6178646352344687,5.847751852800548,211.75172134221944,0.039294127319798235,1.3437435425605564,7
llama,offkd,20,E_ood,14,0.1,460.0,461.85714285714283,1.8571428571428572,0.008604992303688866,0.0998739359195262,0.1005365948335539,0.0001260640804738113,0.000536594833553888,0.0001025340738937734,5.80845772548075,210.4079777996589,0.36892850743835925,0.524059688582468,0.6178646352344687,5.847751852800548,211.75172134221944,0.039294127319798235,1.3437435425605564,7
llama,offkd,40,E_general,14,0.01,1391.857142857143,1393.7142857142858,1.8571428571428572,0.00250722577559132,0.00998388160418079,0.010023742952196688,1.6118395819209488e-05,2.3742952196689265e-05,9.462979757875536e-06,7.915584782239038,302.5379553415927,0.350708036613648,0.47119139185401027,0.5708393151476695,7.9667951484733175,302.6426772076835,0.05121036623427914,0.1047218660908398,7
llama,offkd,40,E_general,14,0.025,1048.7142857142858,1050.7142857142858,2.0,0.004615977923906539,0.0249662106840086,0.025050846601529453,3.378931599139906e-05,5.084660152945098e-05,2.040845581111706e-05,7.915584782239038,302.5379553415927,0.350708036613648,0.47119139185401027,0.5708393151476695,7.9667951484733175,302.6426772076835,0.05121036623427914,0.1047218660908398,7
llama,offkd,40,E_general,14,0.05,774.8571428571429,776.2857142857143,1.4285714285714286,0.00512090725727016,0.049906157648391694,0.0500877199765263,9.384235160830669e-05,8.771997652630327e-05,6.262830527585925e-05,7.915584782239038,302.5379553415927,0.350708036613648,0.47119139185401027,0.5708393151476695,7.9667951484733175,302.6426772076835,0.05121036623427914,0.1047218660908398,7
llama,offkd,40,E_general,14,0.1,516.4285714285714,517.2857142857143,0.8571428571428571,0.006016832190803011,0.0996749050369187,0.10026290879262253,0.00032509496308130915,0.0002629087926225313,0.0002201760655003041,7.915584782239038,302.5379553415927,0.350708036613648,0.47119139185401027,0.5708393151476695,7.9667951484733175,302.6426772076835,0.05121036623427914,0.1047218660908398,7
llama,offkd,40,E_if,14,0.01,1311.857142857143,1319.857142857143,8.0,0.007584391835045055,0.009989515198404467,0.010026750633667272,1.0484801595533344e-05,2.675063366727167e-05,7.708459160196343e-06,4.755454730128383,186.44576863889318,0.3875803323409318,0.5237559684693344,0.6247854847593386,4.77689328956354,189.90431991165755,0.021438559435157982,3.458551272764398,7
llama,offkd,40,E_if,14,0.025,958.7142857142857,966.7142857142857,8.0,0.010560941491708596,0.024968264640333814,0.025052190608729357,3.173535966618522e-05,5.219060872935618e-05,2.8109912283714217e-05,4.755454730128383,186.44576863889318,0.3875803323409318,0.5237559684693344,0.6247854847593386,4.77689328956354,189.90431991165755,0.021438559435157982,3.458551272764398,7
llama,offkd,40,E_if,14,0.05,683.8571428571429,691.2857142857143,7.428571428571429,0.014788635880968027,0.04995322931889867,0.0501439014215383,4.677068110133361e-05,0.00014390142153829718,3.863956543169654e-05,4.755454730128383,186.44576863889318,0.3875803323409318,0.5237559684693344,0.6247854847593386,4.77689328956354,189.90431991165755,0.021438559435157982,3.458551272764398,7
llama,offkd,40,E_if,14,0.1,430.14285714285717,435.7142857142857,5.571428571428571,0.015053957671962905,0.09966131911576682,0.10029039805349622,0.0003386808842331846,0.0002903980534962186,0.00026551764698778756,4.755454730128383,186.44576863889318,0.3875803323409318,0.5237559684693344,0.6247854847593386,4.77689328956354,189.90431991165755,0.021438559435157982,3.458551272764398,7
llama,offkd,40,E_math,14,0.01,699.1428571428571,701.7142857142857,2.5714285714285716,0.0048915909724583356,0.009981726230789268,0.010030750377903472,1.8273769210732757e-05,3.075037790347094e-05,1.3399245154532091e-05,4.749779231099067,114.34655449077505,0.3934800035898257,0.5427295992960165,0.6639613272837215,4.781656550492651,114.75218677756007,0.03187731939358437,0.4056322867850267,7
llama,offkd,40,E_math,14,0.025,493.2857142857143,495.14285714285717,1.8571428571428572,0.005386522191510459,0.02493461638776891,0.025061404553376986,6.538361223109043e-05,6.140455337698166e-05,3.2184846916996435e-05,4.749779231099067,114.34655449077505,0.3934800035898257,0.5427295992960165,0.6639613272837215,4.781656550492651,114.75218677756007,0.03187731939358437,0.4056322867850267,7
llama,offkd,40,E_math,14,0.05,344.14285714285717,345.42857142857144,1.2857142857142858,0.007580861746536336,0.04985885320847812,0.05015877119132205,0.00014114679152188347,0.00015877119132205245,8.943321708533073e-05,4.749779231099067,114.34655449077505,0.3934800035898257,0.5427295992960165,0.6639613272837215,4.781656550492651,114.75218677756007,0.03187731939358437,0.4056322867850267,7
llama,offkd,40,E_math,14,0.1,212.57142857142858,213.14285714285714,0.5714285714285714,0.006122620355095953,0.09968469929672795,0.10055326707712549,0.00031530070327206213,0.0005532670771254808,0.00022779577343286228,4.749779231099067,114.34655449077505,0.3934800035898257,0.5427295992960165,0.6639613272837215,4.781656550492651,114.75218677756007,0.03187731939358437,0.4056322867850267,7
llama,offkd,40,E_ood,14,0.01,1338.142857142857,1343.5714285714287,5.428571428571429,0.005709308030656676,0.009975994658140355,0.010014237342020824,2.400534185964432e-05,1.4237342020822655e-05,9.287553494233022e-06,5.773330903302363,209.37079908246076,0.3690532800557899,0.5244361149379405,0.6184365003163735,5.847751852800548,211.75172134221944,0.07442094949818553,2.3809222597586603,7
llama,offkd,40,E_ood,14,0.025,987.1428571428571,992.7142857142857,5.571428571428571,0.008840709997609737,0.024953510302036876,0.02503928110500867,4.6489697963123564e-05,3.928110500866956e-05,2.5681538697333384e-05,5.773330903302363,209.37079908246076,0.3690532800557899,0.5244361149379405,0.6184365003163735,5.847751852800548,211.75172134221944,0.07442094949818553,2.3809222597586603,7
llama,offkd,40,E_ood,14,0.05,712.7142857142857,717.4285714285714,4.714285714285714,0.012084911119022853,0.04991910257005081,0.0501212663465613,8.089742994919075e-05,0.00012126634656129636,4.996915980119203e-05,5.773330903302363,209.37079908246076,0.3690532800557899,0.5244361149379405,0.6184365003163735,5.847751852800548,211.75172134221944,0.07442094949818553,2.3809222597586603,7
llama,offkd,40,E_ood,14,0.1,458.2857142857143,461.85714285714283,3.5714285714285716,0.012353153376019431,0.09982050267642918,0.1004898378049219,0.00017949732357081766,0.0004898378049218999,0.0001671405911650278,5.773330903302363,209.37079908246076,0.3690532800557899,0.5244361149379405,0.6184365003163735,5.847751852800548,211.75172134221944,0.07442094949818553,2.3809222597586603,7
llama,offkd,80,E_general,14,0.01,1391.0,1393.7142857142858,2.7142857142857144,0.0038934454240174047,0.009979210226108816,0.010019046797458525,2.0789773891183504e-05,1.9046797458524556e-05,9.201692434972308e-06,7.873657829820331,301.8557104922505,0.35097260488779414,0.4713497513035027,0.5709540157394487,7.9667951484733175,302.6426772076835,0.0931373186529852,0.7869667154330345,7
llama,offkd,80,E_general,14,0.025,1048.142857142857,1050.7142857142858,2.5714285714285716,0.006011794697211646,0.024951809916951777,0.025036503236671125,4.8190083048227066e-05,3.6503236671126876e-05,1.962174438176994e-05,7.873657829820331,301.8557104922505,0.35097260488779414,0.4713497513035027,0.5709540157394487,7.9667951484733175,302.6426772076835,0.0931373186529852,0.7869667154330345,7
llama,offkd,80,E_general,14,0.05,774.2857142857143,776.2857142857143,2.0,0.007720666772654827,0.04990765565213997,0.05008958083811115,9.234434786002764e-05,8.958083811114974e-05,4.344512536696789e-05,7.873657829820331,301.8557104922505,0.35097260488779414,0.4713497513035027,0.5709540157394487,7.9667951484733175,302.6426772076835,0.0931373186529852,0.7869667154330345,7
llama,offkd,80,E_general,14,0.1,516.1428571428571,517.2857142857143,1.1428571428571428,0.007438400490567483,0.09960521122675628,0.1001973221228745,0.0003947887732437261,0.00019732212287449407,8.280271024292685e-05,7.873657829820331,301.8557104922505,0.35097260488779414,0.4713497513035027,0.5709540157394487,7.9667951484733175,302.6426772076835,0.0931373186529852,0.7869667154330345,7
llama,offkd,80,E_if,14,0.01,1309.857142857143,1319.857142857143,10.0,0.009670737821255862,0.009975686304635929,0.010012843214077792,2.431369536407065e-05,1.2843214077791437e-05,5.080163481851881e-06,4.713053957843914,184.879247167533,0.3883746190478451,0.5246008971891187,0.6256379643302552,4.77689328956354,189.90431991165755,0.06383933171962582,5.025072744124544,7
llama,offkd,80,E_if,14,0.025,956.5714285714286,966.7142857142857,10.142857142857142,0.014282424091292973,0.024968604207475688,0.02505269250822168,3.139579252431258e-05,5.269250822167954e-05,2.1860335835668337e-05,4.713053957843914,184.879247167533,0.3883746190478451,0.5246008971891187,0.6256379643302552,4.77689328956354,189.90431991165755,0.06383933171962582,5.025072744124544,7
llama,offkd,80,E_if,14,0.05,682.1428571428571,691.2857142857143,9.142857142857142,0.019904535733399918,0.04994354747750938,0.050137172331711166,5.6452522490631606e-05,0.00013717233171116238,4.403088874832044e-05,4.713053957843914,184.879247167533,0.3883746190478451,0.5246008971891187,0.6256379643302552,4.77689328956354,189.90431991165755,0.06383933171962582,5.025072744124544,7
llama,offkd,80,E_if,14,0.1,428.85714285714283,435.7142857142857,6.857142857142857,0.019038469257869985,0.09958811745941076,0.10022152693872576,0.0004118825405892483,0.0002215269387257476,0.0002215269387257476,4.713053957843914,184.879247167533,0.3883746190478451,0.5246008971891187,0.6256379643302552,4.77689328956354,189.90431991165755,0.06383933171962582,5.025072744124544,7
llama,offkd,80,E_math,14,0.01,696.8571428571429,701.7142857142857,4.857142857142857,0.009001307383896557,0.009980140307851989,0.010029177776108237,1.9859692148011324e-05,2.917777610823747e-05,1.3208059796923533e-05,4.673433935863469,112.81898646609696,0.3949259158170168,0.5445984873527783,0.6657260296390844,4.781656550492651,114.75218677756007,0.10822261462918334,1.9332003114631051,7
llama,offkd,80,E_math,14,0.025,491.2857142857143,495.14285714285717,3.857142857142857,0.011012906060548123,0.02490377428457224,0.02503075490107708,9.622571542775958e-05,3.0754901077077933e-05,2.092464038852846e-05,4.673433935863469,112.81898646609696,0.3949259158170168,0.5445984873527783,0.6657260296390844,4.781656550492651,114.75218677756007,0.10822261462918334,1.9332003114631051,7
llama,offkd,80,E_math,14,0.05,342.14285714285717,345.42857142857144,3.2857142857142856,0.016262713000099283,0.04988063436380575,0.050182543404287676,0.00011936563619425427,0.0001825434042876701,9.600228516761154e-05,4.673433935863469,112.81898646609696,0.3949259158170168,0.5445984873527783,0.6657260296390844,4.781656550492651,114.75218677756007,0.10822261462918334,1.9332003114631051,7
llama,offkd,80,E_math,14,0.1,211.42857142857142,213.14285714285714,1.7142857142857142,0.01162356129525606,0.09944922870911863,0.10032176314530268,0.000550771290881386,0.0003217631453026615,0.00017934673849698268,4.673433935863469,112.81898646609696,0.3949259158170168,0.5445984873527783,0.6657260296390844,4.781656550492651,114.75218677756007,0.10822261462918334,1.9332003114631051,7
llama,offkd,80,E_ood,14,0.01,1335.2857142857142,1343.5714285714287,8.285714285714286,0.008765339522474646,0.00997639363822952,0.010014695773919146,2.3606361770481055e-05,1.469577391914686e-05,9.945273853652595e-06,5.701374137504387,206.77625845274883,0.3697197526290071,0.5258675097080127,0.6199673416527913,5.847751852800548,211.75172134221944,0.1463777152961612,4.975462889470604,7
llama,offkd,80,E_ood,14,0.025,984.2857142857143,992.7142857142857,8.428571428571429,0.013149355357549191,0.024937669364759836,0.0250234735909392,6.233063524016634e-05,2.3473590939198908e-05,1.8649435155726974e-05,5.701374137504387,206.77625845274883,0.3697197526290071,0.5258675097080127,0.6199673416527913,5.847751852800548,211.75172134221944,0.1463777152961612,4.975462889470604,7
llama,offkd,80,E_ood,14,0.05,710.0,717.4285714285714,7.428571428571429,0.018419742115253043,0.04992942084498336,0.05013266396890487,7.05791550166386e-05,0.00013266396890486719,5.7508429466753595e-05,5.701374137504387,206.77625845274883,0.3697197526290071,0.5258675097080127,0.6199673416527913,5.847751852800548,211.75172134221944,0.1463777152961612,4.975462889470604,7
llama,offkd,80,E_ood,14,0.1,456.14285714285717,461.85714285714283,5.714285714285714,0.01800263994605607,0.09975052152313715,0.10042283764219462,0.0002494784768628502,0.0004228376421946123,0.0002494784768628502,5.701374137504387,206.77625845274883,0.3697197526290071,0.5258675097080127,0.6199673416527913,5.847751852800548,211.75172134221944,0.1463777152961612,4.975462889470604,7
llama,opd,20,E_general,14,0.01,1384.142857142857,1393.7142857142858,9.571428571428571,0.007208302114321107,0.00998061361624535,0.010020305568821412,1.9386383754650037e-05,2.030556882141133e-05,1.583155681077247e-05,7.466547619080143,291.3333664249103,0.35435565313392914,0.4763546646508034,0.5760648989222609,7.9667951484733175,302.6426772076835,0.5002475293931747,11.30931078277323,7
llama,opd,20,E_general,14,0.025,1040.7142857142858,1050.7142857142858,10.0,0.011032751632550965,0.024969212189997505,0.02505356109322835,3.078781000249898e-05,5.356109322835122e-05,1.6866734181196795e-05,7.466547619080143,291.3333664249103,0.35435565313392914,0.4763546646508034,0.5760648989222609,7.9667951484733175,302.6426772076835,0.5002475293931747,11.30931078277323,7
llama,opd,20,E_general,14,0.05,767.2857142857143,776.2857142857143,9.0,0.013745652552915944,0.049875152350453,0.05005686865733262,0.00012484764954699888,5.686865733262246e-05,5.686865733262246e-05,7.466547619080143,291.3333664249103,0.35435565313392914,0.4763546646508034,0.5760648989222609,7.9667951484733175,302.6426772076835,0.5002475293931747,11.30931078277323,7
llama,opd,20,E_general,14,0.1,509.42857142857144,517.2857142857143,7.857142857142857,0.020254446577387897,0.09969376538123413,0.10028267585104296,0.0003062346187658664,0.00028267585104294654,0.00018164962736388703,7.466547619080143,291.3333664249103,0.35435565313392914,0.4763546646508034,0.5760648989222609,7.9667951484733175,302.6426772076835,0.5002475293931747,11.30931078277323,7
llama,opd,20,E_if,14,0.01,1302.142857142857,1319.857142857143,17.714285714285715,0.013936420357796254,0.009978081969892178,0.010015125004024728,2.191803010782148e-05,1.512500402472922e-05,8.040609804900109e-06,4.47511164447763,176.7554005980048,0.39487270535024305,0.5309071389647952,0.6305298721790108,4.77689328956354,189.90431991165755,0.3017816450859101,13.148919313652783,7
llama,opd,20,E_if,14,0.025,949.1428571428571,966.7142857142857,17.571428571428573,0.01986725328609425,0.024956285648167344,0.025040239847454855,4.3714351832658495e-05,4.023984745485277e-05,2.076162428576306e-05,4.47511164447763,176.7554005980048,0.39487270535024305,0.5309071389647952,0.6305298721790108,4.77689328956354,189.90431991165755,0.3017816450859101,13.148919313652783,7
llama,opd,20,E_if,14,0.05,675.2857142857143,691.2857142857143,16.0,0.02777228646914987,0.049907939105207674,0.05010068822160526,9.20608947923275e-05,0.00010068822160525851,3.7209451220430414e-05,4.47511164447763,176.7554005980048,0.39487270535024305,0.5309071389647952,0.6305298721790108,4.77689328956354,189.90431991165755,0.3017816450859101,13.148919313652783,7
llama,opd,20,E_if,14,0.1,422.85714285714283,435.7142857142857,12.857142857142858,0.037135552533049794,0.09962490034566071,0.10025417756898825,0.00037509965433930474,0.00025417756898824174,0.00016938087574820286,4.47511164447763,176.7554005980048,0.39487270535024305,0.5309071389647952,0.6305298721790108,4.77689328956354,189.90431991165755,0.3017816450859101,13.148919313652783,7
llama,opd,20,E_math,14,0.01,686.7142857142857,701.7142857142857,15.0,0.022370353816318623,0.00997485525624922,0.010023905876807357,2.5144743750781955e-05,2.3905876807356293e-05,1.821067048175608e-05,4.353400749382932,105.76025828949051,0.403784365217594,0.5543741798688361,0.6743345788395747,4.781656550492651,114.75218677756007,0.42825580110971956,8.991928488069558,7
llama,opd,20,E_math,14,0.025,481.42857142857144,495.14285714285717,13.714285714285714,0.03072426354266606,0.024958499418239133,0.025086259926018244,4.15005817608705e-05,8.625992601824348e-05,3.283598602671257e-05,4.353400749382932,105.76025828949051,0.403784365217594,0.5543741798688361,0.6743345788395747,4.781656550492651,114.75218677756007,0.42825580110971956,8.991928488069558,7
llama,opd,20,E_math,14,0.05,333.85714285714283,345.42857142857144,11.571428571428571,0.040697522427872994,0.049889594388977054,0.050193290971923314,0.00011040561102294646,0.00019329097192330745,6.48269266743751e-05,4.353400749382932,105.76025828949051,0.403784365217594,0.5543741798688361,0.6743345788395747,4.781656550492651,114.75218677756007,0.42825580110971956,8.991928488069558,7
llama,opd,20,E_math,14,0.1,204.71428571428572,213.14285714285714,8.428571428571429,0.046924874499712214,0.09937399456447894,0.10025165128058011,0.0006260054355210606,0.00025165128058010833,0.00014343331486648441,4.353400749382932,105.76025828949051,0.403784365217594,0.5543741798688361,0.6743345788395747,4.781656550492651,114.75218677756007,0.42825580110971956,8.991928488069558,7
llama,opd,20,E_ood,14,0.01,1327.142857142857,1343.5714285714287,16.428571428571427,0.012395663924630169,0.00997957960597312,0.010017652253759491,2.042039402688147e-05,1.7652253759491044e-05,1.097524807665681e-05,5.460722991033539,199.67550591986938,0.37487514258456806,0.5301004449041907,0.6240934533165584,5.847751852800548,211.75172134221944,0.38702886176700874,12.076215422350087,7
llama,opd,20,E_ood,14,0.025,975.2857142857143,992.7142857142857,17.428571428571427,0.01914680196007663,0.02495734081152538,0.025042938154974746,4.26591884746188e-05,4.293815497474614e-05,2.7244382909529657e-05,5.460722991033539,199.67550591986938,0.37487514258456806,0.5301004449041907,0.6240934533165584,5.847751852800548,211.75172134221944,0.38702886176700874,12.076215422350087,7
llama,opd,20,E_ood,14,0.05,701.7142857142857,717.4285714285714,15.714285714285714,0.027909999685401286,0.049940275235517154,0.05014125970229705,5.972476448284517e-05,0.00014125970229704167,2.817114281282352e-05,5.460722991033539,199.67550591986938,0.37487514258456806,0.5301004449041907,0.6240934533165584,5.847751852800548,211.75172134221944,0.38702886176700874,12.076215422350087,7
llama,opd,20,E_ood,14,0.1,449.42857142857144,461.85714285714283,12.428571428571429,0.03383233579511688,0.09969884349089049,0.10036332189863176,0.00030115650910951926,0.00036332189863176205,0.00019298762163408312,5.460722991033539,199.67550591986938,0.37487514258456806,0.5301004449041907,0.6240934533165584,5.847751852800548,211.75172134221944,0.38702886176700874,12.076215422350087,7
llama,opd,40,E_general,14,0.01,1381.4285714285713,1393.7142857142858,12.285714285714286,0.009572716007872833,0.009984504894391706,0.010024153293515387,1.5495105608293977e-05,2.415329351538533e-05,1.4277894558710133e-05,7.493940704135733,291.18475445101194,0.3542258721533211,0.4765783942804739,0.5765036171455694,7.9667951484733175,302.6426772076835,0.47285444433758367,11.457922756671596,7
llama,opd,40,E_general,14,0.025,1038.2857142857142,1050.7142857142858,12.428571428571429,0.013812663806034712,0.024943903004792548,0.025028271061365716,5.6096995207454166e-05,2.8271061365715438e-05,2.0658158443263258e-05,7.493940704135733,291.18475445101194,0.3542258721533211,0.4765783942804739,0.5765036171455694,7.9667951484733175,302.6426772076835,0.47285444433758367,11.457922756671596,7
llama,opd,40,E_general,14,0.05,764.7142857142857,776.2857142857143,11.571428571428571,0.01901908233880944,0.04993614171882349,0.05011889662274679,6.38582811765126e-05,0.00011889662274678399,3.995862291571074e-05,7.493940704135733,291.18475445101194,0.3542258721533211,0.4765783942804739,0.5765036171455694,7.9667951484733175,302.6426772076835,0.47285444433758367,11.457922756671596,7
llama,opd,40,E_general,14,0.1,507.7142857142857,517.2857142857143,9.571428571428571,0.02374659269347142,0.09961590812841192,0.10020375090373639,0.00038409187158808055,0.00020375090373638588,0.00014040322127753524,7.493940704135733,291.18475445101194,0.3542258721533211,0.4765783942804739,0.5765036171455694,7.9667951484733175,302.6426772076835,0.47285444433758367,11.457922756671596,7
llama,opd,40,E_if,14,0.01,1296.2857142857142,1319.857142857143,23.571428571428573,0.019147475105609848,0.009983166912559373,0.010020106103435414,1.6833087440626245e-05,2.0106103435412908e-05,1.0976979857714156e-05,4.47813475079507,175.2343302929285,0.39464117817358074,0.5320785763400353,0.6321118073546017,4.77689328956354,189.90431991165755,0.29875853876846964,14.669989618729058,7
llama,opd,40,E_if,14,0.025,943.0,966.7142857142857,23.714285714285715,0.02723168514330713,0.024950430999965932,0.025034384490517307,4.956900003407076e-05,3.4384490517304754e-05,2.5179216394495253e-05,4.47813475079507,175.2343302929285,0.39464117817358074,0.5320785763400353,0.6321118073546017,4.77689328956354,189.90431991165755,0.29875853876846964,14.669989618729058,7
llama,opd,40,E_if,14,0.05,669.8571428571429,691.2857142857143,21.428571428571427,0.037334860502978504,0.0498998441819221,0.05009321195500143,0.00010015581807790561,9.321195500142396e-05,5.4044726338810643e-05,4.47813475079507,175.2343302929285,0.39464117817358074,0.5320785763400353,0.6321118073546017,4.77689328956354,189.90431991165755,0.29875853876846964,14.669989618729058,7
llama,opd,40,E_if,14,0.1,418.57142857142856,435.7142857142857,17.142857142857142,0.0474972398502244,0.09964106552846093,0.10027738900060809,0.0003589344715390868,0.0002773890006080879,0.0002208766654498389,4.47813475079507,175.2343302929285,0.39464117817358074,0.5320785763400353,0.6321118073546017,4.77689328956354,189.90431991165755,0.29875853876846964,14.669989618729058,7
llama,opd,40,E_math,14,0.01,683.5714285714286,701.7142857142857,18.142857142857142,0.02668186274482111,0.009969604126378942,0.0100186640946382,3.039587362105895e-05,1.8664094638201375e-05,1.0434972267064368e-05,4.442641040078869,106.31698643148313,0.4015001474496694,0.553473419591364,0.6744908139243986,4.781656550492651,114.75218677756007,0.33901551041378264,8.435200346076938,7
llama,opd,40,E_math,14,0.025,479.0,495.14285714285717,16.142857142857142,0.03457835206943768,0.02492641410247102,0.02505409886052789,7.358589752898171e-05,5.40988605278855e-05,2.9214700113046034e-05,4.442641040078869,106.31698643148313,0.4015001474496694,0.553473419591364,0.6744908139243986,4.781656550492651,114.75218677756007,0.33901551041378264,8.435200346076938,7
llama,opd,40,E_math,14,0.05,332.0,345.42857142857144,13.428571428571429,0.04489771451556101,0.04987339997663386,0.050178436985527194,0.0001266000233661399,0.00017843698552718771,7.441647377973445e-05,4.442641040078869,106.31698643148313,0.4015001474496694,0.553473419591364,0.6744908139243986,4.781656550492651,114.75218677756007,0.33901551041378264,8.435200346076938,7
llama,opd,40,E_math,14,0.1,203.42857142857142,213.14285714285714,9.714285714285714,0.05408062819355025,0.09954093510831986,0.10042325313665505,0.00045906489168013757,0.0004232531366550508,0.00017119861907297283,4.442641040078869,106.31698643148313,0.4015001474496694,0.553473419591364,0.6744908139243986,4.781656550492651,114.75218677756007,0.33901551041378264,8.435200346076938,7
llama,opd,40,E_ood,14,0.01,1321.5714285714287,1343.5714285714287,22.0,0.016982607897977283,0.009982532638332094,0.01002057430134398,1.746736166790711e-05,2.0574301343978924e-05,5.3769248617520556e-06,5.524141355123476,199.00466011972551,0.37393434741877263,0.5308351992685382,0.6250680541486098,5.847751852800548,211.75172134221944,0.32361049767707284,12.747061222493913,7
llama,opd,40,E_ood,14,0.025,969.8571428571429,992.7142857142857,22.857142857142858,0.02578761002487354,0.02497393315283537,0.025059599854270944,2.6066847164630297e-05,5.959985427094115e-05,1.5142391142484208e-05,5.524141355123476,199.00466011972551,0.37393434741877263,0.5308351992685382,0.6250680541486098,5.847751852800548,211.75172134221944,0.32361049767707284,12.747061222493913,7
llama,opd,40,E_ood,14,0.05,697.1428571428571,717.4285714285714,20.285714285714285,0.03465737166443904,0.049890845727817365,0.0500926685283581,0.0001091542721826427,9.266852835810144e-05,8.036076760401661e-05,5.524141355123476,199.00466011972551,0.37393434741877263,0.5308351992685382,0.6250680541486098,5.847751852800548,211.75172134221944,0.32361049767707284,12.747061222493913,7
llama,opd,40,E_ood,14,0.1,445.85714285714283,461.85714285714283,16.0,0.04035297873606774,0.09953077106381034,0.10019376217743793,0.00046922893618967155,0.00019376217743792359,0.00011231429030720512,5.524141355123476,199.00466011972551,0.37393434741877263,0.5308351992685382,0.6250680541486098,5.847751852800548,211.75172134221944,0.32361049767707284,12.747061222493913,7
llama,opd,80,E_general,14,0.01,1379.7142857142858,1393.7142857142858,14.0,0.011101640149203505,0.009976387598717483,0.010015967741278404,2.3612401282515636e-05,1.5967741278404895e-05,8.314807349866365e-06,7.5007246297598735,290.4972296293369,0.3540281999017591,0.4766973011886387,0.5768399613158097,7.9667951484733175,302.6426772076835,0.4660705187134438,12.145447578346605,7
llama,opd,80,E_general,14,0.025,1036.2857142857142,1050.7142857142858,14.428571428571429,0.016631433748013135,0.024963813659221023,0.025048416269818265,3.618634077897801e-05,4.841626981826251e-05,2.3471663672838517e-05,7.5007246297598735,290.4972296293369,0.3540281999017591,0.4766973011886387,0.5768399613158097,7.9667951484733175,302.6426772076835,0.4660705187134438,12.145447578346605,7
llama,opd,80,E_general,14,0.05,763.2857142857143,776.2857142857143,13.0,0.021549449039947394,0.049908277231169536,0.050091130211234146,9.172276883046402e-05,9.113021123414305e-05,6.329885617365808e-05,7.5007246297598735,290.4972296293369,0.3540281999017591,0.4766973011886387,0.5768399613158097,7.9667951484733175,302.6426772076835,0.4660705187134438,12.145447578346605,7
llama,opd,80,E_general,14,0.1,506.42857142857144,517.2857142857143,10.857142857142858,0.02917153894549464,0.09977757667341391,0.10037135141796415,0.00022242332658609285,0.0003713514179641335,0.00017165861806239007,7.5007246297598735,290.4972296293369,0.3540281999017591,0.4766973011886387,0.5768399613158097,7.9667951484733175,302.6426772076835,0.4660705187134438,12.145447578346605,7
llama,opd,80,E_if,14,0.01,1293.2857142857142,1319.857142857143,26.571428571428573,0.02181438476550148,0.00998248737048114,0.010019438808786708,1.7512629518859446e-05,1.9438808786706847e-05,1.35991110803875e-05,4.494984469342842,174.56479957231767,0.3937372917403051,0.5322911548429536,0.6325974688850777,4.77689328956354,189.90431991165755,0.2819088202206986,15.339520339339895,7
llama,opd,80,E_if,14,0.025,940.1428571428571,966.7142857142857,26.571428571428573,0.03095561285614786,0.024963754602672566,0.025047941315152557,3.624539732743507e-05,4.7941315152557575e-05,1.8387264983686945e-05,4.494984469342842,174.56479957231767,0.3937372917403051,0.5322911548429536,0.6325974688850777,4.77689328956354,189.90431991165755,0.2819088202206986,15.339520339339895,7
llama,opd,80,E_if,14,0.05,667.4285714285714,691.2857142857143,23.857142857142858,0.04095364551848031,0.049899841747707334,0.05009387500283544,0.00010015825229267087,9.387500283543746e-05,5.940541412687711e-05,4.494984469342842,174.56479957231767,0.3937372917403051,0.5322911548429536,0.6325974688850777,4.77689328956354,189.90431991165755,0.2819088202206986,15.339520339339895,7
llama,opd,80,E_if,14,0.1,416.7142857142857,435.7142857142857,19.0,0.0511084071160221,0.09968809643066544,0.10032890769309058,0.00031190356933456987,0.00032890769309058224,0.00023181375754344996,4.494984469342842,174.56479957231767,0.3937372917403051,0.5322911548429536,0.6325974688850777,4.77689328956354,189.90431991165755,0.2819088202206986,15.339520339339895,7
llama,opd,80,E_math,14,0.01,682.4285714285714,701.7142857142857,19.285714285714285,0.02898466558730523,0.0099750921347798,0.01002423380469825,2.49078652202004e-05,2.4233804698249e-05,1.0756971320958347e-05,4.460355567692415,106.34081368108889,0.40034762429607496,0.5528762291620068,0.6743941591049908,4.781656550492651,114.75218677756007,0.3213009828002367,8.411373096471188,7
llama,opd,80,E_math,14,0.025,478.14285714285717,495.14285714285717,17.0,0.03752445698828462,0.024958928953342303,0.025087908406905064,4.1071046657698206e-05,8.790840690506384e-05,1.8044462589881872e-05,4.460355567692415,106.34081368108889,0.40034762429607496,0.5528762291620068,0.6743941591049908,4.781656550492651,114.75218677756007,0.3213009828002367,8.411373096471188,7
llama,opd,80,E_math,14,0.05,331.42857142857144,345.42857142857144,14.0,0.047059415620016386,0.049897982985549226,0.05020340356711621,0.0001020170144507738,0.000203403567116205,7.113923796479056e-05,4.460355567692415,106.34081368108889,0.40034762429607496,0.5528762291620068,0.6743941591049908,4.781656550492651,114.75218677756007,0.3213009828002367,8.411373096471188,7
llama,opd,80,E_math,14,0.1,203.14285714285714,213.14285714285714,10.0,0.054839744853288026,0.09964862458495757,0.1005363188241278,0.00035137541504243197,0.0005363188241277779,0.00029449482519098923,4.460355567692415,106.34081368108889,0.40034762429607496,0.5528762291620068,0.6743941591049908,4.781656550492651,114.75218677756007,0.3213009828002367,8.411373096471188,7
llama,opd,80,E_ood,14,0.01,1316.857142857143,1343.5714285714287,26.714285714285715,0.0211238416188525,0.009975119442352503,0.010012954689916758,2.488055764749806e-05,1.2954689916758436e-05,9.201221478078042e-06,5.459108741796113,196.58748423852282,0.374041512400054,0.5317523857396675,0.6265137409716807,5.847751852800548,211.75172134221944,0.3886431110044346,15.164237103696623,7
llama,opd,80,E_ood,14,0.025,965.1428571428571,992.7142857142857,27.571428571428573,0.031008176784632104,0.024945991288068348,0.025031746041219567,5.4008711931655225e-05,3.1746041219563635e-05,2.153657292250366e-05,5.459108741796113,196.58748423852282,0.374041512400054,0.5317523857396675,0.6265137409716807,5.847751852800548,211.75172134221944,0.3886431110044346,15.164237103696623,7
llama,opd,80,E_ood,14,0.05,692.7142857142857,717.4285714285714,24.714285714285715,0.041146958403998735,0.049879561732217206,0.05008132458158423,0.00012043826778279544,8.132458158423185e-05,4.7966091788027064e-05,5.459108741796113,196.58748423852282,0.374041512400054,0.5317523857396675,0.6265137409716807,5.847751852800548,211.75172134221944,0.3886431110044346,15.164237103696623,7
llama,opd,80,E_ood,14,0.1,442.42857142857144,461.85714285714283,19.428571428571427,0.04626703780332557,0.09948128914097547,0.10014842604138997,0.0005187108590245317,0.0001484260413899739,6.830365930009638e-05,5.459108741796113,196.58748423852282,0.374041512400054,0.5317523857396675,0.6265137409716807,5.847751852800548,211.75172134221944,0.3886431110044346,15.164237103696623,7
llama,seqkd,20,E_general,14,0.01,1394.0,1393.7142857142858,-0.2857142857142857,0.0005748386282327927,0.00997153775225749,0.010011419897869966,2.84622477425122e-05,1.141989786996574e-05,5.461675978438907e-06,7.968279867190931,303.4063507728144,0.3503818805529866,0.47101213397502245,0.5705537651820409,7.9667951484733175,302.6426772076835,-0.001484718717614226,-0.7636735651308787,7
llama,seqkd,20,E_general,14,0.025,1050.7142857142858,1050.7142857142858,0.0,0.0017383925472503736,0.02497460255158443,0.02505924869598237,2.539744841557146e-05,5.9248695982372766e-05,2.1164051404558787e-05,7.968279867190931,303.4063507728144,0.3503818805529866,0.47101213397502245,0.5705537651820409,7.9667951484733175,302.6426772076835,-0.001484718717614226,-0.7636735651308787,7
llama,seqkd,20,E_general,14,0.05,776.8571428571429,776.2857142857143,-0.5714285714285714,0.0002641673896150351,0.04988734479929878,0.05006834979586267,0.00011265520070122766,6.834979586267466e-05,1.909718389673084e-05,7.968279867190931,303.4063507728144,0.3503818805529866,0.47101213397502245,0.5705537651820409,7.9667951484733175,302.6426772076835,-0.001484718717614226,-0.7636735651308787,7
llama,seqkd,20,E_general,14,0.1,517.5714285714286,517.2857142857143,-0.2857142857142857,0.0022688107165227856,0.09975876265232062,0.10034265319936311,0.0002412373476793925,0.0003426531993631077,0.00018417160854334154,7.968279867190931,303.4063507728144,0.3503818805529866,0.47101213397502245,0.5705537651820409,7.9667951484733175,302.6426772076835,-0.001484718717614226,-0.7636735651308787,7
llama,seqkd,20,E_if,14,0.01,1312.5714285714287,1319.857142857143,7.285714285714286,0.007096852404667794,0.009982808809691103,0.010020015330592963,1.71911903088966e-05,2.0015330592963185e-05,1.1309788914796112e-05,4.747546894477828,185.93641825865572,0.38826885691686736,0.5243704562111047,0.6252623135815696,4.77689328956354,189.90431991165755,0.029346395085712525,3.9679016530018587,7
llama,seqkd,20,E_if,14,0.025,959.2857142857143,966.7142857142857,7.428571428571429,0.009986873025779283,0.024956220543133473,0.025040074644918732,4.377945686652798e-05,4.0074644918731574e-05,3.189641028856156e-05,4.747546894477828,185.93641825865572,0.38826885691686736,0.5243704562111047,0.6252623135815696,4.77689328956354,189.90431991165755,0.029346395085712525,3.9679016530018587,7
llama,seqkd,20,E_if,14,0.05,684.2857142857143,691.2857142857143,7.0,0.014116381407210127,0.04992358016983178,0.05011403724751002,7.641983016821809e-05,0.00011403724751001484,5.9474022239513637e-05,4.747546894477828,185.93641825865572,0.38826885691686736,0.5243704562111047,0.6252623135815696,4.77689328956354,189.90431991165755,0.029346395085712525,3.9679016530018587,7
llama,seqkd,20,E_if,14,0.1,430.14285714285717,435.7142857142857,5.571428571428571,0.014978613583656918,0.09960074757550146,0.10022644751706387,0.00039925242449854813,0.0002264475170638745,0.00015920836557892622,4.747546894477828,185.93641825865572,0.38826885691686736,0.5243704562111047,0.6252623135815696,4.77689328956354,189.90431991165755,0.029346395085712525,3.9679016530018587,7
llama,seqkd,20,E_math,14,0.01,700.8571428571429,701.7142857142857,0.8571428571428571,0.0019347347884929066,0.009978403777947436,0.010027268808198533,2.159622205256529e-05,2.726880819853333e-05,1.4158017973034745e-05,4.784527298257855,114.90999574740603,0.3933716071800656,0.5424982916994797,0.6635070115410099,4.781656550492651,114.75218677756007,-0.0028707477652032093,-0.1578089698459524,7
llama,seqkd,20,E_math,14,0.025,494.85714285714283,495.14285714285717,0.2857142857142857,0.0013793898892065638,0.02491707701128078,0.02504395240443102,8.292298871922371e-05,4.3952404431019804e-05,1.8426538178798112e-05,4.784527298257855,114.90999574740603,0.3933716071800656,0.5424982916994797,0.6635070115410099,4.781656550492651,114.75218677756007,-0.0028707477652032093,-0.1578089698459524,7
llama,seqkd,20,E_math,14,0.05,345.14285714285717,345.42857142857144,0.2857142857142857,0.00449058911706614,0.04990538709339999,0.0502047151520611,9.46129066000112e-05,0.00020471515206109205,5.3088583246063294e-05,4.784527298257855,114.90999574740603,0.3933716071800656,0.5424982916994797,0.6635070115410099,4.781656550492651,114.75218677756007,-0.0028707477652032093,-0.1578089698459524,7
llama,seqkd,20,E_math,14,0.1,213.28571428571428,213.14285714285714,-0.14285714285714285,0.0017127208786481187,0.09964667089672308,0.1005093307285497,0.00035332910327693013,0.0005093307285496891,0.00028002426290314145,4.784527298257855,114.90999574740603,0.3933716071800656,0.5424982916994797,0.6635070115410099,4.781656550492651,114.75218677756007,-0.0028707477652032093,-0.1578089698459524,7
llama,seqkd,20,E_ood,14,0.01,1341.857142857143,1343.5714285714287,1.7142857142857142,0.002735961827925479,0.009979718551686317,0.01001810537768608,2.028144831368327e-05,1.8105377686079738e-05,8.77255332951975e-06,5.817852828558212,210.7151327777487,0.36892944140360984,0.5240645157593306,0.6177154187116111,5.847751852800548,211.75172134221944,0.02989902424233648,1.0365885644707538,7
llama,seqkd,20,E_ood,14,0.025,991.0,992.7142857142857,1.7142857142857142,0.0038541033804946447,0.024960434472906967,0.025046445766308465,3.9565527093035226e-05,4.644576630846224e-05,2.2253571927568156e-05,5.817852828558212,210.7151327777487,0.36892944140360984,0.5240645157593306,0.6177154187116111,5.847751852800548,211.75172134221944,0.02989902424233648,1.0365885644707538,7
llama,seqkd,20,E_ood,14,0.05,716.0,717.4285714285714,1.4285714285714286,0.004888603213005831,0.049886376917690996,0.05008650042788706,0.00011362308230900802,8.650042788705641e-05,5.8484369152215263e-05,5.817852828558212,210.7151327777487,0.36892944140360984,0.5240645157593306,0.6177154187116111,5.847751852800548,211.75172134221944,0.02989902424233648,1.0365885644707538,7
llama,seqkd,20,E_ood,14,0.1,460.7142857142857,461.85714285714283,1.1428571428571428,0.006170045655045449,0.0998608961934242,0.10052348027468706,0.00013910380657580372,0.0005234802746870556,0.00011816936629992225,5.817852828558212,210.7151327777487,0.36892944140360984,0.5240645157593306,0.6177154187116111,5.847751852800548,211.75172134221944,0.02989902424233648,1.0365885644707538,7
llama,seqkd,40,E_general,14,0.01,1393.5714285714287,1393.7142857142858,0.14285714285714285,0.0013925252540276046,0.009979782998887687,0.010019644662175614,2.021700111231183e-05,1.9644662175613906e-05,9.615571649140742e-06,7.994489380205762,304.22948474251615,0.35013477708698637,0.4705494233762515,0.570116899937778,7.9667951484733175,302.6426772076835,-0.027694231732443755,-1.5868075348326038,7
llama,seqkd,40,E_general,14,0.025,1051.0,1050.7142857142858,-0.2857142857142857,0.001904291536061867,0.024944144998340707,0.02502872285617453,5.585500165929819e-05,2.872285617452946e-05,9.499701437851865e-06,7.994489380205762,304.22948474251615,0.35013477708698637,0.4705494233762515,0.570116899937778,7.9667951484733175,302.6426772076835,-0.027694231732443755,-1.5868075348326038,7
llama,seqkd,40,E_general,14,0.05,776.7142857142857,776.2857142857143,-0.42857142857142855,0.002646959795721148,0.04990245368550354,0.0500841244674605,9.754631449645957e-05,8.412446746049185e-05,5.730128571956079e-05,7.994489380205762,304.22948474251615,0.35013477708698637,0.4705494233762515,0.570116899937778,7.9667951484733175,302.6426772076835,-0.027694231732443755,-1.5868075348326038,7
llama,seqkd,40,E_general,14,0.1,518.0,517.2857142857143,-0.7142857142857143,0.0028108096227264542,0.09968703801465305,0.10027525709008381,0.0003129619853469593,0.0002752570900838025,0.00023226623796021782,7.994489380205762,304.22948474251615,0.35013477708698637,0.4705494233762515,0.570116899937778,7.9667951484733175,302.6426772076835,-0.027694231732443755,-1.5868075348326038,7
llama,seqkd,40,E_if,14,0.01,1313.0,1319.857142857143,6.857142857142857,0.00709893044780644,0.009975530742540822,0.010012766799848919,2.4469257459178162e-05,1.2766799848919852e-05,5.777585243820632e-06,4.781273486961198,186.89497664453597,0.3872520674511512,0.5235426593868242,0.624676171506463,4.77689328956354,189.90431991165755,-0.004380197397657826,3.0093432671215936,7
llama,seqkd,40,E_if,14,0.025,959.7142857142857,966.7142857142857,7.0,0.009694475925090712,0.024948617148491448,0.025032484917997613,5.138285150855327e-05,3.248491799761174e-05,1.450127821322686e-05,4.781273486961198,186.89497664453597,0.3872520674511512,0.5235426593868242,0.624676171506463,4.77689328956354,189.90431991165755,-0.004380197397657826,3.0093432671215936,7
llama,seqkd,40,E_if,14,0.05,684.8571428571429,691.2857142857143,6.428571428571429,0.013643405988898053,0.04988342056475646,0.05007363883887508,0.00011657943524354616,7.363883887507543e-05,4.80662914758478e-05,4.781273486961198,186.89497664453597,0.3872520674511512,0.5235426593868242,0.624676171506463,4.77689328956354,189.90431991165755,-0.004380197397657826,3.0093432671215936,7
llama,seqkd,40,E_if,14,0.1,430.42857142857144,435.7142857142857,5.285714285714286,0.014479113084156418,0.09968863220581181,0.10031935210060704,0.0003113677941881903,0.0003193521006070375,0.00026417766665973375,4.781273486961198,186.89497664453597,0.3872520674511512,0.5235426593868242,0.624676171506463,4.77689328956354,189.90431991165755,-0.004380197397657826,3.0093432671215936,7
llama,seqkd,40,E_math,14,0.01,701.1428571428571,701.7142857142857,0.5714285714285714,0.0018533354164091845,0.009970267516913382,0.010019166055030905,2.973248308661716e-05,1.9166055030903966e-05,1.5168256588498144e-05,4.772956946088782,114.99666706967182,0.3931355686725412,0.5421362508203301,0.6632414398107691,4.781656550492651,114.75218677756007,0.008699604403868997,-0.24448029211174166,7
llama,seqkd,40,E_math,14,0.025,494.7142857142857,495.14285714285717,0.42857142857142855,0.002867705939970868,0.024959028681106388,0.025086032504358924,4.097131889361565e-05,8.603250435892196e-05,3.5082098802272686e-05,4.772956946088782,114.99666706967182,0.3931355686725412,0.5421362508203301,0.6632414398107691,4.781656550492651,114.75218677756007,0.008699604403868997,-0.24448029211174166,7
llama,seqkd,40,E_math,14,0.05,345.2857142857143,345.42857142857144,0.14285714285714285,0.004726356260374359,0.04990410244786098,0.05020387184391736,9.589755213901858e-05,0.00020387184391735296,8.006725290069853e-05,4.772956946088782,114.99666706967182,0.3931355686725412,0.5421362508203301,0.6632414398107691,4.781656550492651,114.75218677756007,0.008699604403868997,-0.24448029211174166,7
llama,seqkd,40,E_math,14,0.1,213.57142857142858,213.14285714285714,-0.42857142857142855,0.0005099898622525059,0.09963415297898627,0.10050149821385143,0.0003658470210137369,0.0005014982138514138,0.0002524777713011608,4.772956946088782,114.99666706967182,0.3931355686725412,0.5421362508203301,0.6632414398107691,4.781656550492651,114.75218677756007,0.008699604403868997,-0.24448029211174166,7
llama,seqkd,40,E_ood,14,0.01,1340.0,1343.5714285714287,3.5714285714285716,0.004580934832409467,0.00998518735125664,0.01002355033786542,1.4812648743360332e-05,2.355033786542057e-05,1.0652753793793637e-05,5.793282817172804,210.13040596184382,0.3688053479784013,0.5241914728599493,0.6179943591105649,5.847751852800548,211.75172134221944,0.054469035627744126,1.621315380375623,7
llama,seqkd,40,E_ood,14,0.025,989.1428571428571,992.7142857142857,3.5714285714285716,0.006880138378991334,0.024954922707680398,0.025040762827763168,4.5077292319604546e-05,4.076282776316678e-05,2.301740092963342e-05,5.793282817172804,210.13040596184382,0.3688053479784013,0.5241914728599493,0.6179943591105649,5.847751852800548,211.75172134221944,0.054469035627744126,1.621315380375623,7
llama,seqkd,40,E_ood,14,0.05,714.5714285714286,717.4285714285714,2.857142857142857,0.008094073996634999,0.04985577357168306,0.05005575127614339,0.0001442264283169437,5.5751276143390606e-05,4.763887342214874e-05,5.793282817172804,210.13040596184382,0.3688053479784013,0.5241914728599493,0.6179943591105649,5.847751852800548,211.75172134221944,0.054469035627744126,1.621315380375623,7
llama,seqkd,40,E_ood,14,0.1,459.7142857142857,461.85714285714283,2.142857142857143,0.008966547582255251,0.09982548181221748,0.10049308701876236,0.0001745181877825321,0.00049308701876236,0.00014355512359124595,5.793282817172804,210.13040596184382,0.3688053479784013,0.5241914728599493,0.6179943591105649,5.847751852800548,211.75172134221944,0.054469035627744126,1.621315380375623,7
llama,seqkd,80,E_general,14,0.01,1393.7142857142858,1393.7142857142858,0.0,0.00170410740648265,0.009980399354298666,0.010020286477749022,1.96006457013335e-05,2.028647774902121e-05,1.164194299683784e-05,7.94510987107587,303.90670446275044,0.3503399018711772,0.4704623446671225,0.5699544091022773,7.9667951484733175,302.6426772076835,0.021685277397448015,-1.264027255066908,7
llama,seqkd,80,E_general,14,0.025,1051.0,1050.7142857142858,-0.2857142857142857,0.003293600783148348,0.024947474681653346,0.025032228220905617,5.252531834665429e-05,3.222822090561693e-05,2.3729899645537245e-05,7.94510987107587,303.90670446275044,0.3503399018711772,0.4704623446671225,0.5699544091022773,7.9667951484733175,302.6426772076835,0.021685277397448015,-1.264027255066908,7
llama,seqkd,80,E_general,14,0.05,776.7142857142857,776.2857142857143,-0.42857142857142855,0.004528324512839655,0.049942495970265836,0.05012463003680374,5.750402973416442e-05,0.0001246300368037392,4.7818544016300326e-05,7.94510987107587,303.90670446275044,0.3503399018711772,0.4704623446671225,0.5699544091022773,7.9667951484733175,302.6426772076835,0.021685277397448015,-1.264027255066908,7
llama,seqkd,80,E_general,14,0.1,518.4285714285714,517.2857142857143,-1.1428571428571428,0.0021105865832134175,0.09961579352880849,0.10020760704095978,0.0003842064711915065,0.0002076070409597738,0.00017042784705746067,7.94510987107587,303.90670446275044,0.3503399018711772,0.4704623446671225,0.5699544091022773,7.9667951484733175,302.6426772076835,0.021685277397448015,-1.264027255066908,7
llama,seqkd,80,E_if,14,0.01,1313.2857142857142,1319.857142857143,6.571428571428571,0.007222452078384178,0.009985546948758016,0.010022819142602526,1.4453051241983955e-05,2.2819142602524346e-05,9.773726668521362e-06,4.756270572790773,186.40126990097522,0.3872756112937898,0.5235717211174669,0.6246450093046884,4.77689328956354,189.90431991165755,0.020622716772767977,3.503050010682347,7
llama,seqkd,80,E_if,14,0.025,960.0,966.7142857142857,6.714285714285714,0.010051808803990746,0.024958997372811962,0.025042883853688885,4.100262718804039e-05,4.288385368888447e-05,1.6810978868394615e-05,4.756270572790773,186.40126990097522,0.3872756112937898,0.5235717211174669,0.6246450093046884,4.77689328956354,189.90431991165755,0.020622716772767977,3.503050010682347,7
llama,seqkd,80,E_if,14,0.05,685.4285714285714,691.2857142857143,5.857142857142857,0.012837828086656266,0.04984701873447799,0.050037121704410596,0.00015298126552201158,3.712170441059541e-05,3.507455355873954e-05,4.756270572790773,186.40126990097522,0.3872756112937898,0.5235717211174669,0.6246450093046884,4.77689328956354,189.90431991165755,0.020622716772767977,3.503050010682347,7
llama,seqkd,80,E_if,14,0.1,431.0,435.7142857142857,4.714285714285714,0.013229034102271288,0.09967318115277644,0.10030694088639673,0.00032681884722356766,0.0003069408863967314,0.00024847352943499094,4.756270572790773,186.40126990097522,0.3872756112937898,0.5235717211174669,0.6246450093046884,4.77689328956354,189.90431991165755,0.020622716772767977,3.503050010682347,7
llama,seqkd,80,E_math,14,0.01,699.7142857142857,701.7142857142857,2.0,0.004581858468525683,0.009973948760509735,0.010022841042753517,2.6051239490264824e-05,2.2841042753517872e-05,9.577706552513121e-06,4.693452629397231,113.64944358269112,0.3944315089290436,0.5435890971325751,0.6646252555212181,4.781656550492651,114.75218677756007,0.0882039210954196,1.102743194868952,7
llama,seqkd,80,E_math,14,0.025,493.2857142857143,495.14285714285717,1.8571428571428572,0.006938048844642267,0.024969789533340087,0.025097030043548713,3.0210466659916324e-05,9.70300435487117e-05,3.0210466659916324e-05,4.693452629397231,113.64944358269112,0.3944315089290436,0.5435890971325751,0.6646252555212181,4.781656550492651,114.75218677756007,0.0882039210954196,1.102743194868952,7
llama,seqkd,80,E_math,14,0.05,344.42857142857144,345.42857142857144,1.0,0.007357152413892855,0.04978140631116791,0.05008139448085023,0.00021859368883208965,8.139448085022026e-05,5.047762641585586e-05,4.693452629397231,113.64944358269112,0.3944315089290436,0.5435890971325751,0.6646252555212181,4.781656550492651,114.75218677756007,0.0882039210954196,1.102743194868952,7
llama,seqkd,80,E_math,14,0.1,212.71428571428572,213.14285714285714,0.42857142857142855,0.007607825478278006,0.09964687446814684,0.10051879556440976,0.00035312553185315454,0.0005187955644097515,0.00018344705660290617,4.693452629397231,113.64944358269112,0.3944315089290436,0.5435890971325751,0.6646252555212181,4.781656550492651,114.75218677756007,0.0882039210954196,1.102743194868952,7
llama,seqkd,80,E_ood,14,0.01,1338.7142857142858,1343.5714285714287,4.857142857142857,0.006148988479443805,0.009978936499107761,0.010017235840703475,2.1063500892238387e-05,1.723584070347347e-05,4.442627941926222e-06,5.720449021264934,208.0537807861696,0.36938137428457274,0.5253109284479833,0.6190412053165816,5.847751852800548,211.75172134221944,0.12730283153561378,3.697940556049871,7
llama,seqkd,80,E_ood,14,0.025,987.4285714285714,992.7142857142857,5.285714285714286,0.010092762626533051,0.024961047606583207,0.025046927198904993,3.8952393416796e-05,4.692719890498938e-05,2.615577435407484e-05,5.720449021264934,208.0537807861696,0.36938137428457274,0.5253109284479833,0.6190412053165816,5.847751852800548,211.75172134221944,0.12730283153561378,3.697940556049871,7
llama,seqkd,80,E_ood,14,0.05,713.0,717.4285714285714,4.428571428571429,0.012642954682256837,0.04986830408242015,0.05007061733063539,0.00013169591757985152,7.061733063538713e-05,3.226239810469521e-05,5.720449021264934,208.0537807861696,0.36938137428457274,0.5253109284479833,0.6190412053165816,5.847751852800548,211.75172134221944,0.12730283153561378,3.697940556049871,7
llama,seqkd,80,E_ood,14,0.1,458.42857142857144,461.85714285714283,3.4285714285714284,0.01179605728926672,0.09976146532827027,0.10043258504891965,0.00023853467172974183,0.0004325850489196513,0.00023474737351103899,5.720449021264934,208.0537807861696,0.36938137428457274,0.5253109284479833,0.6190412053165816,5.847751852800548,211.75172134221944,0.12730283153561378,3.697940556049871,7
llama,sft,20,E_general,14,0.01,1391.0,1393.7142857142858,2.7142857142857144,0.0016746636016153461,0.009978331348934675,0.010018093629336824,2.166865106532738e-05,1.8093629336824496e-05,1.2627600566337658e-05,7.8201410821173765,299.2752696531314,0.3500956314989967,0.47162058706432247,0.5721093915204243,7.9667951484733175,302.6426772076835,0.14665406635594044,3.3674075545521895,7
llama,sft,20,E_general,14,0.025,1047.5714285714287,1050.7142857142858,3.142857142857143,0.0027398643751257003,0.024964327761891742,0.025048909794589465,3.567223810826226e-05,4.890979458946244e-05,2.7229640604182442e-05,7.8201410821173765,299.2752696531314,0.3500956314989967,0.47162058706432247,0.5721093915204243,7.9667951484733175,302.6426772076835,0.14665406635594044,3.3674075545521895,7
llama,sft,20,E_general,14,0.05,773.4285714285714,776.2857142857143,2.857142857142857,0.002581348088222558,0.04992099829478331,0.050102569661294116,7.900170521669275e-05,0.00010256966129411052,5.360232908252295e-05,7.8201410821173765,299.2752696531314,0.3500956314989967,0.47162058706432247,0.5721093915204243,7.9667951484733175,302.6426772076835,0.14665406635594044,3.3674075545521895,7
llama,sft,20,E_general,14,0.1,514.5714285714286,517.2857142857143,2.7142857142857144,0.002952410289428575,0.09962633898604457,0.10019922626773911,0.0003736610139554314,0.00019922626773909952,0.00011940988813243752,7.8201410821173765,299.2752696531314,0.3500956314989967,0.47162058706432247,0.5721093915204243,7.9667951484733175,302.6426772076835,0.14665406635594044,3.3674075545521895,7
llama,sft,20,E_if,14,0.01,1313.142857142857,1319.857142857143,6.714285714285714,0.005463883411743696,0.009990130121693853,0.010027367667671646,9.869878306147206e-06,2.7367667671646012e-05,6.563820517249735e-06,4.698641473953702,185.45546905983844,0.3878389518268651,0.5238378890049845,0.6249384250678238,4.77689328956354,189.90431991165755,0.07825181560983786,4.448850851819117,7
llama,sft,20,E_if,14,0.025,959.8571428571429,966.7142857142857,6.857142857142857,0.007003173703620142,0.02496827684349919,0.02505196846607723,3.172315650081169e-05,5.1968466077225873e-05,2.807920132534905e-05,4.698641473953702,185.45546905983844,0.3878389518268651,0.5238378890049845,0.6249384250678238,4.77689328956354,189.90431991165755,0.07825181560983786,4.448850851819117,7
llama,sft,20,E_if,14,0.05,684.7142857142857,691.2857142857143,6.571428571428571,0.009356542148119833,0.04993166933000811,0.05012149016072419,6.833066999188873e-05,0.00012149016072418386,4.598749386837706e-05,4.698641473953702,185.45546905983844,0.3878389518268651,0.5238378890049845,0.6249384250678238,4.77689328956354,189.90431991165755,0.07825181560983786,4.448850851819117,7
llama,sft,20,E_if,14,0.1,430.2857142857143,435.7142857142857,5.428571428571429,0.011178174280363754,0.09978963992540225,0.10041105435455966,0.00021036007459774536,0.00041105435455965545,0.00011869316078368108,4.698641473953702,185.45546905983844,0.3878389518268651,0.5238378890049845,0.6249384250678238,4.77689328956354,189.90431991165755,0.07825181560983786,4.448850851819117,7
llama,sft,20,E_math,14,0.01,695.8571428571429,701.7142857142857,5.857142857142857,0.00832907756038606,0.009974627201424629,0.01002337564158114,2.537279857537145e-05,2.3375641581140478e-05,9.66081745346194e-06,4.660582034175568,111.82685493764758,0.3947832683110853,0.5454130418442386,0.6671481592447671,4.781656550492651,114.75218677756007,0.12107451631708407,2.925331839912488,7
llama,sft,20,E_math,14,0.025,490.0,495.14285714285717,5.142857142857143,0.0102070264510961,0.024929530105785556,0.02505653982881439,7.046989421444464e-05,5.653982881439092e-05,2.7433562228652347e-05,4.660582034175568,111.82685493764758,0.3947832683110853,0.5454130418442386,0.6671481592447671,4.781656550492651,114.75218677756007,0.12107451631708407,2.925331839912488,7
llama,sft,20,E_math,14,0.05,340.85714285714283,345.42857142857144,4.571428571428571,0.01507686118873384,0.049924687119184734,0.05022547130798499,7.531288081526893e-05,0.0002254713079849886,4.2051255017487577e-05,4.660582034175568,111.82685493764758,0.3947832683110853,0.5454130418442386,0.6671481592447671,4.781656550492651,114.75218677756007,0.12107451631708407,2.925331839912488,7
llama,sft,20,E_math,14,0.1,209.85714285714286,213.14285714285714,3.2857142857142856,0.01483353676787572,0.09965004750452258,0.10051397906199241,0.00034995249547741566,0.000513979061992407,0.0002891695142590657,4.660582034175568,111.82685493764758,0.3947832683110853,0.5454130418442386,0.6671481592447671,4.781656550492651,114.75218677756007,0.12107451631708407,2.925331839912488,7
llama,sft,20,E_ood,14,0.01,1338.0,1343.5714285714287,5.571428571428571,0.003508033454442628,0.009979168221325798,0.010017379944801555,2.0831778674203168e-05,1.737994480155535e-05,9.086493029244578e-06,5.768596516925349,208.77982698400075,0.36757798744935805,0.523833629845244,0.6183519038989906,5.847751852800548,211.75172134221944,0.07915533587519873,2.9718943582186874,7
llama,sft,20,E_ood,14,0.025,986.5714285714286,992.7142857142857,6.142857142857143,0.004709431627696045,0.024956554767826176,0.025042251958295726,4.34452321738249e-05,4.225195829572313e-05,2.624353665903586e-05,5.768596516925349,208.77982698400075,0.36757798744935805,0.523833629845244,0.6183519038989906,5.847751852800548,211.75172134221944,0.07915533587519873,2.9718943582186874,7
llama,sft,20,E_ood,14,0.05,711.8571428571429,717.4285714285714,5.571428571428571,0.004959313550154436,0.04986563115823212,0.050064548419820616,0.00013436884176787938,6.454841982061239e-05,4.4882287661566254e-05,5.768596516925349,208.77982698400075,0.36757798744935805,0.523833629845244,0.6183519038989906,5.847751852800548,211.75172134221944,0.07915533587519873,2.9718943582186874,7
llama,sft,20,E_ood,14,0.1,457.2857142857143,461.85714285714283,4.571428571428571,0.002475987511404272,0.09957101588909041,0.1002172128554931,0.0004289841109096062,0.0002172128554931033,0.00020051891323830118,5.768596516925349,208.77982698400075,0.36757798744935805,0.523833629845244,0.6183519038989906,5.847751852800548,211.75172134221944,0.07915533587519873,2.9718943582186874,7
llama,sft,40,E_general,14,0.01,1390.142857142857,1393.7142857142858,3.5714285714285716,0.0023155171015791193,0.009983315484022233,0.010023101573445803,1.6684515977766906e-05,2.3101573445802326e-05,1.3762385666857577e-05,7.739861412093378,298.1574750189881,0.35047659207252835,0.47201615389828977,0.5725459977444786,7.9667951484733175,302.6426772076835,0.22693373637993813,4.485202188695384,7
llama,sft,40,E_general,14,0.025,1046.857142857143,1050.7142857142858,3.857142857142857,0.003558969181339238,0.024979102240707502,0.025063649457202634,2.089775929250276e-05,6.364945720263433e-05,1.1215325850186055e-05,7.739861412093378,298.1574750189881,0.35047659207252835,0.47201615389828977,0.5725459977444786,7.9667951484733175,302.6426772076835,0.22693373637993813,4.485202188695384,7
llama,sft,40,E_general,14,0.05,772.7142857142857,776.2857142857143,3.5714285714285716,0.003211034994253344,0.04994560276199866,0.05012725439810174,5.439723800134748e-05,0.00012725439810173735,4.9546236025955246e-05,7.739861412093378,298.1574750189881,0.35047659207252835,0.47201615389828977,0.5725459977444786,7.9667951484733175,302.6426772076835,0.22693373637993813,4.485202188695384,7
llama,sft,40,E_general,14,0.1,514.0,517.2857142857143,3.2857142857142856,0.0037575210990276188,0.09963926623439842,0.10021014795960102,0.0003607337656015861,0.0002101479596010175,0.0001025207893118488,7.739861412093378,298.1574750189881,0.35047659207252835,0.47201615389828977,0.5725459977444786,7.9667951484733175,302.6426772076835,0.22693373637993813,4.485202188695384,7
llama,sft,40,E_if,14,0.01,1312.0,1319.857142857143,7.857142857142857,0.006064425980800624,0.009985022392240825,0.010022191826505886,1.497760775917567e-05,2.2191826505885584e-05,8.062560253494788e-06,4.658044704595169,183.62734197737265,0.38837876206433347,0.5248553520202786,0.6259147535939633,4.77689328956354,189.90431991165755,0.11884858496837133,6.276977934284907,7
llama,sft,40,E_if,14,0.025,958.7142857142857,966.7142857142857,8.0,0.007511267322515653,0.02495307813696326,0.02503646313829611,4.692186303674065e-05,3.6463138296109156e-05,2.3421088561325098e-05,4.658044704595169,183.62734197737265,0.38837876206433347,0.5248553520202786,0.6259147535939633,4.77689328956354,189.90431991165755,0.11884858496837133,6.276977934284907,7
llama,sft,40,E_if,14,0.05,683.5714285714286,691.2857142857143,7.714285714285714,0.010349607479659084,0.04992353117018849,0.05011346122080511,7.646882981151333e-05,0.00011346122080510458,3.025576186709606e-05,4.658044704595169,183.62734197737265,0.38837876206433347,0.5248553520202786,0.6259147535939633,4.77689328956354,189.90431991165755,0.11884858496837133,6.276977934284907,7
llama,sft,40,E_if,14,0.1,429.2857142857143,435.7142857142857,6.428571428571429,0.009289347614226383,0.09954522496739608,0.10016361133980524,0.00045477503260391613,0.0001636113398052296,9.890511618671533e-05,4.658044704595169,183.62734197737265,0.38837876206433347,0.5248553520202786,0.6259147535939633,4.77689328956354,189.90431991165755,0.11884858496837133,6.276977934284907,7
llama,sft,40,E_math,14,0.01,694.7142857142857,701.7142857142857,7.0,0.010646974903306747,0.009971704812576155,0.01002061482499761,2.8295187423845645e-05,2.0614824997611546e-05,1.8867838582065435e-05,4.619822592613709,110.97152474423216,0.39589215950425755,0.5468377697429688,0.6683140592253157,4.781656550492651,114.75218677756007,0.1618339578789417,3.780662033327911,7
llama,sft,40,E_math,14,0.025,488.85714285714283,495.14285714285717,6.285714285714286,0.013790631153081327,0.024954418515163557,0.02508136109114562,4.558148483644321e-05,8.136109114561639e-05,3.817015471429948e-05,4.619822592613709,110.97152474423216,0.39589215950425755,0.5468377697429688,0.6683140592253157,4.781656550492651,114.75218677756007,0.1618339578789417,3.780662033327911,7
llama,sft,40,E_math,14,0.05,340.42857142857144,345.42857142857144,5.0,0.01693513698354033,0.04980849686405318,0.050107532801497705,0.00019150313594683177,0.00010753280149770398,7.607931262271812e-05,4.619822592613709,110.97152474423216,0.39589215950425755,0.5468377697429688,0.6683140592253157,4.781656550492651,114.75218677756007,0.1618339578789417,3.780662033327911,7
llama,sft,40,E_math,14,0.1,209.42857142857142,213.14285714285714,3.7142857142857144,0.019328266185782646,0.09950663256859575,0.10037009697323994,0.0004933674314042442,0.0003700969732399314,0.00029564146472106444,4.619822592613709,110.97152474423216,0.39589215950425755,0.5468377697429688,0.6683140592253157,4.781656550492651,114.75218677756007,0.1618339578789417,3.780662033327911,7
llama,sft,40,E_ood,14,0.01,1337.7142857142858,1343.5714285714287,5.857142857142857,0.003613389574998916,0.009976219982340499,0.010014465118419259,2.378001765950038e-05,1.4465118419257747e-05,6.8773404735468e-06,5.732005137508864,207.78646809327032,0.36786728812469666,0.5245473148154628,0.6190442786768691,5.847751852800548,211.75172134221944,0.11574671529168416,3.96525324894913,7
llama,sft,40,E_ood,14,0.025,986.5714285714286,992.7142857142857,6.142857142857143,0.00436343082959176,0.024933834133982015,0.025019203713953973,6.616586601798497e-05,1.9203713953970724e-05,1.4215987146727418e-05,5.732005137508864,207.78646809327032,0.36786728812469666,0.5245473148154628,0.6190442786768691,5.847751852800548,211.75172134221944,0.11574671529168416,3.96525324894913,7
llama,sft,40,E_ood,14,0.05,711.5714285714286,717.4285714285714,5.857142857142857,0.006154321854900669,0.04990111500929469,0.05010032575304767,9.888499070531092e-05,0.00010032575304766025,6.811483002539967e-05,5.732005137508864,207.78646809327032,0.36786728812469666,0.5245473148154628,0.6190442786768691,5.847751852800548,211.75172134221944,0.11574671529168416,3.96525324894913,7
llama,sft,40,E_ood,14,0.1,457.0,461.85714285714283,4.857142857142857,0.006007456480154055,0.09970098129976472,0.10034914851724148,0.00029901870023528454,0.00034914851724147537,0.00021406632954794138,5.732005137508864,207.78646809327032,0.36786728812469666,0.5245473148154628,0.6190442786768691,5.847751852800548,211.75172134221944,0.11574671529168416,3.96525324894913,7
llama,sft,80,E_general,14,0.01,1388.4285714285713,1393.7142857142858,5.285714285714286,0.004022846173219642,0.009979042403769204,0.010018819156373693,2.09575962307964e-05,1.8819156373693288e-05,1.3329182002597684e-05,7.684830167636308,296.3577927088812,0.35086697410199946,0.47306435988460066,0.5737325768947615,7.9667951484733175,302.6426772076835,0.28196498083700794,6.28488449880233,7
llama,sft,80,E_general,14,0.025,1045.0,1050.7142857142858,5.714285714285714,0.0058504264841702696,0.024957076604499612,0.025041607180124863,4.2923395500391133e-05,4.160718012486448e-05,1.9582898868444588e-05,7.684830167636308,296.3577927088812,0.35086697410199946,0.47306435988460066,0.5737325768947615,7.9667951484733175,302.6426772076835,0.28196498083700794,6.28488449880233,7
llama,sft,80,E_general,14,0.05,771.1428571428571,776.2857142857143,5.142857142857143,0.006410441461012435,0.04988822413294214,0.05006981752849786,0.00011177586705786743,6.981752849785241e-05,4.844970051586953e-05,7.684830167636308,296.3577927088812,0.35086697410199946,0.47306435988460066,0.5737325768947615,7.9667951484733175,302.6426772076835,0.28196498083700794,6.28488449880233,7
llama,sft,80,E_general,14,0.1,512.5714285714286,517.2857142857143,4.714285714285714,0.012382439625027247,0.09987439671629073,0.10045700896781837,0.0001256032837092802,0.00045700896781835997,9.018130052802973e-05,7.684830167636308,296.3577927088812,0.35086697410199946,0.47306435988460066,0.5737325768947615,7.9667951484733175,302.6426772076835,0.28196498083700794,6.28488449880233,7
llama,sft,80,E_if,14,0.01,1306.0,1319.857142857143,13.857142857142858,0.011528604890184174,0.009980002084193338,0.010017080116216326,1.9997915806660933e-05,1.7080116216325425e-05,7.955028714187987e-06,4.5914318140553325,180.0396615605949,0.3901626287469378,0.5276075267390085,0.628622774300358,4.77689328956354,189.90431991165755,0.18546147550820785,9.864658351062634,7
llama,sft,80,E_if,14,0.025,952.5714285714286,966.7142857142857,14.142857142857142,0.01632606956457282,0.024958934561736836,0.025042762890790625,4.106543826316718e-05,4.2762890790622575e-05,3.17617744819262e-05,4.5914318140553325,180.0396615605949,0.3901626287469378,0.5276075267390085,0.628622774300358,4.77689328956354,189.90431991165755,0.18546147550820785,9.864658351062634,7
llama,sft,80,E_if,14,0.05,678.2857142857143,691.2857142857143,13.0,0.021990577249874355,0.04991353940426386,0.050104871773524726,8.646059573614544e-05,0.00010487177352472486,5.054537157240187e-05,4.5914318140553325,180.0396615605949,0.3901626287469378,0.5276075267390085,0.628622774300358,4.77689328956354,189.90431991165755,0.18546147550820785,9.864658351062634,7
llama,sft,80,E_if,14,0.1,425.2857142857143,435.7142857142857,10.428571428571429,0.025014224840095446,0.09966634731814271,0.10029774793144526,0.00033365268185729457,0.00029774793144524337,0.0001333361620657673,4.5914318140553325,180.0396615605949,0.3901626287469378,0.5276075267390085,0.628622774300358,4.77689328956354,189.90431991165755,0.18546147550820785,9.864658351062634,7
llama,sft,80,E_math,14,0.01,690.8571428571429,701.7142857142857,10.857142857142858,0.01719337933569946,0.009974303422694893,0.010023384607139618,2.569657730510665e-05,2.3384607139618147e-05,1.3310465832200946e-05,4.52326550717929,108.69764357467618,0.39817483591433306,0.5499439310673883,0.6713490889683864,4.781656550492651,114.75218677756007,0.25839104331336105,6.054543202883884,7
llama,sft,80,E_math,14,0.025,485.57142857142856,495.14285714285717,9.571428571428571,0.02219130889049733,0.024933230744257857,0.025060774727778835,6.67692557421415e-05,6.077472777883179e-05,4.712052813018859e-05,4.52326550717929,108.69764357467618,0.39817483591433306,0.5499439310673883,0.6713490889683864,4.781656550492651,114.75218677756007,0.25839104331336105,6.054543202883884,7
llama,sft,80,E_math,14,0.05,337.2857142857143,345.42857142857144,8.142857142857142,0.02983123072801702,0.04987330761994586,0.05017681325937632,0.0001266923800541416,0.00017681325937631494,7.066866960337466e-05,4.52326550717929,108.69764357467618,0.39817483591433306,0.5499439310673883,0.6713490889683864,4.781656550492651,114.75218677756007,0.25839104331336105,6.054543202883884,7
llama,sft,80,E_math,14,0.1,207.14285714285714,213.14285714285714,6.0,0.037724804189101575,0.09968680843310854,0.10056425449705013,0.0003131915668914627,0.0005642544970501274,0.00012124704425345103,4.52326550717929,108.69764357467618,0.39817483591433306,0.5499439310673883,0.6713490889683864,4.781656550492651,114.75218677756007,0.25839104331336105,6.054543202883884,7
llama,sft,80,E_ood,14,0.01,1333.5714285714287,1343.5714285714287,10.0,0.007521809946123298,0.009983338112718553,0.010021538311213895,1.666188728144738e-05,2.1538311213894203e-05,1.0194886602929046e-05,5.641373552515341,204.43194695334782,0.36906614618218997,0.5266100942242479,0.6213117319176672,5.847751852800548,211.75172134221944,0.2063783002852073,7.319774388871598,7
llama,sft,80,E_ood,14,0.025,982.2857142857143,992.7142857142857,10.428571428571429,0.010002865345201924,0.024935401986098456,0.025021074711920572,6.459801390154365e-05,2.1074711920567035e-05,1.7285649419826266e-05,5.641373552515341,204.43194695334782,0.36906614618218997,0.5266100942242479,0.6213117319176672,5.847751852800548,211.75172134221944,0.2063783002852073,7.319774388871598,7
llama,sft,80,E_ood,14,0.05,707.8571428571429,717.4285714285714,9.571428571428571,0.012174880148970755,0.049857869914535856,0.05005690587554935,0.00014213008546414097,5.6905875549345276e-05,4.045573823909263e-05,5.641373552515341,204.43194695334782,0.36906614618218997,0.5266100942242479,0.6213117319176672,5.847751852800548,211.75172134221944,0.2063783002852073,7.319774388871598,7
llama,sft,80,E_ood,14,0.1,453.7142857142857,461.85714285714283,8.142857142857142,0.015090498715585604,0.09964948652873808,0.10030174879814213,0.000350513471261931,0.00030174879814213025,0.00019460041038220553,5.641373552515341,204.43194695334782,0.36906614618218997,0.5266100942242479,0.6213117319176672,5.847751852800548,211.75172134221944,0.2063783002852073,7.319774388871598,7
