model,arm,checkpoint,probe_name,layer,epsilon,module_count,centered_state_rank,centered_state_rank_base,centered_absolute_contraction,centered_relative_contraction_equal7,uncentered_state_rank,uncentered_state_rank_base,uncentered_absolute_contraction,uncentered_relative_contraction_equal7
llama,offkd,20,E_general,14,0.01,7,1609.0,1609.7142857142858,0.7142857142857143,0.0008021464417323784,1392.5714285714287,1393.7142857142858,1.1428571428571428,0.0016419427459800045
llama,offkd,20,E_general,14,0.025,7,1281.0,1281.4285714285713,0.42857142857142855,0.0009526367410417951,1049.7142857142858,1050.7142857142858,1.0,0.0025538083139528293
llama,offkd,20,E_general,14,0.05,7,989.7142857142857,990.2857142857143,0.5714285714285714,0.0015105476811245323,775.7142857142857,776.2857142857143,0.5714285714285714,0.0017228536062524492
llama,offkd,20,E_general,14,0.1,7,678.2857142857143,679.1428571428571,0.8571428571428571,0.003104118058692697,516.7142857142857,517.2857142857143,0.5714285714285714,0.00454537685846242
llama,offkd,20,E_if,14,0.01,7,1538.2857142857142,1543.7142857142858,5.428571428571429,0.004003181337717267,1312.142857142857,1319.857142857143,7.714285714285714,0.00723391010654554
llama,offkd,20,E_if,14,0.025,7,1193.857142857143,1200.5714285714287,6.714285714285714,0.006260878465865802,959.0,966.7142857142857,7.714285714285714,0.009857039441593357
llama,offkd,20,E_if,14,0.05,7,895.2857142857143,902.2857142857143,7.0,0.008834146478547253,684.2857142857143,691.2857142857143,7.0,0.01285405960953539
llama,offkd,20,E_if,14,0.1,7,587.0,593.1428571428571,6.142857142857143,0.011087039089756402,429.7142857142857,435.7142857142857,6.0,0.015903598227485813
llama,offkd,20,E_math,14,0.01,7,833.5714285714286,835.1428571428571,1.5714285714285714,0.0023841611171291402,699.7142857142857,701.7142857142857,2.0,0.0035344049427995052
llama,offkd,20,E_math,14,0.025,7,622.8571428571429,624.0,1.1428571428571428,0.0024407605110002965,493.57142857142856,495.14285714285717,1.5714285714285714,0.004668172502387214
llama,offkd,20,E_math,14,0.05,7,458.14285714285717,459.2857142857143,1.1428571428571428,0.003539308244838074,344.2857142857143,345.42857142857144,1.1428571428571428,0.006817365000416271
llama,offkd,20,E_math,14,0.1,7,299.85714285714283,300.42857142857144,0.5714285714285714,0.0025972495971290127,212.71428571428572,213.14285714285714,0.42857142857142855,0.003470838537386896
llama,offkd,20,E_ood,14,0.01,7,1563.5714285714287,1565.7142857142858,2.142857142857143,0.0019608823226432677,1340.7142857142858,1343.5714285714287,2.857142857142857,0.003511595841744928
llama,offkd,20,E_ood,14,0.025,7,1223.0,1225.2857142857142,2.2857142857142856,0.002723615580029294,989.8571428571429,992.7142857142857,2.857142857142857,0.004946675626008157
llama,offkd,20,E_ood,14,0.05,7,925.5714285714286,928.0,2.4285714285714284,0.00420594981540278,715.1428571428571,717.4285714285714,2.2857142857142856,0.006249833867153305
llama,offkd,20,E_ood,14,0.1,7,614.8571428571429,616.8571428571429,2.0,0.005274431579757091,460.0,461.85714285714283,1.8571428571428572,0.008604992303688866
llama,offkd,40,E_general,14,0.01,7,1608.5714285714287,1609.7142857142858,1.1428571428571428,0.0014914542517986942,1391.857142857143,1393.7142857142858,1.8571428571428572,0.00250722577559132
llama,offkd,40,E_general,14,0.025,7,1280.142857142857,1281.4285714285713,1.2857142857142858,0.0021328650439876736,1048.7142857142858,1050.7142857142858,2.0,0.004615977923906539
llama,offkd,40,E_general,14,0.05,7,989.2857142857143,990.2857142857143,1.0,0.002517993478928783,774.8571428571429,776.2857142857143,1.4285714285714286,0.00512090725727016
llama,offkd,40,E_general,14,0.1,7,678.1428571428571,679.1428571428571,1.0,0.004170413408459433,516.4285714285714,517.2857142857143,0.8571428571428571,0.006016832190803011
llama,offkd,40,E_if,14,0.01,7,1538.0,1543.7142857142858,5.714285714285714,0.004402273576645021,1311.857142857143,1319.857142857143,8.0,0.007584391835045055
llama,offkd,40,E_if,14,0.025,7,1193.142857142857,1200.5714285714287,7.428571428571429,0.007348602780014294,958.7142857142857,966.7142857142857,8.0,0.010560941491708596
llama,offkd,40,E_if,14,0.05,7,894.8571428571429,902.2857142857143,7.428571428571429,0.00964419085998065,683.8571428571429,691.2857142857143,7.428571428571429,0.014788635880968027
llama,offkd,40,E_if,14,0.1,7,586.5714285714286,593.1428571428571,6.571428571428571,0.012731968616450236,430.14285714285717,435.7142857142857,5.571428571428571,0.015053957671962905
llama,offkd,40,E_math,14,0.01,7,833.0,835.1428571428571,2.142857142857143,0.0032880502813229136,699.1428571428571,701.7142857142857,2.5714285714285716,0.0048915909724583356
llama,offkd,40,E_math,14,0.025,7,622.0,624.0,2.0,0.004459782777396151,493.2857142857143,495.14285714285717,1.8571428571428572,0.005386522191510459
llama,offkd,40,E_math,14,0.05,7,457.57142857142856,459.2857142857143,1.7142857142857142,0.005230125500696703,344.14285714285717,345.42857142857144,1.2857142857142858,0.007580861746536337
llama,offkd,40,E_math,14,0.1,7,299.42857142857144,300.42857142857144,1.0,0.004905044838789957,212.57142857142858,213.14285714285714,0.5714285714285714,0.006122620355095954
llama,offkd,40,E_ood,14,0.01,7,1561.0,1565.7142857142858,4.714285714285714,0.0037904152394032968,1338.142857142857,1343.5714285714287,5.428571428571429,0.005709308030656676
llama,offkd,40,E_ood,14,0.025,7,1220.0,1225.2857142857142,5.285714285714286,0.005607850082638922,987.1428571428571,992.7142857142857,5.571428571428571,0.008840709997609737
llama,offkd,40,E_ood,14,0.05,7,922.8571428571429,928.0,5.142857142857143,0.0074841972632131645,712.7142857142857,717.4285714285714,4.714285714285714,0.012084911119022854
llama,offkd,40,E_ood,14,0.1,7,612.1428571428571,616.8571428571429,4.714285714285714,0.010469510631559575,458.2857142857143,461.85714285714283,3.5714285714285716,0.012353153376019431
llama,offkd,80,E_general,14,0.01,7,1608.0,1609.7142857142858,1.7142857142857142,0.0022047039027052215,1391.0,1393.7142857142858,2.7142857142857144,0.0038934454240174047
llama,offkd,80,E_general,14,0.025,7,1280.0,1281.4285714285713,1.4285714285714286,0.0028645386405054206,1048.142857142857,1050.7142857142858,2.5714285714285716,0.006011794697211648
llama,offkd,80,E_general,14,0.05,7,988.5714285714286,990.2857142857143,1.7142857142857142,0.004403481555195318,774.2857142857143,776.2857142857143,2.0,0.007720666772654827
llama,offkd,80,E_general,14,0.1,7,677.7142857142857,679.1428571428571,1.4285714285714286,0.00593726303504908,516.1428571428571,517.2857142857143,1.1428571428571428,0.007438400490567483
llama,offkd,80,E_if,14,0.01,7,1536.4285714285713,1543.7142857142858,7.285714285714286,0.005879510021037798,1309.857142857143,1319.857142857143,10.0,0.009670737821255862
llama,offkd,80,E_if,14,0.025,7,1192.142857142857,1200.5714285714287,8.428571428571429,0.00865801303716399,956.5714285714286,966.7142857142857,10.142857142857142,0.014282424091292973
llama,offkd,80,E_if,14,0.05,7,893.2857142857143,902.2857142857143,9.0,0.012292148905333282,682.1428571428571,691.2857142857143,9.142857142857142,0.01990453573339992
llama,offkd,80,E_if,14,0.1,7,585.2857142857143,593.1428571428571,7.857142857142857,0.015716488589056984,428.85714285714283,435.7142857142857,6.857142857142857,0.019038469257869985
llama,offkd,80,E_math,14,0.01,7,831.4285714285714,835.1428571428571,3.7142857142857144,0.005672211398452053,696.8571428571429,701.7142857142857,4.857142857142857,0.009001307383896557
llama,offkd,80,E_math,14,0.025,7,620.7142857142857,624.0,3.2857142857142856,0.007060058857196416,491.2857142857143,495.14285714285717,3.857142857142857,0.011012906060548123
llama,offkd,80,E_math,14,0.05,7,455.7142857142857,459.2857142857143,3.5714285714285716,0.010617719096315438,342.14285714285717,345.42857142857144,3.2857142857142856,0.016262713000099287
llama,offkd,80,E_math,14,0.1,7,298.0,300.42857142857144,2.4285714285714284,0.011188132856266178,211.42857142857142,213.14285714285714,1.7142857142857142,0.01162356129525606
llama,offkd,80,E_ood,14,0.01,7,1558.7142857142858,1565.7142857142858,7.0,0.005978767669043013,1335.2857142857142,1343.5714285714287,8.285714285714286,0.008765339522474646
llama,offkd,80,E_ood,14,0.025,7,1217.2857142857142,1225.2857142857142,8.0,0.0086664228901659,984.2857142857143,992.7142857142857,8.428571428571429,0.013149355357549191
llama,offkd,80,E_ood,14,0.05,7,919.8571428571429,928.0,8.142857142857142,0.012076948638787319,710.0,717.4285714285714,7.428571428571429,0.018419742115253043
llama,offkd,80,E_ood,14,0.1,7,609.8571428571429,616.8571428571429,7.0,0.01593199321590536,456.14285714285717,461.85714285714283,5.714285714285714,0.01800263994605607
llama,opd,20,E_general,14,0.01,7,1602.857142857143,1609.7142857142858,6.857142857142857,0.004155101879719793,1384.142857142857,1393.7142857142858,9.571428571428571,0.007208302114321107
llama,opd,20,E_general,14,0.025,7,1274.142857142857,1281.4285714285713,7.285714285714286,0.005483728583421039,1040.7142857142858,1050.7142857142858,10.0,0.011032751632550965
llama,opd,20,E_general,14,0.05,7,982.7142857142857,990.2857142857143,7.571428571428571,0.007503666413195016,767.2857142857143,776.2857142857143,9.0,0.013745652552915944
llama,opd,20,E_general,14,0.1,7,671.8571428571429,679.1428571428571,7.285714285714286,0.01044223006257992,509.42857142857144,517.2857142857143,7.857142857142857,0.020254446577387897
llama,opd,20,E_if,14,0.01,7,1532.7142857142858,1543.7142857142858,11.0,0.006873793401399709,1302.142857142857,1319.857142857143,17.714285714285715,0.013936420357796254
llama,opd,20,E_if,14,0.025,7,1188.5714285714287,1200.5714285714287,12.0,0.009794924300346267,949.1428571428571,966.7142857142857,17.571428571428573,0.01986725328609425
llama,opd,20,E_if,14,0.05,7,890.5714285714286,902.2857142857143,11.714285714285714,0.012520248138284276,675.2857142857143,691.2857142857143,16.0,0.02777228646914987
llama,opd,20,E_if,14,0.1,7,582.8571428571429,593.1428571428571,10.285714285714286,0.01616718954959701,422.85714285714283,435.7142857142857,12.857142857142858,0.037135552533049794
llama,opd,20,E_math,14,0.01,7,823.8571428571429,835.1428571428571,11.285714285714286,0.013230620038821668,686.7142857142857,701.7142857142857,15.0,0.022370353816318623
llama,opd,20,E_math,14,0.025,7,613.2857142857143,624.0,10.714285714285714,0.01683953924794873,481.42857142857144,495.14285714285717,13.714285714285714,0.03072426354266606
llama,opd,20,E_math,14,0.05,7,449.57142857142856,459.2857142857143,9.714285714285714,0.02069516388128204,333.85714285714283,345.42857142857144,11.571428571428571,0.040697522427872994
llama,opd,20,E_math,14,0.1,7,292.85714285714283,300.42857142857144,7.571428571428571,0.024254727176750295,204.71428571428572,213.14285714285714,8.428571428571429,0.046924874499712214
llama,opd,20,E_ood,14,0.01,7,1555.0,1565.7142857142858,10.714285714285714,0.00633654133861148,1327.142857142857,1343.5714285714287,16.428571428571427,0.012395663924630169
llama,opd,20,E_ood,14,0.025,7,1213.2857142857142,1225.2857142857142,12.0,0.008607866175290435,975.2857142857143,992.7142857142857,17.428571428571427,0.01914680196007663
llama,opd,20,E_ood,14,0.05,7,915.5714285714286,928.0,12.428571428571429,0.01195874680227568,701.7142857142857,717.4285714285714,15.714285714285714,0.027909999685401286
llama,opd,20,E_ood,14,0.1,7,605.7142857142857,616.8571428571429,11.142857142857142,0.01570005699350935,449.42857142857144,461.85714285714283,12.428571428571429,0.03383233579511688
llama,opd,40,E_general,14,0.01,7,1600.2857142857142,1609.7142857142858,9.428571428571429,0.005801608994427834,1381.4285714285713,1393.7142857142858,12.285714285714286,0.009572716007872833
llama,opd,40,E_general,14,0.025,7,1270.857142857143,1281.4285714285713,10.571428571428571,0.008206680855236827,1038.2857142857142,1050.7142857142858,12.428571428571429,0.013812663806034712
llama,opd,40,E_general,14,0.05,7,979.5714285714286,990.2857142857143,10.714285714285714,0.010510621286239055,764.7142857142857,776.2857142857143,11.571428571428571,0.019019082338809442
llama,opd,40,E_general,14,0.1,7,669.2857142857143,679.1428571428571,9.857142857142858,0.014743468732259174,507.7142857142857,517.2857142857143,9.571428571428571,0.02374659269347142
llama,opd,40,E_if,14,0.01,7,1527.142857142857,1543.7142857142858,16.571428571428573,0.010758498334900399,1296.2857142857142,1319.857142857143,23.571428571428573,0.019147475105609848
llama,opd,40,E_if,14,0.025,7,1181.5714285714287,1200.5714285714287,19.0,0.015800027618187492,943.0,966.7142857142857,23.714285714285715,0.02723168514330713
llama,opd,40,E_if,14,0.05,7,883.2857142857143,902.2857142857143,19.0,0.0210617093286734,669.8571428571429,691.2857142857143,21.428571428571427,0.037334860502978504
llama,opd,40,E_if,14,0.1,7,576.7142857142857,593.1428571428571,16.428571428571427,0.02749687435577583,418.57142857142856,435.7142857142857,17.142857142857142,0.0474972398502244
llama,opd,40,E_math,14,0.01,7,819.5714285714286,835.1428571428571,15.571428571428571,0.018319866298194338,683.5714285714286,701.7142857142857,18.142857142857142,0.02668186274482111
llama,opd,40,E_math,14,0.025,7,609.2857142857143,624.0,14.714285714285714,0.023075826706962517,479.0,495.14285714285717,16.142857142857142,0.03457835206943768
llama,opd,40,E_math,14,0.05,7,446.0,459.2857142857143,13.285714285714286,0.028333334835752084,332.0,345.42857142857144,13.428571428571429,0.04489771451556101
llama,opd,40,E_math,14,0.1,7,290.14285714285717,300.42857142857144,10.285714285714286,0.03346421083332003,203.42857142857142,213.14285714285714,9.714285714285714,0.05408062819355025
llama,opd,40,E_ood,14,0.01,7,1548.857142857143,1565.7142857142858,16.857142857142858,0.01037900573260388,1321.5714285714287,1343.5714285714287,22.0,0.01698260789797728
llama,opd,40,E_ood,14,0.025,7,1206.0,1225.2857142857142,19.285714285714285,0.014750854983524008,969.8571428571429,992.7142857142857,22.857142857142858,0.02578761002487354
llama,opd,40,E_ood,14,0.05,7,908.5714285714286,928.0,19.428571428571427,0.01955149777271781,697.1428571428571,717.4285714285714,20.285714285714285,0.03465737166443904
llama,opd,40,E_ood,14,0.1,7,599.4285714285714,616.8571428571429,17.428571428571427,0.02620649089134489,445.85714285714283,461.85714285714283,16.0,0.04035297873606774
llama,opd,80,E_general,14,0.01,7,1598.5714285714287,1609.7142857142858,11.142857142857142,0.007157444958825974,1379.7142857142858,1393.7142857142858,14.0,0.011101640149203505
llama,opd,80,E_general,14,0.025,7,1269.142857142857,1281.4285714285713,12.285714285714286,0.009914254199093314,1036.2857142857142,1050.7142857142858,14.428571428571429,0.016631433748013135
llama,opd,80,E_general,14,0.05,7,977.7142857142857,990.2857142857143,12.571428571428571,0.013142634427311862,763.2857142857143,776.2857142857143,13.0,0.021549449039947394
llama,opd,80,E_general,14,0.1,7,667.4285714285714,679.1428571428571,11.714285714285714,0.018247470654393114,506.42857142857144,517.2857142857143,10.857142857142858,0.02917153894549464
llama,opd,80,E_if,14,0.01,7,1523.7142857142858,1543.7142857142858,20.0,0.01341742066427568,1293.2857142857142,1319.857142857143,26.571428571428573,0.02181438476550148
llama,opd,80,E_if,14,0.025,7,1177.857142857143,1200.5714285714287,22.714285714285715,0.019645042467198916,940.1428571428571,966.7142857142857,26.571428571428573,0.03095561285614786
llama,opd,80,E_if,14,0.05,7,880.0,902.2857142857143,22.285714285714285,0.02536302969838725,667.4285714285714,691.2857142857143,23.857142857142858,0.04095364551848032
llama,opd,80,E_if,14,0.1,7,574.0,593.1428571428571,19.142857142857142,0.032713452854552016,416.7142857142857,435.7142857142857,19.0,0.051108407116022096
llama,opd,80,E_math,14,0.01,7,817.7142857142857,835.1428571428571,17.428571428571427,0.02111361738980605,682.4285714285714,701.7142857142857,19.285714285714285,0.02898466558730523
llama,opd,80,E_math,14,0.025,7,608.0,624.0,16.0,0.026121210547769058,478.14285714285717,495.14285714285717,17.0,0.03752445698828462
llama,opd,80,E_math,14,0.05,7,444.85714285714283,459.2857142857143,14.428571428571429,0.03180130507483482,331.42857142857144,345.42857142857144,14.0,0.0470594156200164
llama,opd,80,E_math,14,0.1,7,289.57142857142856,300.42857142857144,10.857142857142858,0.036244488731422206,203.14285714285714,213.14285714285714,10.0,0.054839744853288026
llama,opd,80,E_ood,14,0.01,7,1543.857142857143,1565.7142857142858,21.857142857142858,0.013861808259603894,1316.857142857143,1343.5714285714287,26.714285714285715,0.0211238416188525
llama,opd,80,E_ood,14,0.025,7,1200.7142857142858,1225.2857142857142,24.571428571428573,0.019675802193083566,965.1428571428571,992.7142857142857,27.571428571428573,0.031008176784632104
llama,opd,80,E_ood,14,0.05,7,903.1428571428571,928.0,24.857142857142858,0.0263501558878953,692.7142857142857,717.4285714285714,24.714285714285715,0.04114695840399874
llama,opd,80,E_ood,14,0.1,7,594.5714285714286,616.8571428571429,22.285714285714285,0.035595027199402295,442.42857142857144,461.85714285714283,19.428571428571427,0.04626703780332557
llama,seqkd,20,E_general,14,0.01,7,1610.0,1609.7142857142858,-0.2857142857142857,0.00047646771113142014,1394.0,1393.7142857142858,-0.2857142857142857,0.0005748386282327927
llama,seqkd,20,E_general,14,0.025,7,1282.0,1281.4285714285713,-0.5714285714285714,0.00021359985384922876,1050.7142857142858,1050.7142857142858,0.0,0.0017383925472503733
llama,seqkd,20,E_general,14,0.05,7,991.0,990.2857142857143,-0.7142857142857143,0.0003599676135212857,776.8571428571429,776.2857142857143,-0.5714285714285714,0.00026416738961503505
llama,seqkd,20,E_general,14,0.1,7,679.7142857142857,679.1428571428571,-0.5714285714285714,0.000991023948788436,517.5714285714286,517.2857142857143,-0.2857142857142857,0.0022688107165227856
llama,seqkd,20,E_if,14,0.01,7,1538.7142857142858,1543.7142857142858,5.0,0.0037439780351384185,1312.5714285714287,1319.857142857143,7.285714285714286,0.007096852404667794
llama,seqkd,20,E_if,14,0.025,7,1194.142857142857,1200.5714285714287,6.428571428571429,0.006300700668534901,959.2857142857143,966.7142857142857,7.428571428571429,0.009986873025779283
llama,seqkd,20,E_if,14,0.05,7,895.8571428571429,902.2857142857143,6.428571428571429,0.008122838191729655,684.2857142857143,691.2857142857143,7.0,0.014116381407210127
llama,seqkd,20,E_if,14,0.1,7,587.2857142857143,593.1428571428571,5.857142857142857,0.010585210428367976,430.14285714285717,435.7142857142857,5.571428571428571,0.014978613583656918
llama,seqkd,20,E_math,14,0.01,7,834.8571428571429,835.1428571428571,0.2857142857142857,0.0007601843277819977,700.8571428571429,701.7142857142857,0.8571428571428571,0.0019347347884929066
llama,seqkd,20,E_math,14,0.025,7,624.0,624.0,0.0,0.0007244199836935457,494.85714285714283,495.14285714285717,0.2857142857142857,0.0013793898892065638
llama,seqkd,20,E_math,14,0.05,7,459.14285714285717,459.2857142857143,0.14285714285714285,0.0014597635489174015,345.14285714285717,345.42857142857144,0.2857142857142857,0.00449058911706614
llama,seqkd,20,E_math,14,0.1,7,300.57142857142856,300.42857142857144,-0.14285714285714285,0.0005401476564076916,213.28571428571428,213.14285714285714,-0.14285714285714285,0.001712720878648119
llama,seqkd,20,E_ood,14,0.01,7,1564.5714285714287,1565.7142857142858,1.1428571428571428,0.0013452087684810241,1341.857142857143,1343.5714285714287,1.7142857142857142,0.002735961827925479
llama,seqkd,20,E_ood,14,0.025,7,1223.7142857142858,1225.2857142857142,1.5714285714285714,0.002300760196235218,991.0,992.7142857142857,1.7142857142857142,0.0038541033804946447
llama,seqkd,20,E_ood,14,0.05,7,926.4285714285714,928.0,1.5714285714285714,0.003393573101053343,716.0,717.4285714285714,1.4285714285714286,0.004888603213005831
llama,seqkd,20,E_ood,14,0.1,7,615.5714285714286,616.8571428571429,1.2857142857142858,0.004240758706147228,460.7142857142857,461.85714285714283,1.1428571428571428,0.006170045655045448
llama,seqkd,40,E_general,14,0.01,7,1610.0,1609.7142857142858,-0.2857142857142857,0.0007254672902594212,1393.5714285714287,1393.7142857142858,0.14285714285714285,0.0013925252540276049
llama,seqkd,40,E_general,14,0.025,7,1282.0,1281.4285714285713,-0.5714285714285714,0.0008515207455595178,1051.0,1050.7142857142858,-0.2857142857142857,0.001904291536061867
llama,seqkd,40,E_general,14,0.05,7,990.8571428571429,990.2857142857143,-0.5714285714285714,0.0011275802798389439,776.7142857142857,776.2857142857143,-0.42857142857142855,0.002646959795721148
llama,seqkd,40,E_general,14,0.1,7,679.7142857142857,679.1428571428571,-0.5714285714285714,0.002121731591138605,518.0,517.2857142857143,-0.7142857142857143,0.0028108096227264542
llama,seqkd,40,E_if,14,0.01,7,1538.2857142857142,1543.7142857142858,5.428571428571429,0.004446747124068441,1313.0,1319.857142857143,6.857142857142857,0.00709893044780644
llama,seqkd,40,E_if,14,0.025,7,1194.0,1200.5714285714287,6.571428571428571,0.006789167535956341,959.7142857142857,966.7142857142857,7.0,0.009694475925090712
llama,seqkd,40,E_if,14,0.05,7,895.4285714285714,902.2857142857143,6.857142857142857,0.009186011396378634,684.8571428571429,691.2857142857143,6.428571428571429,0.013643405988898053
llama,seqkd,40,E_if,14,0.1,7,587.1428571428571,593.1428571428571,6.0,0.012067239833247758,430.42857142857144,435.7142857142857,5.285714285714286,0.01447911308415642
llama,seqkd,40,E_math,14,0.01,7,834.5714285714286,835.1428571428571,0.5714285714285714,0.0015759616511863209,701.1428571428571,701.7142857142857,0.5714285714285714,0.0018533354164091845
llama,seqkd,40,E_math,14,0.025,7,624.1428571428571,624.0,-0.14285714285714285,0.0009862344128200742,494.7142857142857,495.14285714285717,0.42857142857142855,0.002867705939970868
llama,seqkd,40,E_math,14,0.05,7,459.14285714285717,459.2857142857143,0.14285714285714285,0.0021319658208172752,345.2857142857143,345.42857142857144,0.14285714285714285,0.004726356260374358
llama,seqkd,40,E_math,14,0.1,7,300.57142857142856,300.42857142857144,-0.14285714285714285,0.0015580783992941217,213.57142857142858,213.14285714285714,-0.42857142857142855,0.0005099898622525061
llama,seqkd,40,E_ood,14,0.01,7,1562.5714285714287,1565.7142857142858,3.142857142857143,0.0030308364806095655,1340.0,1343.5714285714287,3.5714285714285716,0.004580934832409467
llama,seqkd,40,E_ood,14,0.025,7,1221.857142857143,1225.2857142857142,3.4285714285714284,0.00435831111659716,989.1428571428571,992.7142857142857,3.5714285714285716,0.006880138378991334
llama,seqkd,40,E_ood,14,0.05,7,924.4285714285714,928.0,3.5714285714285716,0.006212470735757779,714.5714285714286,717.4285714285714,2.857142857142857,0.008094073996635
llama,seqkd,40,E_ood,14,0.1,7,613.8571428571429,616.8571428571429,3.0,0.008233663206703799,459.7142857142857,461.85714285714283,2.142857142857143,0.008966547582255251
llama,seqkd,80,E_general,14,0.01,7,1610.2857142857142,1609.7142857142858,-0.5714285714285714,0.0009018252844720508,1393.7142857142858,1393.7142857142858,0.0,0.00170410740648265
llama,seqkd,80,E_general,14,0.025,7,1282.2857142857142,1281.4285714285713,-0.8571428571428571,0.0013270518749353912,1051.0,1050.7142857142858,-0.2857142857142857,0.0032936007831483476
llama,seqkd,80,E_general,14,0.05,7,991.1428571428571,990.2857142857143,-0.8571428571428571,0.0017363332777751838,776.7142857142857,776.2857142857143,-0.42857142857142855,0.004528324512839655
llama,seqkd,80,E_general,14,0.1,7,680.1428571428571,679.1428571428571,-1.0,0.0025335500655606883,518.4285714285714,517.2857142857143,-1.1428571428571428,0.0021105865832134183
llama,seqkd,80,E_if,14,0.01,7,1539.142857142857,1543.7142857142858,4.571428571428571,0.004295836084541785,1313.2857142857142,1319.857142857143,6.571428571428571,0.007222452078384178
llama,seqkd,80,E_if,14,0.025,7,1194.7142857142858,1200.5714285714287,5.857142857142857,0.006779217225221461,960.0,966.7142857142857,6.714285714285714,0.010051808803990746
llama,seqkd,80,E_if,14,0.05,7,896.1428571428571,902.2857142857143,6.142857142857143,0.009369793891588096,685.4285714285714,691.2857142857143,5.857142857142857,0.012837828086656266
llama,seqkd,80,E_if,14,0.1,7,587.8571428571429,593.1428571428571,5.285714285714286,0.01153394688633474,431.0,435.7142857142857,4.714285714285714,0.013229034102271288
llama,seqkd,80,E_math,14,0.01,7,834.0,835.1428571428571,1.1428571428571428,0.0026030666771005156,699.7142857142857,701.7142857142857,2.0,0.004581858468525683
llama,seqkd,80,E_math,14,0.025,7,623.1428571428571,624.0,0.8571428571428571,0.0031569096971109842,493.2857142857143,495.14285714285717,1.8571428571428572,0.006938048844642267
llama,seqkd,80,E_math,14,0.05,7,458.2857142857143,459.2857142857143,1.0,0.00491494380541442,344.42857142857144,345.42857142857144,1.0,0.007357152413892855
llama,seqkd,80,E_math,14,0.1,7,300.0,300.42857142857144,0.42857142857142855,0.004142193066210661,212.71428571428572,213.14285714285714,0.42857142857142855,0.007607825478278006
llama,seqkd,80,E_ood,14,0.01,7,1561.142857142857,1565.7142857142858,4.571428571428571,0.004501663188396741,1338.7142857142858,1343.5714285714287,4.857142857142857,0.006148988479443805
llama,seqkd,80,E_ood,14,0.025,7,1220.5714285714287,1225.2857142857142,4.714285714285714,0.006371766069400907,987.4285714285714,992.7142857142857,5.285714285714286,0.010092762626533051
llama,seqkd,80,E_ood,14,0.05,7,923.1428571428571,928.0,4.857142857142857,0.008891595914400008,713.0,717.4285714285714,4.428571428571429,0.012642954682256837
llama,seqkd,80,E_ood,14,0.1,7,612.2857142857143,616.8571428571429,4.571428571428571,0.012648675095394565,458.42857142857144,461.85714285714283,3.4285714285714284,0.01179605728926672
llama,sft,20,E_general,14,0.01,7,1606.5714285714287,1609.7142857142858,3.142857142857143,0.00233876797855137,1391.0,1393.7142857142858,2.7142857142857144,0.0016746636016153464
llama,sft,20,E_general,14,0.025,7,1277.857142857143,1281.4285714285713,3.5714285714285716,0.003383622840076841,1047.5714285714287,1050.7142857142858,3.142857142857143,0.0027398643751257003
llama,sft,20,E_general,14,0.05,7,986.5714285714286,990.2857142857143,3.7142857142857144,0.004265274992571723,773.4285714285714,776.2857142857143,2.857142857142857,0.0025813480882225584
llama,sft,20,E_general,14,0.1,7,675.4285714285714,679.1428571428571,3.7142857142857144,0.006682008732173333,514.5714285714286,517.2857142857143,2.7142857142857144,0.0029524102894285744
llama,sft,20,E_if,14,0.01,7,1538.2857142857142,1543.7142857142858,5.428571428571429,0.003784427109818883,1313.142857142857,1319.857142857143,6.714285714285714,0.005463883411743696
llama,sft,20,E_if,14,0.025,7,1193.857142857143,1200.5714285714287,6.714285714285714,0.006214936046513924,959.8571428571429,966.7142857142857,6.857142857142857,0.007003173703620143
llama,sft,20,E_if,14,0.05,7,895.5714285714286,902.2857142857143,6.714285714285714,0.008084927897844376,684.7142857142857,691.2857142857143,6.571428571428571,0.009356542148119833
llama,sft,20,E_if,14,0.1,7,587.2857142857143,593.1428571428571,5.857142857142857,0.010112763024935262,430.2857142857143,435.7142857142857,5.428571428571429,0.011178174280363754
llama,sft,20,E_math,14,0.01,7,829.2857142857143,835.1428571428571,5.857142857142857,0.0072886217673028735,695.8571428571429,701.7142857142857,5.857142857142857,0.00832907756038606
llama,sft,20,E_math,14,0.025,7,618.7142857142857,624.0,5.285714285714286,0.008731988060023605,490.0,495.14285714285717,5.142857142857143,0.010207026451096102
llama,sft,20,E_math,14,0.05,7,454.14285714285717,459.2857142857143,5.142857142857143,0.011914622333782255,340.85714285714283,345.42857142857144,4.571428571428571,0.01507686118873384
llama,sft,20,E_math,14,0.1,7,296.57142857142856,300.42857142857144,3.857142857142857,0.013234904961473504,209.85714285714286,213.14285714285714,3.2857142857142856,0.01483353676787572
llama,sft,20,E_ood,14,0.01,7,1559.7142857142858,1565.7142857142858,6.0,0.004151485158892825,1338.0,1343.5714285714287,5.571428571428571,0.0035080334544426274
llama,sft,20,E_ood,14,0.025,7,1218.2857142857142,1225.2857142857142,7.0,0.005945506981884445,986.5714285714286,992.7142857142857,6.142857142857143,0.004709431627696045
llama,sft,20,E_ood,14,0.05,7,921.0,928.0,7.0,0.008228948885367854,711.8571428571429,717.4285714285714,5.571428571428571,0.004959313550154436
llama,sft,20,E_ood,14,0.1,7,610.4285714285714,616.8571428571429,6.428571428571429,0.01089447896350487,457.2857142857143,461.85714285714283,4.571428571428571,0.0024759875114042725
llama,sft,40,E_general,14,0.01,7,1606.0,1609.7142857142858,3.7142857142857144,0.002861425618741974,1390.142857142857,1393.7142857142858,3.5714285714285716,0.0023155171015791193
llama,sft,40,E_general,14,0.025,7,1277.4285714285713,1281.4285714285713,4.0,0.003722682514579554,1046.857142857143,1050.7142857142858,3.857142857142857,0.003558969181339238
llama,sft,40,E_general,14,0.05,7,986.1428571428571,990.2857142857143,4.142857142857143,0.005267269912373145,772.7142857142857,776.2857142857143,3.5714285714285716,0.003211034994253344
llama,sft,40,E_general,14,0.1,7,675.2857142857143,679.1428571428571,3.857142857142857,0.007198475422754971,514.0,517.2857142857143,3.2857142857142856,0.0037575210990276183
llama,sft,40,E_if,14,0.01,7,1537.0,1543.7142857142858,6.714285714285714,0.004534343205535606,1312.0,1319.857142857143,7.857142857142857,0.006064425980800624
llama,sft,40,E_if,14,0.025,7,1192.857142857143,1200.5714285714287,7.714285714285714,0.006906633392404366,958.7142857142857,966.7142857142857,8.0,0.0075112673225156525
llama,sft,40,E_if,14,0.05,7,894.4285714285714,902.2857142857143,7.857142857142857,0.00928775935521533,683.5714285714286,691.2857142857143,7.714285714285714,0.010349607479659084
llama,sft,40,E_if,14,0.1,7,586.2857142857143,593.1428571428571,6.857142857142857,0.011763090043758648,429.2857142857143,435.7142857142857,6.428571428571429,0.009289347614226383
llama,sft,40,E_math,14,0.01,7,828.5714285714286,835.1428571428571,6.571428571428571,0.008354492369736335,694.7142857142857,701.7142857142857,7.0,0.010646974903306747
llama,sft,40,E_math,14,0.025,7,618.0,624.0,6.0,0.010266694333954706,488.85714285714283,495.14285714285717,6.285714285714286,0.013790631153081327
llama,sft,40,E_math,14,0.05,7,453.85714285714283,459.2857142857143,5.428571428571429,0.012631317966570335,340.42857142857144,345.42857142857144,5.0,0.01693513698354033
llama,sft,40,E_math,14,0.1,7,296.14285714285717,300.42857142857144,4.285714285714286,0.014933988657388278,209.42857142857142,213.14285714285714,3.7142857142857144,0.019328266185782646
llama,sft,40,E_ood,14,0.01,7,1559.5714285714287,1565.7142857142858,6.142857142857143,0.00439759550476139,1337.7142857142858,1343.5714285714287,5.857142857142857,0.003613389574998916
llama,sft,40,E_ood,14,0.025,7,1218.5714285714287,1225.2857142857142,6.714285714285714,0.005609568334897653,986.5714285714286,992.7142857142857,6.142857142857143,0.00436343082959176
llama,sft,40,E_ood,14,0.05,7,921.0,928.0,7.0,0.00817325912855634,711.5714285714286,717.4285714285714,5.857142857142857,0.00615432185490067
llama,sft,40,E_ood,14,0.1,7,610.5714285714286,616.8571428571429,6.285714285714286,0.010505470679385065,457.0,461.85714285714283,4.857142857142857,0.006007456480154054
llama,sft,80,E_general,14,0.01,7,1604.7142857142858,1609.7142857142858,5.0,0.0038450588299849785,1388.4285714285713,1393.7142857142858,5.285714285714286,0.004022846173219642
llama,sft,80,E_general,14,0.025,7,1276.0,1281.4285714285713,5.428571428571429,0.005152742820613556,1045.0,1050.7142857142858,5.714285714285714,0.0058504264841702696
llama,sft,80,E_general,14,0.05,7,984.4285714285714,990.2857142857143,5.857142857142857,0.007056915999669835,771.1428571428571,776.2857142857143,5.142857142857143,0.006410441461012435
llama,sft,80,E_general,14,0.1,7,673.8571428571429,679.1428571428571,5.285714285714286,0.009680161984387623,512.5714285714286,517.2857142857143,4.714285714285714,0.012382439625027247
llama,sft,80,E_if,14,0.01,7,1532.857142857143,1543.7142857142858,10.857142857142858,0.007690473176128136,1306.0,1319.857142857143,13.857142857142858,0.011528604890184174
llama,sft,80,E_if,14,0.025,7,1188.0,1200.5714285714287,12.571428571428571,0.011433286649635185,952.5714285714286,966.7142857142857,14.142857142857142,0.016326069564572818
llama,sft,80,E_if,14,0.05,7,889.4285714285714,902.2857142857143,12.857142857142858,0.01565497027389001,678.2857142857143,691.2857142857143,13.0,0.021990577249874355
llama,sft,80,E_if,14,0.1,7,582.0,593.1428571428571,11.142857142857142,0.020666320361721478,425.2857142857143,435.7142857142857,10.428571428571429,0.02501422484009545
llama,sft,80,E_math,14,0.01,7,825.7142857142857,835.1428571428571,9.428571428571429,0.012075743986354645,690.8571428571429,701.7142857142857,10.857142857142858,0.01719337933569946
llama,sft,80,E_math,14,0.025,7,615.1428571428571,624.0,8.857142857142858,0.01542665800772434,485.57142857142856,495.14285714285717,9.571428571428571,0.02219130889049733
llama,sft,80,E_math,14,0.05,7,451.2857142857143,459.2857142857143,8.0,0.019134445398602172,337.2857142857143,345.42857142857144,8.142857142857142,0.029831230728017022
llama,sft,80,E_math,14,0.1,7,294.14285714285717,300.42857142857144,6.285714285714286,0.02236287778415911,207.14285714285714,213.14285714285714,6.0,0.037724804189101575
llama,sft,80,E_ood,14,0.01,7,1556.4285714285713,1565.7142857142858,9.285714285714286,0.006799361214242557,1333.5714285714287,1343.5714285714287,10.0,0.007521809946123298
llama,sft,80,E_ood,14,0.025,7,1214.857142857143,1225.2857142857142,10.428571428571429,0.009607202569033859,982.2857142857143,992.7142857142857,10.428571428571429,0.010002865345201924
llama,sft,80,E_ood,14,0.05,7,917.4285714285714,928.0,10.571428571428571,0.012852244338607379,707.8571428571429,717.4285714285714,9.571428571428571,0.012174880148970755
llama,sft,80,E_ood,14,0.1,7,607.2857142857143,616.8571428571429,9.571428571428571,0.017074366868292033,453.7142857142857,461.85714285714283,8.142857142857142,0.015090498715585604
