absolute_contraction_mean,arm,checkpoint,epsilon,layer,model,module_count_x,probe_name,c_epsilon,relative_functional_contraction_ratio_of_means_sensitivity,sample_count_x,source_name,source_protocol,state_rank_base_mean,state_rank_current_mean,state_rank_delta_mean,track,absolute_delta_nll_cumulative,aggregation,cumulative_kl_base_to_current,delta_nll_cumulative,nll_base,nll_current,sample_count_y,module_count_y,raw_update_energy_equal7,whitened_update_energy_equal7,whitened_update_energy_fixed_equal7,activation_exposure_ratio_equal7,p_k4,p_k8,p_k16,p_k32,pk_track,tpnt_overlap_lift,tpnt_lift_minus_null,tpnt_coverage,pabs_joint_mean_cos,nss_l1_top32,nss_l2_top32,normalized_entropy_effective_rank,participation_ratio,top1_explained_share,top8_explained_share,top32_explained_share,raw_anisotropy,centered_anisotropy,linear_cka_vs_step0,_merge,has_raw_activation,row_id,is_opd,demeaned_c_epsilon,demeaned_p_k4,demeaned_p_k8,demeaned_p_k16,demeaned_p_k32,demeaned_normalized_entropy_effective_rank,demeaned_participation_ratio,demeaned_linear_cka_vs_step0,demeaned_cumulative_kl_base_to_current,demeaned_absolute_delta_nll_cumulative,demeaned_delta_nll_cumulative
0.1428571428571428,offkd,5,0.05,14,llama,7,E_general,7.927699381639449e-05,0.000184026499816,128.0,llama_d10_matched_numeric,D10_bf16_forward_fp64_eigh_svd,776.2857142857143,776.1428571428571,-0.1428571428571428,llama_d10_matched_numeric,0.0395591591368429,sample_equal_mean_of_token_weighted_rows,0.0017256704877581,0.002201866323503,2.6890528984367847,2.6912547377869487,128,7,0.0025738554624175,0.0003077038250661,0.0003072923516031,1.001631548583464,7.272660387310939e-06,2.2389927023271283e-05,6.004984295159991e-05,0.000189578620588,llama_d11_bf16_merged_minus_base,0.6032071920520131,0.0130576835023667,0.0402282692413255,0.9997922563544948,0.3233532297534758,0.0583883245488508,1.2184892562918772,1.0346001099682514,0.9831356873861884,0.9852905417063093,0.9879971219387128,0.7964951395988464,-0.0024473371449857,0.9999974966049194,both,True,0,0,-0.00134212282279948,1.5202982451358234e-06,3.597090020386012e-06,5.1987618852276365e-06,4.729022683600009e-06,0.08621405708282603,0.013465071629872982,2.4102628231048584e-06,-0.0007032565778199126,-0.004818620257196697,0.00307927664404135
2.7142857142857144,offkd,5,0.05,14,llama,7,E_if,0.005518894873359,0.0039264310808019,541.0,llama_d10_matched_numeric,D10_bf16_forward_fp64_eigh_svd,691.2857142857143,688.5714285714286,-2.7142857142857144,llama_d10_matched_numeric,0.0564871152343018,sample_equal_mean_of_token_weighted_rows,0.0032699063380271,-0.0040985743508522,3.344583368565812,3.340484784623391,541,7,0.0025738554624175,0.0003336927867556,0.0003322242404725,1.0041819502492633,7.272660387310939e-06,2.2389927023271283e-05,6.004984295159991e-05,0.000189578620588,llama_d11_bf16_merged_minus_base,0.6032071920520131,0.0130576835023667,0.0402282692413255,0.9997922563544948,0.3233532297534758,0.0583883245488508,1.0581948640651522,1.0089436739906472,0.9955578678496328,0.9963189476550762,0.9970855986084964,0.965201199054718,0.0122524732723832,0.9999971985816956,both,True,1,0,0.004097495056743125,1.5202982451358234e-06,3.597090020386012e-06,5.1987618852276365e-06,4.729022683600009e-06,-0.074080335143899,-0.01219136434773116,2.1122395992279053e-06,0.0008409792724490875,0.012109335840262199,-0.0032211640303138503
-0.2857142857142857,offkd,5,0.05,14,llama,7,E_math,-0.0005914618388821,-0.0008271298593879,32.0,llama_d10_matched_numeric,D10_bf16_forward_fp64_eigh_svd,345.42857142857144,345.7142857142857,0.2857142857142857,llama_d10_matched_numeric,0.0481003484455868,sample_equal_mean_of_token_weighted_rows,0.0026469066360732,-0.0050348421027592,2.0786754116415977,2.0736405961215496,32,7,0.0025738554624175,0.0004349749391881,0.0004351731395217,1.000891162126045,7.272660387310939e-06,2.2389927023271283e-05,6.004984295159991e-05,0.000189578620588,llama_d11_bf16_merged_minus_base,0.6032071920520131,0.0130576835023667,0.0402282692413255,0.9997922563544948,0.3233532297534758,0.0583883245488508,1.0455660249123864,1.0072940117296838,0.9963727620813916,0.9970777223920168,0.99789790503245,0.9237409830093384,0.0665884763002395,0.999999463558197,both,True,2,0,-0.002012861655497975,1.5202982451358234e-06,3.597090020386012e-06,5.1987618852276365e-06,4.729022683600009e-06,-0.0867091742966648,-0.013841026608694573,4.377216100692749e-06,0.0002179795704951872,0.003722569051547199,-0.00415743178222085
0.4285714285714285,offkd,5,0.05,14,llama,7,E_ood,0.001355341798413,0.0005973715651135,128.0,llama_d10_matched_numeric,D10_bf16_forward_fp64_eigh_svd,717.4285714285714,717.0,-0.4285714285714285,llama_d10_matched_numeric,0.0330427123772096,sample_equal_mean_of_token_weighted_rows,0.0017755741923792,-0.0037123028073438,1.637078640051186,1.6333663277328014,128,7,0.0025738554624175,0.0003547332596229,0.0003536990220059,1.0043629000663985,7.272660387310939e-06,2.2389927023271283e-05,6.004984295159991e-05,0.000189578620588,llama_d11_bf16_merged_minus_base,0.6032071920520131,0.0130576835023667,0.0402282692413255,0.9997922563544948,0.3233532297534758,0.0583883245488508,1.2069366823602816,1.033715303148175,0.9835557744288512,0.9867275389150724,0.9893737483392728,0.789137601852417,-0.0027166183572262,0.9999932050704956,both,True,3,0,-6.605801820287467e-05,1.5202982451358234e-06,3.597090020386012e-06,5.1987618852276365e-06,4.729022683600009e-06,0.07466148315123045,0.01258026480979657,-1.8812716007232666e-06,-0.0006533528731988126,-0.01133506701683,-0.00283489248680545
0.5714285714285714,offkd,20,0.05,14,llama,7,E_general,0.0017228536062524,0.000736105999264,128.0,llama_d10_matched_numeric,D10_bf16_forward_fp64_eigh_svd,776.2857142857143,775.7142857142857,-0.5714285714285714,llama_d10_matched_numeric,0.082068707444705,sample_equal_mean_of_token_weighted_rows,0.0076448562613222,0.0111825924950608,2.6890528984367847,2.700235463678837,128,7,0.018222322454676,0.00247975507643,0.0024585148255157,1.0101494947440823,1.1071500417918806e-05,2.682641372432824e-05,7.269333777261854e-05,0.0002287459028593,llama_d11_bf16_merged_minus_base,0.6583494075967925,0.0087262926095361,0.0425919170645032,0.9997974090820656,0.3233532106228234,0.0583887887968039,1.2203595228749775,1.0348989624136802,0.9829937150825484,0.9851624430649796,0.9878914529628434,0.7958928942680359,-0.0024562811013311,0.9999874830245972,both,True,4,0,-0.010371107601299131,-2.2277748468825733e-06,-9.60635535257843e-06,-2.021655258690024e-05,-3.8850076764775034e-05,0.08739347363323557,0.013627679145297611,2.434477210044861e-05,-0.024068215977161835,-0.06496009537922727,0.0016380937384954941
7.0,offkd,20,0.05,14,llama,7,E_if,0.0128540596095353,0.0101260591031204,541.0,llama_d10_matched_numeric,D10_bf16_forward_fp64_eigh_svd,691.2857142857143,684.2857142857143,-7.0,llama_d10_matched_numeric,0.1525190623198221,sample_equal_mean_of_token_weighted_rows,0.0256889011752197,-0.0109905065274014,3.344583368565812,3.3335928520301352,541,7,0.018222322454676,0.0031864451053219,0.0030485804558598,1.0416992266284244,1.1071500417918806e-05,2.682641372432824e-05,7.269333777261854e-05,0.0002287459028593,llama_d11_bf16_merged_minus_base,0.6583494075967925,0.0087262926095361,0.0425919170645032,0.9997974090820656,0.3233532106228234,0.0583887887968039,1.058402601183591,1.008986904304266,0.9955365386648396,0.9963053915052454,0.997080833761393,0.9652099609375,0.0122639890760183,0.9999849200248718,both,True,5,0,0.0007600984019837682,-2.2277748468825733e-06,-9.60635535257843e-06,-2.021655258690024e-05,-3.8850076764775034e-05,-0.07456344805815096,-0.012284378964116494,2.178177237510681e-05,-0.006024171063264333,0.0054902594958898265,-0.020535005283966706
1.1428571428571428,offkd,20,0.05,14,llama,7,E_math,0.0068173650004162,0.0033085194375517,32.0,llama_d10_matched_numeric,D10_bf16_forward_fp64_eigh_svd,345.42857142857144,344.2857142857143,-1.1428571428571428,llama_d10_matched_numeric,0.1194006463047117,sample_equal_mean_of_token_weighted_rows,0.0186710162379313,-0.0345676847209688,2.0786754116415977,2.044107731431722,32,7,0.018222322454676,0.0040073929599852,0.0039762923510612,1.009209411308301,1.1071500417918806e-05,2.682641372432824e-05,7.269333777261854e-05,0.0002287459028593,llama_d11_bf16_merged_minus_base,0.6583494075967925,0.0087262926095361,0.0425919170645032,0.9997974090820656,0.3233532106228234,0.0583887887968039,1.04601007159526,1.0073703154298028,0.9963350247351798,0.9970452591431236,0.9978759210205402,0.9234113097190856,0.066677913069725,0.9999973177909852,both,True,6,0,-0.005276596207135332,-2.2277748468825733e-06,-9.60635535257843e-06,-2.021655258690024e-05,-3.8850076764775034e-05,-0.08695597764648189,-0.013900967838579747,3.4179538488499084e-05,-0.013042056000552735,-0.02762815651922057,-0.04411218347753411
2.2857142857142856,offkd,20,0.05,14,llama,7,E_ood,0.0062498338671533,0.0031859816806054,128.0,llama_d10_matched_numeric,D10_bf16_forward_fp64_eigh_svd,717.4285714285714,715.1428571428571,-2.2857142857142856,llama_d10_matched_numeric,0.0722990023787133,sample_equal_mean_of_token_weighted_rows,0.010434715415613,-0.0123668675660155,1.637078640051186,1.624711766373366,128,7,0.018222322454676,0.0031778135744389,0.0031139545109389,1.0238853044206755,1.1071500417918806e-05,2.682641372432824e-05,7.269333777261854e-05,0.0002287459028593,llama_d11_bf16_merged_minus_base,0.6583494075967925,0.0087262926095361,0.0425919170645032,0.9997974090820656,0.3233532106228234,0.0583887887968039,1.2095765702670942,1.034185051227154,0.9833323225953458,0.9865655840928884,0.9892553798590626,0.7886911630630493,-0.0026721570175141,0.9999487400054932,both,True,7,0,-0.0058441273403982315,-2.2277748468825733e-06,-9.60635535257843e-06,-2.021655258690024e-05,-3.8850076764775034e-05,0.07661052102535226,0.012913767958771416,-1.4398247003555298e-05,-0.021278356822871033,-0.07472980044521897,-0.021911366322580804
1.4285714285714286,offkd,40,0.05,14,llama,7,E_general,0.0051209072572701,0.0018402649981597,128.0,llama_d10_matched_numeric,D10_bf16_forward_fp64_eigh_svd,776.2857142857143,774.8571428571429,-1.4285714285714286,llama_d10_matched_numeric,0.1095734770642593,sample_equal_mean_of_token_weighted_rows,0.0151167464391619,0.0181476204998034,2.6890528984367847,2.707200493663549,128,7,0.0369096580626709,0.0054852101727322,0.0054170049219724,1.0158287719169066,1.120642115535832e-05,2.7311253185344868e-05,7.182348105871601e-05,0.0002245934073081,llama_d11_bf16_merged_minus_base,0.6866971861021854,-0.0003462966518219,0.0438043177554984,0.9997859592373168,0.3233531610942588,0.0583880750841497,1.222045472200095,1.0351686595403962,0.9828656463963402,0.9850460223927852,0.9877944990479992,0.7951083183288574,-0.0024761571548879,0.9999715089797974,both,True,8,0,-0.009956920391452819,-3.6685589443712673e-06,-1.2287200170090745e-05,-2.401098257515348e-05,-5.198070942110002e-05,0.08793951082969143,0.01370063491736917,2.9496848583221436e-05,-0.04424639693705534,-0.09461545082250267,-0.006911856013195463
7.428571428571429,offkd,40,0.05,14,llama,7,E_if,0.014788635880968,0.0107460219053523,541.0,llama_d10_matched_numeric,D10_bf16_forward_fp64_eigh_svd,691.2857142857143,683.8571428571429,-7.428571428571429,llama_d10_matched_numeric,0.1827184783222494,sample_equal_mean_of_token_weighted_rows,0.0391923265700364,-0.0077042492832162,3.344583368565812,3.3368791106007234,541,7,0.0369096580626709,0.0078828107382703,0.0073410665583131,1.0637565612335638,1.120642115535832e-05,2.7311253185344868e-05,7.182348105871601e-05,0.0002245934073081,llama_d11_bf16_merged_minus_base,0.6866971861021854,-0.0003462966518219,0.0438043177554984,0.9997859592373168,0.3233531610942588,0.0583880750841497,1.0589755327076262,1.0090802936147625,0.9954904683118394,0.996266028452314,0.9970500449631092,0.965067446231842,0.0122224548831582,0.999975860118866,both,True,9,0,-0.0002891917677549198,-3.6685589443712673e-06,-1.2287200170090745e-05,-2.401098257515348e-05,-5.198070942110002e-05,-0.07513042866277742,-0.012387731008264513,3.384798765182495e-05,-0.020170816806180845,-0.02147044956451255,-0.03276372579621506
1.2857142857142858,offkd,40,0.05,14,llama,7,E_math,0.0075808617465363,0.0037220843672456,32.0,llama_d10_matched_numeric,D10_bf16_forward_fp64_eigh_svd,345.42857142857144,344.1428571428572,-1.2857142857142858,llama_d10_matched_numeric,0.1639347940217703,sample_equal_mean_of_token_weighted_rows,0.0356035729346331,-0.0496827349998056,2.0786754116415977,2.02899269387126,32,7,0.0369096580626709,0.0095374506282886,0.0093354949203785,1.0225880489383408,1.120642115535832e-05,2.7311253185344868e-05,7.182348105871601e-05,0.0002245934073081,llama_d11_bf16_merged_minus_base,0.6866971861021854,-0.0003462966518219,0.0438043177554984,0.9997859592373168,0.3233531610942588,0.0583880750841497,1.0465870562429271,1.0074699653251409,0.9962857473964865,0.997005954379648,0.997847776279005,0.9230638146400452,0.0660752579569816,0.999990463256836,both,True,10,0,-0.007496965902186619,-3.6685589443712673e-06,-1.2287200170090745e-05,-2.401098257515348e-05,-5.198070942110002e-05,-0.08751890512747651,-0.013998059297886112,4.8451125621906677e-05,-0.023759570441584145,-0.04025413386499166,-0.07474221151280447
4.714285714285714,offkd,40,0.05,14,llama,7,E_ood,0.0120849111190228,0.0065710872162485,128.0,llama_d10_matched_numeric,D10_bf16_forward_fp64_eigh_svd,717.4285714285714,712.7142857142857,-4.714285714285714,llama_d10_matched_numeric,0.097536185872741,sample_equal_mean_of_token_weighted_rows,0.0189553670206805,-0.0132419357669277,1.637078640051186,1.6238367115147412,128,7,0.0369096580626709,0.0077808117535563,0.0075238106988503,1.038724635106624,1.120642115535832e-05,2.7311253185344868e-05,7.182348105871601e-05,0.0002245934073081,llama_d11_bf16_merged_minus_base,0.6866971861021854,-0.0003462966518219,0.0438043177554984,0.9997859592373168,0.3233531610942588,0.0583880750841497,1.2131124235763775,1.034802557216399,0.9830388174399306,0.9863470395342392,0.9890894424888096,0.7865294218063354,-0.0027293202001601,0.9998663663864136,both,True,11,0,-0.002992916529700119,-3.6685589443712673e-06,-1.2287200170090745e-05,-2.401098257515348e-05,-5.198070942110002e-05,0.07900646220597385,0.013334532593372028,-7.564574480056763e-05,-0.040407776355536745,-0.10665274201402096,-0.03830141227992656
2.4285714285714284,offkd,160,0.05,14,llama,7,E_general,0.0108391698911579,0.0031284504968715,128.0,llama_d10_matched_numeric,D10_bf16_forward_fp64_eigh_svd,776.2857142857143,773.8571428571429,-2.4285714285714284,llama_d10_matched_numeric,0.1427616789005696,sample_equal_mean_of_token_weighted_rows,0.0264714462755364,0.0230557414615759,2.6890528984367847,2.712108603678644,128,7,0.153382485466344,0.0518385911044398,0.0480842615610786,1.0413781675640854,1.4700081749197125e-05,3.256196919210071e-05,8.478359554177858e-05,0.0002558181430296,llama_d11_bf16_merged_minus_base,0.775290122953994,-0.0060748355364483,0.0472235833657309,0.9997925129742826,0.3233531856180281,0.058388929484295,1.2214943021843008,1.0350789100698508,0.9829082604709776,0.9850792217668308,0.9878197199839088,0.7962892651557922,-0.0024156062863767,0.9999219179153442,both,True,12,0,-0.01333181593017153,-6.222723348920613e-06,-1.584500516367627e-05,-3.074077280219468e-05,-6.22313174452e-05,0.08843185891854377,0.013762024171631637,4.507601261138916e-05,-0.07070556467491494,-0.1235446141877379,-0.02193608083723947
9.428571428571429,offkd,160,0.05,14,llama,7,E_if,0.0225749929800485,0.013639181649101,541.0,llama_d10_matched_numeric,D10_bf16_forward_fp64_eigh_svd,691.2857142857143,681.8571428571429,-9.428571428571429,llama_d10_matched_numeric,0.237787853313572,sample_equal_mean_of_token_weighted_rows,0.0742833617172598,0.0047556973818186,3.344583368565812,3.3493390585710734,541,7,0.153382485466344,0.0959801319487659,0.078036804018276,1.1242646761934358,1.4700081749197125e-05,3.256196919210071e-05,8.478359554177858e-05,0.0002558181430296,llama_d11_bf16_merged_minus_base,0.775290122953994,-0.0060748355364483,0.0472235833657309,0.9997925129742826,0.3233531856180281,0.058388929484295,1.058404901357057,1.0089897049751988,0.9955351568694448,0.9963037980514362,0.9970808170229768,0.9655107259750366,0.0122513677924871,0.999886393547058,both,True,13,0,-0.0015959928412809313,-6.222723348920613e-06,-1.584500516367627e-05,-3.074077280219468e-05,-6.22313174452e-05,-0.07465754190870011,-0.01232718092302032,9.551644325145325e-06,-0.022893649233191538,-0.028518439774735505,-0.04023612491699677
1.5714285714285714,offkd,160,0.05,14,llama,7,E_math,0.0117652123997018,0.0045492142266336,32.0,llama_d10_matched_numeric,D10_bf16_forward_fp64_eigh_svd,345.42857142857144,343.85714285714283,-1.5714285714285714,llama_d10_matched_numeric,0.221352889901027,sample_equal_mean_of_token_weighted_rows,0.0703603173024021,-0.0521335485391318,2.0786754116415977,2.026541883125901,32,7,0.153382485466344,0.1368978878017515,0.123325040696987,1.0581242259603936,1.4700081749197125e-05,3.256196919210071e-05,8.478359554177858e-05,0.0002558181430296,llama_d11_bf16_merged_minus_base,0.775290122953994,-0.0060748355364483,0.0472235833657309,0.9997925129742826,0.3233531856180281,0.058388929484295,1.045957369251227,1.0073616323920604,0.9963393185921569,0.997048758837415,0.9978775003092348,0.923102080821991,0.0687426254153251,0.9999677538871764,both,True,14,0,-0.01240577342162763,-6.222723348920613e-06,-1.584500516367627e-05,-3.074077280219468e-05,-6.22313174452e-05,-0.08710507401453005,-0.013955253506158671,9.091198444355353e-05,-0.026816693648049242,-0.0449534031872805,-0.09712537083794717
6.714285714285714,offkd,160,0.05,14,llama,7,E_ood,0.0174206444174231,0.0093588211867782,128.0,llama_d10_matched_numeric,D10_bf16_forward_fp64_eigh_svd,717.4285714285714,710.7142857142857,-6.714285714285714,llama_d10_matched_numeric,0.1340155248180963,sample_equal_mean_of_token_weighted_rows,0.0364593485719524,-0.0147412231181078,1.637078640051186,1.6223374088294804,128,7,0.153382485466344,0.1020694601881716,0.0883831420381154,1.0858431205424046,1.4700081749197125e-05,3.256196919210071e-05,8.478359554177858e-05,0.0002558181430296,llama_d11_bf16_merged_minus_base,0.775290122953994,-0.0060748355364483,0.0472235833657309,0.9997925129742826,0.3233531856180281,0.058388929484295,1.212171535627756,1.0346848582866413,0.9830946984395528,0.986429667614869,0.9891615479495292,0.7857622504234314,-0.00265186233446,0.9996922612190248,both,True,15,0,-0.006750341403906332,-6.222723348920613e-06,-1.584500516367627e-05,-3.074077280219468e-05,-6.22313174452e-05,0.07910909236199903,0.013367972388422134,-0.0001845806837080799,-0.06071766237849894,-0.1322907682702112,-0.05973304541692317
0.1428571428571428,opd,5,0.05,14,llama,7,E_general,-0.0015855310184075,0.000184026499816,128.0,llama_d10_matched_numeric,D10_bf16_forward_fp64_eigh_svd,776.2857142857143,776.1428571428571,-0.1428571428571428,llama_d10_matched_numeric,0.031617207074305,sample_equal_mean_of_token_weighted_rows,0.0011504399485602,-0.0006188364741319,2.6890528984367847,2.688434035517276,128,7,0.0023377326017777,0.000246416533108,0.0002465661340725,0.9999875110196152,2.3994940322934e-06,1.5239811351161084e-05,4.915188193469973e-05,0.0001586695091515,llama_d11_bf16_merged_minus_base,0.5984204432323,0.0095011652211448,0.0400656012017766,0.9998006645077684,0.3233532272290954,0.058388509997029,1.2173814176111843,1.034421256766319,0.9832206825392782,0.9853664932788572,0.9880579835760924,0.7966663241386414,-0.0024426949676126,0.9999952912330629,both,True,16,1,-0.0030069308350233748,-3.352868109881716e-06,-3.5530256517241866e-06,-5.699199131672537e-06,-2.618008875289999e-05,0.08510621840213317,0.013286218427940533,2.0489096652642758e-07,-0.0012784871170178126,-0.012760572319734598,0.00025857384640645014
0.2857142857142857,opd,5,0.05,14,llama,7,E_if,-0.0002934970648806,0.0004133085348213,541.0,llama_d10_matched_numeric,D10_bf16_forward_fp64_eigh_svd,691.2857142857143,691.0,-0.2857142857142857,llama_d10_matched_numeric,0.0412698700342348,sample_equal_mean_of_token_weighted_rows,0.0017063233292577,-0.001757048944514,3.344583368565812,3.3428263186086347,541,7,0.0023377326017777,0.000327428361483,0.0003278650066412,1.0015195650998767,2.3994940322934e-06,1.5239811351161084e-05,4.915188193469973e-05,0.0001586695091515,llama_d11_bf16_merged_minus_base,0.5984204432323,0.0095011652211448,0.0400656012017766,0.9998006645077684,0.3233532272290954,0.058388509997029,1.058097706800543,1.008921861489999,0.9955686303982304,0.9963252113226996,0.997086534562124,0.9653472900390624,0.0122778648510575,0.9999956488609314,both,True,17,1,-0.0017148968814964746,-3.352868109881716e-06,-3.5530256517241866e-06,-5.699199131672537e-06,-2.618008875289999e-05,-0.07417749240850813,-0.012213176848379304,5.62518835067749e-07,-0.0007226037363203127,-0.003107909359804796,-0.0008796386239756499
0.2857142857142857,opd,5,0.05,14,llama,7,E_math,0.0012280982314565,0.0008271298593879,32.0,llama_d10_matched_numeric,D10_bf16_forward_fp64_eigh_svd,345.42857142857144,345.1428571428572,-0.2857142857142857,llama_d10_matched_numeric,0.03602486877935,sample_equal_mean_of_token_weighted_rows,0.0015593386033287,-0.0037561850294878,2.0786754116415977,2.0749192498624325,32,7,0.0023377326017777,0.0002987704011892,0.0002994132481554,1.0001695965195296,2.3994940322934e-06,1.5239811351161084e-05,4.915188193469973e-05,0.0001586695091515,llama_d11_bf16_merged_minus_base,0.5984204432323,0.0095011652211448,0.0400656012017766,0.9998006645077684,0.3233532272290954,0.058388509997029,1.0454404578644003,1.0072725614114284,0.9963833713704764,0.9970875608334206,0.9979053482166016,0.9239678978919984,0.0667541995644569,0.9999971985816956,both,True,18,1,-0.00019330158515937462,-3.352868109881716e-06,-3.5530256517241866e-06,-5.699199131672537e-06,-2.618008875289999e-05,-0.08683474134465086,-0.013862476926949974,2.1122395992279053e-06,-0.0008695884622493125,-0.008352910614689596,-0.00287877470894945
-0.1428571428571428,opd,5,0.05,14,llama,7,E_ood,-0.0011614401858304,-0.0001991238550377,128.0,llama_d10_matched_numeric,D10_bf16_forward_fp64_eigh_svd,717.4285714285714,717.5714285714286,0.1428571428571428,llama_d10_matched_numeric,0.0286674265953479,sample_equal_mean_of_token_weighted_rows,0.0013221796557445,0.0039959080093012,1.637078640051186,1.6410745372995734,128,7,0.0023377326017777,0.0003367253015572,0.0003374777035267,0.9993727334097016,2.3994940322934e-06,1.5239811351161084e-05,4.915188193469973e-05,0.0001586695091515,llama_d11_bf16_merged_minus_base,0.5984204432323,0.0095011652211448,0.0400656012017766,0.9998006645077684,0.3233532272290954,0.058388509997029,1.205943258031024,1.0335439052784254,0.9836373367347628,0.9867933523784196,0.9894210826231474,0.7889164686203003,-0.0027248680125921,0.9999913573265076,both,True,19,1,-0.0025828400024462744,-3.352868109881716e-06,-3.5530256517241866e-06,-5.699199131672537e-06,-2.618008875289999e-05,0.07366805882197291,0.012408866940047059,-3.729015588760376e-06,-0.0011067474098335126,-0.0157103527986917,0.0048733183298395495
9.0,opd,20,0.05,14,llama,7,E_general,0.0137456525529159,0.0115936694884063,128.0,llama_d10_matched_numeric,D10_bf16_forward_fp64_eigh_svd,776.2857142857143,767.2857142857143,-9.0,llama_d10_matched_numeric,0.1648124433704652,sample_equal_mean_of_token_weighted_rows,0.0270437353174202,0.0188034251859789,2.6890528984367847,2.707856305874884,128,7,0.0294283244625798,0.0076001964376441,0.0074308021409836,1.0265117206877885,2.113360148671616e-05,7.22434032078295e-05,0.0001687375146762,0.0004033254995841,llama_d11_bf16_merged_minus_base,0.6847705896301959,0.0060851260582629,0.043699056843582,0.9997940432392952,0.3233532085688506,0.0583883149138349,1.2155207681631113,1.0341819188549275,0.9833344403795478,0.9854977908691716,0.988188027699433,0.8046398162841797,-0.0024198237806558,0.9999690651893616,both,True,20,1,0.0016516913453643676,7.83432622191478e-06,3.581063413092283e-05,7.582762431668123e-05,0.00013572951996002497,0.08255471892136934,0.012910635586544927,5.926936864852905e-06,-0.0046693369210638325,0.01778364054653292,0.009258926429413596
16.0,opd,20,0.05,14,llama,7,E_if,0.0277722864691498,0.0231452779499896,541.0,llama_d10_matched_numeric,D10_bf16_forward_fp64_eigh_svd,691.2857142857143,675.2857142857143,-16.0,llama_d10_matched_numeric,0.2454052803256375,sample_equal_mean_of_token_weighted_rows,0.0557483136034166,0.016410476981719,3.344583368565812,3.3609938403374606,541,7,0.0294283244625798,0.0117743500741198,0.0115062864247842,1.064867972227294,2.113360148671616e-05,7.22434032078295e-05,0.0001687375146762,0.0004033254995841,llama_d11_bf16_merged_minus_base,0.6847705896301959,0.0060851260582629,0.043699056843582,0.9997940432392952,0.3233532085688506,0.0583883149138349,1.0576628251869074,1.0088730910780723,0.9955926927673944,0.9963597809249488,0.9971251047613044,0.9654143452644348,0.0123919323086738,0.999975323677063,both,True,21,1,0.015678325261598267,7.83432622191478e-06,3.581063413092283e-05,7.582762431668123e-05,0.00013572951996002497,-0.07530322405483458,-0.012398192190310242,1.2185424566268921e-05,0.02403524136493257,0.09837647750170522,0.006865978225153696
11.571428571428571,opd,20,0.05,14,llama,7,E_math,0.0406975224278729,0.033498759305211,32.0,llama_d10_matched_numeric,D10_bf16_forward_fp64_eigh_svd,345.42857142857144,333.85714285714283,-11.571428571428571,llama_d10_matched_numeric,0.3566635833121836,sample_equal_mean_of_token_weighted_rows,0.1336907227523625,0.0964539686683565,2.0786754116415977,2.175129383802414,32,7,0.0294283244625798,0.0203951732588133,0.0197411471246076,1.0586703492248195,2.113360148671616e-05,7.22434032078295e-05,0.0001687375146762,0.0004033254995841,llama_d11_bf16_merged_minus_base,0.6847705896301959,0.0060851260582629,0.043699056843582,0.9997940432392952,0.3233532085688506,0.0583883149138349,1.045101360054593,1.0072316478057262,0.9964036071764528,0.9971101215065332,0.9979358524607956,0.9239895939826964,0.0667934864759445,0.9999873042106628,both,True,22,1,0.028603561220321365,7.83432622191478e-06,3.581063413092283e-05,7.582762431668123e-05,0.00013572951996002497,-0.08786468918714885,-0.014039635462656408,2.4165958166122437e-05,0.10197765051387846,0.20963478048825135,0.08690946991179119
15.714285714285714,opd,20,0.05,14,llama,7,E_ood,0.0279099996854012,0.0219036240541617,128.0,llama_d10_matched_numeric,D10_bf16_forward_fp64_eigh_svd,717.4285714285714,701.7142857142857,-15.714285714285714,llama_d10_matched_numeric,0.2464562825625762,sample_equal_mean_of_token_weighted_rows,0.0966893478762358,0.1106249172444222,1.637078640051186,1.7477035480551422,128,7,0.0294283244625798,0.0178091505741966,0.0169268552313691,1.0721104162372137,2.113360148671616e-05,7.22434032078295e-05,0.0001687375146762,0.0004033254995841,llama_d11_bf16_merged_minus_base,0.6847705896301959,0.0060851260582629,0.043699056843582,0.9997940432392952,0.3233532085688506,0.0583883149138349,1.2042712019583446,1.0333796704470677,0.9837154769964284,0.986908544946815,0.989564218682387,0.8011473417282104,-0.0028241628315299,0.9998384714126588,both,True,23,1,0.015816038477849667,7.83432622191478e-06,3.581063413092283e-05,7.582762431668123e-05,0.00013572951996002497,0.07130515271660265,0.01210838717868512,-0.00012466683983791693,0.06497627563775177,0.09942747973864394,0.10108041848785689
11.571428571428571,opd,40,0.05,14,llama,7,E_general,0.0190190823388094,0.0149061464850939,128.0,llama_d10_matched_numeric,D10_bf16_forward_fp64_eigh_svd,776.2857142857143,764.7142857142857,-11.571428571428571,llama_d10_matched_numeric,0.2609209150541574,sample_equal_mean_of_token_weighted_rows,0.0657373438007198,0.051981470794999,2.6890528984367847,2.7410343615338206,128,7,0.0507439116814306,0.0123738136192384,0.0125962370906823,0.9862659058814012,2.257127490728245e-05,7.553131711444357e-05,0.0001634806794754,0.0004064673277233,llama_d11_bf16_merged_minus_base,0.7114138206077811,-0.0018542196932989,0.0447739048314497,0.9997905294740156,0.3233532054401872,0.0583883437046826,1.2173821610417848,1.0344950934615802,0.98318557267967,0.9853689657992734,0.988089057884078,0.804871141910553,-0.0024808184243738,0.9999585151672364,both,True,24,1,0.003941254690086481,7.696294807552862e-06,3.593286375900796e-05,6.76462158415305e-05,0.00012989321099409997,0.08327619967138111,0.013027068838553202,1.65030360222973e-05,0.006374200424502555,0.056731987167395415,0.026921994282000136
21.428571428571427,opd,40,0.05,14,llama,7,E_if,0.0373348605029785,0.0309981401115933,541.0,llama_d10_matched_numeric,D10_bf16_forward_fp64_eigh_svd,691.2857142857143,669.8571428571429,-21.428571428571427,llama_d10_matched_numeric,0.3795276337928119,sample_equal_mean_of_token_weighted_rows,0.121157584012987,0.0547220810280351,3.344583368565812,3.3993054383783816,541,7,0.0507439116814306,0.0190201162227562,0.0193532448195453,1.016122684098054,2.257127490728245e-05,7.553131711444357e-05,0.0001634806794754,0.0004064673277233,llama_d11_bf16_merged_minus_base,0.7114138206077811,-0.0018542196932989,0.0447739048314497,0.9997905294740156,0.3233532054401872,0.0583883437046826,1.0580562053584948,1.008949232739632,0.9955551228434832,0.9963348529742582,0.9971122614496656,0.9650676846504213,0.0123922284692525,0.9999654293060304,both,True,25,1,0.02225703285425558,7.696294807552862e-06,3.593286375900796e-05,6.76462158415305e-05,0.00012989321099409997,-0.07604975601190889,-0.012518791883394886,2.3417174816242614e-05,0.061794440636769754,0.17533870590604994,0.029662604515036238
13.428571428571429,opd,40,0.05,14,llama,7,E_math,0.044897714515561,0.0388751033912324,32.0,llama_d10_matched_numeric,D10_bf16_forward_fp64_eigh_svd,345.42857142857144,332.0,-13.428571428571429,llama_d10_matched_numeric,0.4879406867548823,sample_equal_mean_of_token_weighted_rows,0.2356065474450588,0.1757437085034325,2.0786754116415977,2.2544191516935825,32,7,0.0507439116814306,0.028882630768099,0.0299756664649716,0.9899069701019064,2.257127490728245e-05,7.553131711444357e-05,0.0001634806794754,0.0004064673277233,llama_d11_bf16_merged_minus_base,0.7114138206077811,-0.0018542196932989,0.0447739048314497,0.9997905294740156,0.3233532054401872,0.0583883437046826,1.046129646379392,1.007410620681754,0.9963150911267452,0.9970386786138172,0.997887355121145,0.92239248752594,0.0659978315234184,0.9999796748161316,both,True,26,1,0.029819886866838084,7.696294807552862e-06,3.593286375900796e-05,6.76462158415305e-05,0.00012989321099409997,-0.08797631499101155,-0.014057403941273083,3.766268491744995e-05,0.17624340406884154,0.2837517588681203,0.15068423199043363
20.285714285714285,opd,40,0.05,14,llama,7,E_ood,0.034657371664439,0.0282755874153724,128.0,llama_d10_matched_numeric,D10_bf16_forward_fp64_eigh_svd,717.4285714285714,697.1428571428571,-20.285714285714285,llama_d10_matched_numeric,0.3530111886793747,sample_equal_mean_of_token_weighted_rows,0.1721622223849408,0.1856733395070477,1.637078640051186,1.8227519928477705,128,7,0.0507439116814306,0.025489751365967,0.0262382138088079,0.9806748515781826,2.257127490728245e-05,7.553131711444357e-05,0.0001634806794754,0.0004064673277233,llama_d11_bf16_merged_minus_base,0.7114138206077811,-0.0018542196932989,0.0447739048314497,0.9997905294740156,0.3233532054401872,0.0583883437046826,1.2088130019246668,1.0341730677869918,0.9833379906693652,0.9866242308931708,0.9893473097373336,0.8002831339836121,-0.0029397450853139,0.9997884035110474,both,True,27,1,0.019579544015716085,7.696294807552862e-06,3.593286375900796e-05,6.76462158415305e-05,0.00012989321099409997,0.07470704055426314,0.012705043163964813,-0.00015360862016677856,0.11279907900872356,0.14882226079261274,0.16061386299404884
14.857142857142858,opd,160,0.05,14,llama,7,E_general,0.0267412351405494,0.0191387559808612,128.0,llama_d10_matched_numeric,D10_bf16_forward_fp64_eigh_svd,776.2857142857143,761.4285714285714,-14.857142857142858,llama_d10_matched_numeric,0.3698927549412474,sample_equal_mean_of_token_weighted_rows,0.1298238128074444,0.1118209236810798,2.6890528984367847,2.80087379924953,128,7,0.1493895346564906,0.0714201746575002,0.0638896610221958,1.048883614691018,2.457930846893369e-05,7.533441391515221e-05,0.0001708039276958,0.0004399347568063,llama_d11_bf16_merged_minus_base,0.7758988865389572,-0.0064827852825718,0.0473231202445442,0.9997840350259236,0.3233532061889996,0.058389728990622,1.2152816318331103,1.0341850835355673,0.9833329286471204,0.9855038384369176,0.9882166621588504,0.807498574256897,-0.0024393750354647,0.9999292492866516,both,True,28,1,0.00257024931921997,3.6565033708159534e-06,2.6927439559375235e-05,5.527955935182675e-05,0.00012188529633149999,0.08221918856735333,0.012868197637348144,5.240738391876221e-05,0.03264680185699306,0.1035864618529399,0.06682910138226444
26.571428571428573,opd,160,0.05,14,llama,7,E_if,0.0466314951935998,0.0384376937383758,541.0,llama_d10_matched_numeric,D10_bf16_forward_fp64_eigh_svd,691.2857142857143,664.7142857142857,-26.571428571428573,llama_d10_matched_numeric,0.4966622313928692,sample_equal_mean_of_token_weighted_rows,0.20701169942862,0.1246411389156542,3.344583368565812,3.469224491313293,541,7,0.1493895346564906,0.1102394896526155,0.0937896355088534,1.0790144893905609,2.457930846893369e-05,7.533441391515221e-05,0.0001708039276958,0.0004399347568063,llama_d11_bf16_merged_minus_base,0.7758988865389572,-0.0064827852825718,0.0473231202445442,0.9997840350259236,0.3233532061889996,0.058389728990622,1.0573295188220906,1.008847446198064,0.9956053439103312,0.9963882990143222,0.9971630363384222,0.9650490880012512,0.0123702948912978,0.9998936653137208,both,True,29,1,0.022460509372270367,3.6565033708159534e-06,2.6927439559375235e-05,5.527955935182675e-05,0.00012188529633149999,-0.07573292444366642,-0.012469439700155016,1.6823410987965026e-05,0.10983468847816866,0.2303559383045617,0.07964931661683883
14.285714285714286,opd,160,0.05,14,llama,7,E_math,0.0494428562342672,0.0413564929693961,32.0,llama_d10_matched_numeric,D10_bf16_forward_fp64_eigh_svd,345.42857142857144,331.1428571428572,-14.285714285714286,llama_d10_matched_numeric,0.5582527779042721,sample_equal_mean_of_token_weighted_rows,0.30191505048424,0.198235401767306,2.0786754116415977,2.2769108414649963,32,7,0.1493895346564906,0.1443636222476405,0.1282579842954874,1.0333773983188566,2.457930846893369e-05,7.533441391515221e-05,0.0001708039276958,0.0004399347568063,llama_d11_bf16_merged_minus_base,0.7758988865389572,-0.0064827852825718,0.0473231202445442,0.9997840350259236,0.3233532061889996,0.058389728990622,1.0451134181889288,1.0072425605927997,0.9963982080495734,0.9971126706203096,0.9979433568178784,0.9216825366020204,0.0663060173392295,0.9999573826789856,both,True,30,1,0.025271870412937773,3.6565033708159534e-06,2.6927439559375235e-05,5.527955935182675e-05,0.00012188529633149999,-0.08794902507682822,-0.01407432530541941,8.054077625274658e-05,0.20473803953378866,0.2919464848159646,0.15324357946849063
25.0,opd,160,0.05,14,llama,7,E_ood,0.0425727847526232,0.0348466746316208,128.0,llama_d10_matched_numeric,D10_bf16_forward_fp64_eigh_svd,717.4285714285714,692.4285714285714,-25.0,llama_d10_matched_numeric,0.440166350454092,sample_equal_mean_of_token_weighted_rows,0.2460790835903026,0.2443132263142615,1.637078640051186,1.8813918624073267,128,7,0.1493895346564906,0.1451469356792845,0.1265357924359185,1.0589138461202765,2.457930846893369e-05,7.533441391515221e-05,0.0001708039276958,0.0004399347568063,llama_d11_bf16_merged_minus_base,0.7758988865389572,-0.0064827852825718,0.0473231202445442,0.9997840350259236,0.3233532061889996,0.058389728990622,1.2065718332563098,1.0338466101500126,0.9834932355172143,0.9867600484331194,0.989487974367164,0.8028772473335266,-0.0027765955310314,0.999681293964386,both,True,31,1,0.01840179893129377,3.6565033708159534e-06,2.6927439559375235e-05,5.527955935182675e-05,0.00012188529633149999,0.07350938999055279,0.01252972425179344,-0.0001955479383468628,0.14890207263985125,0.17386005736578453,0.19932140401544612
-0.5714285714285714,seqkd,5,0.05,14,llama,7,E_general,-0.000788863237214,-0.0007361059992638,128.0,llama_d10_matched_numeric,D10_bf16_forward_fp64_eigh_svd,776.2857142857143,776.8571428571429,0.5714285714285714,llama_d10_matched_numeric,0.045104681776138,sample_equal_mean_of_token_weighted_rows,0.002263580608087,0.0015506585436924,2.6890528984367847,2.690603523515165,128,7,0.0023264768533408,0.0002798575943805,0.0002794740233054,1.0021467471569172,6.35800389708103e-06,1.751363466999984e-05,5.593175254553315e-05,0.0001903861552168,llama_d11_bf16_merged_minus_base,0.6052560634056543,0.0163142216050951,0.0403656092748113,0.9997966823179466,0.3233531982514876,0.0583881797921293,1.2183623595499835,1.0345766852211251,0.9831468190883474,0.9852982527588788,0.9880029202200946,0.796173095703125,-0.0024405815638601,0.999995768070221,both,True,32,0,-0.0022102630538298747,6.056417549059138e-07,-1.2792023328854306e-06,1.0806714791608787e-06,5.536557312400001e-06,0.08608716034093233,0.013441646882746738,6.817281246185303e-07,-0.00016534645749101276,0.000726902382098403,0.00242806886423075
3.4285714285714284,seqkd,5,0.05,14,llama,7,E_if,0.0061808669461722,0.0049597024178549,541.0,llama_d10_matched_numeric,D10_bf16_forward_fp64_eigh_svd,691.2857142857143,687.8571428571429,-3.4285714285714284,llama_d10_matched_numeric,0.072103359597062,sample_equal_mean_of_token_weighted_rows,0.0056922984941709,0.0001670370560979,3.344583368565812,3.3447503957642644,541,7,0.0023264768533408,0.0003027350395703,0.0003007829422391,1.0088829345788253,6.35800389708103e-06,1.751363466999984e-05,5.593175254553315e-05,0.0001903861552168,llama_d11_bf16_merged_minus_base,0.6052560634056543,0.0163142216050951,0.0403656092748113,0.9997966823179466,0.3233531982514876,0.0583881797921293,1.0581630310246528,1.008940906800323,0.9955592331044018,0.996319438555904,0.9970882982159232,0.9651102423667908,0.0122428461909294,0.9999949932098388,both,True,33,0,0.004759467129556326,6.056417549059138e-07,-1.2792023328854306e-06,1.0806714791608787e-06,5.536557312400001e-06,-0.07411216818439836,-0.012194131538055375,-9.313225757257015e-08,0.003263371428592887,0.027725580203022404,0.0010444473766362502
-0.2857142857142857,seqkd,5,0.05,14,llama,7,E_math,0.0019684513824259,-0.0008271298593879,32.0,llama_d10_matched_numeric,D10_bf16_forward_fp64_eigh_svd,345.42857142857144,345.7142857142857,0.2857142857142857,llama_d10_matched_numeric,0.0529059695545583,sample_equal_mean_of_token_weighted_rows,0.0030784974333073,-0.0015197237880784,2.0786754116415977,2.077155685052276,32,7,0.0023264768533408,0.0003907794624475,0.0003906920160911,1.0018577663119888,6.35800389708103e-06,1.751363466999984e-05,5.593175254553315e-05,0.0001903861552168,llama_d11_bf16_merged_minus_base,0.6052560634056543,0.0163142216050951,0.0403656092748113,0.9997966823179466,0.3233531982514876,0.0583881797921293,1.0456227158593236,1.007302738406003,0.9963684459856949,0.9970739926048672,0.99789466311277,0.9236437678337096,0.0665877163410186,0.9999996423721312,both,True,34,0,0.0005470515658100254,6.056417549059138e-07,-1.2792023328854306e-06,1.0806714791608787e-06,5.536557312400001e-06,-0.08665248334972753,-0.013832299932375447,4.556030034907899e-06,0.0006495703677292875,0.0085281901605187,-0.0006423134675400499
0.2857142857142857,seqkd,5,0.05,14,llama,7,E_ood,0.0024320476900842,0.0003982477100757,128.0,llama_d10_matched_numeric,D10_bf16_forward_fp64_eigh_svd,717.4285714285714,717.1428571428571,-0.2857142857142857,llama_d10_matched_numeric,0.039092864790291,sample_equal_mean_of_token_weighted_rows,0.0026368399967395,-0.0065747307726269,1.637078640051186,1.630503898486495,128,7,0.0023264768533408,0.0003170897936277,0.0003162158671849,1.0050085866789007,6.35800389708103e-06,1.751363466999984e-05,5.593175254553315e-05,0.0001903861552168,llama_d11_bf16_merged_minus_base,0.6052560634056543,0.0163142216050951,0.0403656092748113,0.9997966823179466,0.3233531982514876,0.0583881797921293,1.2070355524854255,1.0337308400622578,0.9835483826527752,0.986721881254748,0.9893682661695208,0.7887986302375793,-0.0027126711793243,0.9999878406524658,both,True,35,0,0.0010106478734683254,6.056417549059138e-07,-1.2792023328854306e-06,1.0806714791608787e-06,5.536557312400001e-06,0.07476035327637431,0.012595801723879418,-7.245689630508423e-06,0.00020791293116148753,-0.005284914603748601,-0.005697320452088549
-0.5714285714285714,seqkd,20,0.05,14,llama,7,E_general,0.000264167389615,-0.0007361059992638,128.0,llama_d10_matched_numeric,D10_bf16_forward_fp64_eigh_svd,776.2857142857143,776.8571428571429,0.5714285714285714,llama_d10_matched_numeric,0.0862588373129256,sample_equal_mean_of_token_weighted_rows,0.0081114552085637,0.0097213786020802,2.6890528984367847,2.6987742725759745,128,7,0.0167033444158732,0.0022631407763193,0.0022442377386531,1.0095644674844295,8.841185506623464e-06,2.2188400797469e-05,6.25169035889063e-05,0.0002109745291818,llama_d11_bf16_merged_minus_base,0.6540401235482378,0.0077150404769169,0.0424113159625709,0.9997959481521352,0.3233532065432195,0.058388118933846,1.219655145303349,1.03478156374268,0.9830494804368376,0.985208928704996,0.9879289033644316,0.7957356572151184,-0.0024414916988462,0.9999865293502808,both,True,36,0,-0.011829793817936533,-4.458089758177916e-06,-1.4244368279437671e-05,-3.0392986770612476e-05,-5.662145044227503e-05,0.08668909606160713,0.013510280474297476,2.339109778404236e-05,-0.023601617029920335,-0.06076996551100668,0.0001768798455148938
7.0,seqkd,20,0.05,14,llama,7,E_if,0.0141163814072101,0.0101260591031204,541.0,llama_d10_matched_numeric,D10_bf16_forward_fp64_eigh_svd,691.2857142857143,684.2857142857143,-7.0,llama_d10_matched_numeric,0.1657339713489722,sample_equal_mean_of_token_weighted_rows,0.0280689045222211,-0.0035664689517967,3.344583368565812,3.341016888838819,541,7,0.0167033444158732,0.0029538989973454,0.0028153042180097,1.0472622095980693,8.841185506623464e-06,2.2188400797469e-05,6.25169035889063e-05,0.0002109745291818,llama_d11_bf16_merged_minus_base,0.6540401235482378,0.0077150404769169,0.0424113159625709,0.9997959481521352,0.3233532065432195,0.058388118933846,1.0582699370417827,1.0089660948080057,0.9955468052002816,0.9963135938175092,0.9970899551177912,0.965162754058838,0.0122578917071223,0.999983549118042,both,True,37,0,0.002022420199658568,-4.458089758177916e-06,-1.4244368279437671e-05,-3.0392986770612476e-05,-5.662145044227503e-05,-0.0746961121999592,-0.01230518846037687,2.0410865545272827e-05,-0.0036441677162629346,0.018705168525039922,-0.013110967708362006
0.2857142857142857,seqkd,20,0.05,14,llama,7,E_math,0.0044905891170661,0.0008271298593879,32.0,llama_d10_matched_numeric,D10_bf16_forward_fp64_eigh_svd,345.42857142857144,345.1428571428572,-0.2857142857142857,llama_d10_matched_numeric,0.1241000487934798,sample_equal_mean_of_token_weighted_rows,0.0195488918107002,-0.0269109868677333,2.0786754116415977,2.0517644453793764,32,7,0.0167033444158732,0.0037399228978236,0.0037180214234727,1.0066080295707072,8.841185506623464e-06,2.2188400797469e-05,6.25169035889063e-05,0.0002109745291818,llama_d11_bf16_merged_minus_base,0.6540401235482378,0.0077150404769169,0.0424113159625709,0.9997959481521352,0.3233532065432195,0.058388118933846,1.0457868094533866,1.0073313117198666,0.9963543141725985,0.9970613930931734,0.9978866296592408,0.9236730337142944,0.0664086192846298,0.999997615814209,both,True,38,0,-0.007603372090485431,-4.458089758177916e-06,-1.4244368279437671e-05,-3.0392986770612476e-05,-5.662145044227503e-05,-0.08717923978835529,-0.013939971548516006,3.4477561712265015e-05,-0.012164180427783833,-0.02292875403045247,-0.03645548562429861
1.4285714285714286,seqkd,20,0.05,14,llama,7,E_ood,0.0048886032130058,0.0019912385503783,128.0,llama_d10_matched_numeric,D10_bf16_forward_fp64_eigh_svd,717.4285714285714,716.0,-1.4285714285714286,llama_d10_matched_numeric,0.0816021188511513,sample_equal_mean_of_token_weighted_rows,0.0125036421159165,-0.0179863322136952,1.637078640051186,1.6190923051908612,128,7,0.0167033444158732,0.0027833515092165,0.0027304564012281,1.0217061998351993,8.841185506623464e-06,2.2188400797469e-05,6.25169035889063e-05,0.0002109745291818,llama_d11_bf16_merged_minus_base,0.6540401235482378,0.0077150404769169,0.0424113159625709,0.9997959481521352,0.3233532065432195,0.058388118933846,1.208500873575368,1.033996358020279,0.9834220623680442,0.9866319573783584,0.9893054034456354,0.7885304689407349,-0.0026485684793442,0.9999544620513916,both,True,39,0,-0.007205357994545732,-4.458089758177916e-06,-1.4244368279437671e-05,-3.0392986770612476e-05,-5.662145044227503e-05,0.07553482433362602,0.012725074751896326,-8.676201105117798e-06,-0.019209430122567532,-0.06542668397278097,-0.027530830970260507
-0.4285714285714285,seqkd,40,0.05,14,llama,7,E_general,0.0026469597957211,-0.0005520794994477,128.0,llama_d10_matched_numeric,D10_bf16_forward_fp64_eigh_svd,776.2857142857143,776.7142857142857,0.4285714285714285,llama_d10_matched_numeric,0.1160575860412791,sample_equal_mean_of_token_weighted_rows,0.0153549376555019,0.0188816829786446,2.6890528984367847,2.707934540696442,128,7,0.0346701570919581,0.0055634516881712,0.0054834855337893,1.016128074285531,1.1127639960964838e-05,2.5142904210692256e-05,6.846116165043983e-05,0.0002163279210175,llama_d11_bf16_merged_minus_base,0.687072942364205,0.0045111325586798,0.0437786707737554,0.9997916791179874,0.3233532033539089,0.0583884188988823,1.2211394622903662,1.0350162368430154,0.9829380226220898,0.9851051385139996,0.9878422329464344,0.7946183681488037,-0.0024573728442192,0.9999728202819824,both,True,40,0,-0.01243086785300182,-3.747340138764749e-06,-1.4455549144743356e-05,-2.737330198342966e-05,-6.024619571170001e-05,0.08703350091996254,0.013548212219988365,3.080815076828003e-05,-0.04400820572071534,-0.08813134184548287,-0.006177793534354263
6.428571428571429,seqkd,40,0.05,14,llama,7,E_if,0.013643405988898,0.009299442033478,541.0,llama_d10_matched_numeric,D10_bf16_forward_fp64_eigh_svd,691.2857142857143,684.8571428571429,-6.428571428571429,llama_d10_matched_numeric,0.2094314439900481,sample_equal_mean_of_token_weighted_rows,0.0454647141197169,0.0050383645205374,3.344583368565812,3.3496217225263387,541,7,0.0346701570919581,0.0083805688149628,0.0076635444129351,1.07558101090277,1.1127639960964838e-05,2.5142904210692256e-05,6.846116165043983e-05,0.0002163279210175,llama_d11_bf16_merged_minus_base,0.687072942364205,0.0045111325586798,0.0437786707737554,0.9997916791179874,0.3233532033539089,0.0583884188988823,1.058723234719522,1.0090405381433611,0.9955100795063536,0.9962819772979888,0.9970657698296772,0.9650624394416808,0.0122020402923226,0.9999764561653136,both,True,41,0,-0.0014344216598249186,-3.747340138764749e-06,-1.4455549144743356e-05,-2.737330198342966e-05,-6.024619571170001e-05,-0.07538272665088175,-0.01242748647966585,3.4444034099467835e-05,-0.013898429256500346,0.005242516103286132,-0.02002111199246146
0.1428571428571428,seqkd,40,0.05,14,llama,7,E_math,0.0047263562603743,0.000413564929694,32.0,llama_d10_matched_numeric,D10_bf16_forward_fp64_eigh_svd,345.42857142857144,345.2857142857143,-0.1428571428571428,llama_d10_matched_numeric,0.1762668986339122,sample_equal_mean_of_token_weighted_rows,0.039090743754059,-0.0406030266894958,2.0786754116415977,2.0380723625421524,32,7,0.0346701570919581,0.0105849311886621,0.0103188704399924,1.023392965593984,1.1127639960964838e-05,2.5142904210692256e-05,6.846116165043983e-05,0.0002163279210175,llama_d11_bf16_merged_minus_base,0.687072942364205,0.0045111325586798,0.0437786707737554,0.9997916791179874,0.3233532033539089,0.0583884188988823,1.0463198489424428,1.0074231146839192,0.9963089143516558,0.9970248654415822,0.997860169129604,0.923388659954071,0.065784178674221,0.9999897480010986,both,True,42,0,-0.010351471388348618,-3.747340138764749e-06,-1.4455549144743356e-05,-2.737330198342966e-05,-6.024619571170001e-05,-0.08778611242796086,-0.014044909939107786,4.773586988449097e-05,-0.020272399622158245,-0.027922029252849756,-0.06566250320249467
2.857142857142857,seqkd,40,0.05,14,llama,7,E_ood,0.008094073996635,0.0039824771007567,128.0,llama_d10_matched_numeric,D10_bf16_forward_fp64_eigh_svd,717.4285714285714,714.5714285714286,-2.857142857142857,llama_d10_matched_numeric,0.1074066457804292,sample_equal_mean_of_token_weighted_rows,0.0223805837595136,-0.016606618406513,1.637078640051186,1.6204720200039446,128,7,0.0346701570919581,0.0077436058823617,0.0074547638318368,1.036815452712139,1.1127639960964838e-05,2.5142904210692256e-05,6.846116165043983e-05,0.0002163279210175,llama_d11_bf16_merged_minus_base,0.687072942364205,0.0045111325586798,0.0437786707737554,0.9997916791179874,0.3233532033539089,0.0583884188988823,1.2116111590050602,1.034536670655721,0.9831651634084926,0.9864390534732416,0.9891570862527554,0.7864048480987549,-0.0026685711927711,0.9998942613601683,both,True,43,0,-0.006983753652087919,-3.747340138764749e-06,-1.4455549144743356e-05,-2.737330198342966e-05,-6.024619571170001e-05,0.07750519763465658,0.013068646032694087,-4.775077104579584e-05,-0.036982559616703645,-0.09678228210633276,-0.04166609491951186
0.2857142857142857,seqkd,160,0.05,14,llama,7,E_general,0.0076086478450412,0.000368052999632,128.0,llama_d10_matched_numeric,D10_bf16_forward_fp64_eigh_svd,776.2857142857143,776.0,-0.2857142857142857,llama_d10_matched_numeric,0.1603857486043125,sample_equal_mean_of_token_weighted_rows,0.0307050924457144,0.0288465967196316,2.6890528984367847,2.717899492010474,128,7,0.1402146555483341,0.0520421707603548,0.0486431367795116,1.034817616347241,1.2131832452918648e-05,2.6613869847226723e-05,7.629092033311445e-05,0.0002444513551641,llama_d11_bf16_merged_minus_base,0.7741759864698736,-0.0031270482626867,0.0471749069372205,0.9997936293801656,0.3233532041322574,0.0583888963509379,1.2207820618491274,1.034951996984172,0.9829685326158992,0.9851233628129724,0.987852479011955,0.7954836487770081,-0.0023936782963573,0.9999330043792723,both,True,44,0,-0.01656233797628823,-8.79097264519909e-06,-2.1793104508550258e-05,-3.923344801085881e-05,-7.359810531070002e-05,0.0877196185833704,0.013635111085952945,5.6162476539500794e-05,-0.06647191850473694,-0.10592054448399499,-0.01614522557918377
6.857142857142857,seqkd,160,0.05,14,llama,7,E_if,0.017411881558183,0.0099194048357099,541.0,llama_d10_matched_numeric,D10_bf16_forward_fp64_eigh_svd,691.2857142857143,684.4285714285714,-6.857142857142857,llama_d10_matched_numeric,0.2745643447320254,sample_equal_mean_of_token_weighted_rows,0.0876417467215695,0.0233364880150407,3.344583368565812,3.367919851363036,541,7,0.1402146555483341,0.0969872701680287,0.0792718973409916,1.1135851231207607,1.2131832452918648e-05,2.6613869847226723e-05,7.629092033311445e-05,0.0002444513551641,llama_d11_bf16_merged_minus_base,0.7741759864698736,-0.0031270482626867,0.0471749069372205,0.9997936293801656,0.3233532041322574,0.0583888963509379,1.058238374386653,1.008960532170948,0.9955495497960164,0.996313395897925,0.9970902047799218,0.9654961824417114,0.0122124059125781,0.999886393547058,both,True,45,0,-0.00675910426314643,-8.79097264519909e-06,-2.1793104508550258e-05,-3.923344801085881e-05,-7.359810531070002e-05,-0.07482406887910398,-0.012356353727271063,9.551644325145325e-06,-0.009535264228881832,0.0082580516437179,-0.02165533428377467
0.5714285714285714,seqkd,160,0.05,14,llama,7,E_math,0.0091782296529727,0.0016542597187759,32.0,llama_d10_matched_numeric,D10_bf16_forward_fp64_eigh_svd,345.42857142857144,344.85714285714283,-0.5714285714285714,llama_d10_matched_numeric,0.2432272788137197,sample_equal_mean_of_token_weighted_rows,0.0834920491324737,-0.0391670909593813,2.0786754116415977,2.0395083241164684,32,7,0.1402146555483341,0.1388916382566094,0.1271186473147411,1.0485017621743689,1.2131832452918648e-05,2.6613869847226723e-05,7.629092033311445e-05,0.0002444513551641,llama_d11_bf16_merged_minus_base,0.7741759864698736,-0.0031270482626867,0.0471749069372205,0.9997936293801656,0.3233532041322574,0.0583888963509379,1.0460416160650072,1.0073746373946662,0.9963328871639496,0.9970435167705224,0.9978726128888564,0.9232614040374756,0.0673428326845169,0.9999648332595824,both,True,46,0,-0.01499275616835673,-8.79097264519909e-06,-2.1793104508550258e-05,-3.923344801085881e-05,-7.359810531070002e-05,-0.08702082720074977,-0.013942248503552968,8.799135684955939e-05,-0.01368496181797764,-0.023079014274587806,-0.08415891325819666
5.714285714285714,seqkd,160,0.05,14,llama,7,E_ood,0.016825447921585,0.0079649542015134,128.0,llama_d10_matched_numeric,D10_bf16_forward_fp64_eigh_svd,717.4285714285714,711.7142857142857,-5.714285714285714,llama_d10_matched_numeric,0.1508283096482046,sample_equal_mean_of_token_weighted_rows,0.0424427926191128,-0.0166225300054065,1.637078640051186,1.6204561116173863,128,7,0.1402146555483341,0.0979836997908673,0.0870729658885725,1.0640997562055774,1.2131832452918648e-05,2.6613869847226723e-05,7.629092033311445e-05,0.0002444513551641,llama_d11_bf16_merged_minus_base,0.7741759864698736,-0.0031270482626867,0.0471749069372205,0.9997936293801656,0.3233532041322574,0.0583888963509379,1.2115500442543743,1.034567711822873,0.983150369158718,0.9864693563425088,0.9891861420023113,0.7850610017776489,-0.0025991182774305,0.9997454285621644,both,True,47,0,-0.007345537899744431,-8.79097264519909e-06,-2.1793104508550258e-05,-3.923344801085881e-05,-7.359810531070002e-05,0.07848760098861729,0.013250825924653986,-0.00013141334056843146,-0.054734218331338534,-0.1154779834401029,-0.06161435230422187
0.7142857142857143,sft,5,0.05,14,llama,7,E_general,-0.0002410348671161,0.0009201324990799,128.0,llama_d10_matched_numeric,D10_bf16_forward_fp64_eigh_svd,776.2857142857143,775.5714285714286,-0.7142857142857143,llama_d10_matched_numeric,0.0417883896006969,sample_equal_mean_of_token_weighted_rows,0.0018935678590423,0.0015696716236561,2.6890528984367847,2.690622550435364,128,7,0.0037057434341737,0.0004354493233092,0.0004329149105615,1.0049149097099874,6.979290252015094e-06,2.002797496710888e-05,5.42708468336563e-05,0.0002007641066613,llama_d11_bf16_merged_minus_base,0.6113517185207631,0.0151008624934108,0.0406493523957994,0.9997942409468448,0.3233531922891751,0.058388356835385,1.2185876690755622,1.0346211776069272,0.9831256752982171,0.9852862090954454,0.9879969384546096,0.795427680015564,-0.0025000581517815,0.9999952912330629,both,True,48,0,-0.0016624346837319746,1.2269281098399783e-06,1.2351379642236102e-06,-5.802342327159712e-07,1.591450875690001e-05,0.08631246986651098,0.013486139268548802,2.0489096652642758e-07,-0.0005353592065357126,-0.0025893897933427015,0.0024470819441944503
2.571428571428572,sft,5,0.05,14,llama,7,E_if,0.004654168629913,0.0037197768133913,541.0,llama_d10_matched_numeric,D10_bf16_forward_fp64_eigh_svd,691.2857142857143,688.7142857142857,-2.571428571428572,llama_d10_matched_numeric,0.0590745001866063,sample_equal_mean_of_token_weighted_rows,0.0034207891851023,-0.0001820151988062,3.344583368565812,3.344401340608015,541,7,0.0037057434341737,0.0004913875205342,0.0004862510509805,1.0054595984986816,6.979290252015094e-06,2.002797496710888e-05,5.42708468336563e-05,0.0002007641066613,llama_d11_bf16_merged_minus_base,0.6113517185207631,0.0151008624934108,0.0406493523957994,0.9997942409468448,0.3233531922891751,0.058388356835385,1.0584048447059595,1.008977099239707,0.9955413770647094,0.9963037304622184,0.997073756329748,0.9648866057395936,0.0122181456536054,0.9999962449073792,both,True,49,0,0.003232768813297126,1.2269281098399783e-06,1.2351379642236102e-06,-5.802342327159712e-07,1.591450875690001e-05,-0.07387035450309165,-0.012157939098671466,1.1585652828216553e-06,0.0009918621195242872,0.014696720792566703,0.0006953951217321501
0.7142857142857143,sft,5,0.05,14,llama,7,E_math,0.0020592531439172,0.0020678246484698,32.0,llama_d10_matched_numeric,D10_bf16_forward_fp64_eigh_svd,345.42857142857144,344.7142857142857,-0.7142857142857143,llama_d10_matched_numeric,0.050122573855333,sample_equal_mean_of_token_weighted_rows,0.0028176371270092,0.0046723862978979,2.0786754116415977,2.083347806707025,32,7,0.0037057434341737,0.0005847348547831,0.0005773303143671,1.0090865849513924,6.979290252015094e-06,2.002797496710888e-05,5.42708468336563e-05,0.0002007641066613,llama_d11_bf16_merged_minus_base,0.6113517185207631,0.0151008624934108,0.0406493523957994,0.9997942409468448,0.3233531922891751,0.058388356835385,1.0459152921822912,1.0073541973566895,0.9963429958532924,0.997053453791808,0.9978805093618746,0.9230088591575624,0.0658471062779426,0.9999986886978148,both,True,50,0,0.0006378533273013252,1.2269281098399783e-06,1.2351379642236102e-06,-5.802342327159712e-07,1.591450875690001e-05,-0.08635990702676,-0.013780840981688858,3.6023557185016486e-06,0.0003887100614311874,0.005744794461293404,0.005549796618436249
1.4285714285714286,sft,5,0.05,14,llama,7,E_ood,0.0019278255886273,0.0019912385503783,128.0,llama_d10_matched_numeric,D10_bf16_forward_fp64_eigh_svd,717.4285714285714,716.0,-1.4285714285714286,llama_d10_matched_numeric,0.0350834232667693,sample_equal_mean_of_token_weighted_rows,0.001903283154661,-0.0009418335141617,1.637078640051186,1.6361368112266064,128,7,0.0037057434341737,0.0004934615262754,0.0004875825959191,1.0101027029575902,6.979290252015094e-06,2.002797496710888e-05,5.42708468336563e-05,0.0002007641066613,llama_d11_bf16_merged_minus_base,0.6113517185207631,0.0151008624934108,0.0406493523957994,0.9997942409468448,0.3233531922891751,0.058388356835385,1.2082620545247724,1.0339442849380909,0.9834468370631017,0.9866449860627784,0.9893100063207456,0.7870262861251831,-0.0028198107611387,0.9999860525131226,both,True,51,0,0.0005064257720114255,1.2269281098399783e-06,1.2351379642236102e-06,-5.802342327159712e-07,1.591450875690001e-05,0.07598685531572125,0.012809246599712498,-9.033828973770142e-06,-0.0005256439109170127,-0.009294356127270302,-6.442319362334986e-05
2.857142857142857,sft,20,0.05,14,llama,7,E_general,0.0025813480882225,0.0036805299963195,128.0,llama_d10_matched_numeric,D10_bf16_forward_fp64_eigh_svd,776.2857142857143,773.4285714285714,-2.857142857142857,llama_d10_matched_numeric,0.0922966403595637,sample_equal_mean_of_token_weighted_rows,0.0094308007319341,0.006430578337131,2.6890528984367847,2.6954834712669253,128,7,0.0364320528294358,0.0060677170653694,0.0057552771759219,1.0307146865932144,1.2150813647947092e-05,2.447285857799995e-05,6.769180540035025e-05,0.0002273379868711,llama_d11_bf16_merged_minus_base,0.6908134265619593,0.0040127914054434,0.0439368714346276,0.9997882653329088,0.3233532334191339,0.0583879961764621,1.2206317548299257,1.0349681996759796,0.9829608262261824,0.9851466490200116,0.9878968150877157,0.7936645746231079,-0.0025913710705935,0.9999674558639526,both,True,52,0,-0.009512613119329032,-1.1484616168542876e-06,-1.195991049890672e-05,-2.5218084959168527e-05,-4.025799275297502e-05,0.08766570558818376,0.01369691640759707,4.317611455917358e-06,-0.022282271506549933,-0.05473216246436857,-0.003113920419434305
6.571428571428571,sft,20,0.05,14,llama,7,E_if,0.0093565421481198,0.0095060963008887,541.0,llama_d10_matched_numeric,D10_bf16_forward_fp64_eigh_svd,691.2857142857143,684.7142857142857,-6.571428571428571,llama_d10_matched_numeric,0.144824809733909,sample_equal_mean_of_token_weighted_rows,0.0221757344693262,0.0067392745814432,3.344583368565812,3.351322634603532,541,7,0.0364320528294358,0.0083350120444915,0.0075307518543143,1.0626039752974807,1.2150813647947092e-05,2.447285857799995e-05,6.769180540035025e-05,0.0002273379868711,llama_d11_bf16_merged_minus_base,0.6908134265619593,0.0040127914054434,0.0439368714346276,0.9997882653329088,0.3233532334191339,0.0583879961764621,1.0588330052238206,1.0090541268100572,0.9955033765442184,0.9962742879310738,0.9970561087462356,0.964207887649536,0.0121368197724223,0.9999819397926332,both,True,53,0,-0.0027374190594317317,-1.1484616168542876e-06,-1.195991049890672e-05,-2.5218084959168527e-05,-4.025799275297502e-05,-0.07413304401792131,-0.012217156458325329,1.8801540136448303e-05,-0.009537337769157835,-0.002203993090023282,-0.0028052241751221054
4.571428571428571,sft,20,0.05,14,llama,7,E_math,0.0150768611887338,0.0132340777502068,32.0,llama_d10_matched_numeric,D10_bf16_forward_fp64_eigh_svd,345.42857142857144,340.85714285714283,-4.571428571428571,llama_d10_matched_numeric,0.1319313504500314,sample_equal_mean_of_token_weighted_rows,0.0194732335367007,-0.013376490198425,2.0786754116415977,2.0652989484369755,32,7,0.0364320528294358,0.0103589675355968,0.0098032322545935,1.027064794990341,1.2150813647947092e-05,2.447285857799995e-05,6.769180540035025e-05,0.0002273379868711,llama_d11_bf16_merged_minus_base,0.6908134265619593,0.0040127914054434,0.0439368714346276,0.9997882653329088,0.3233532334191339,0.0583879961764621,1.0461603030106972,1.0074048627008865,0.9963179391405078,0.9970397309786746,0.9978780212906232,0.9215876460075378,0.0649986341595649,0.9999815225601196,both,True,54,0,0.002982899981182268,-1.1484616168542876e-06,-1.195991049890672e-05,-2.5218084959168527e-05,-4.025799275297502e-05,-0.08680574623104476,-0.013866420567496096,1.8384307622909546e-05,-0.012239838701783332,-0.015097452373900866,-0.022920988954990305
5.571428571428571,sft,20,0.05,14,llama,7,E_ood,0.0049593135501544,0.0077658303464754,128.0,llama_d10_matched_numeric,D10_bf16_forward_fp64_eigh_svd,717.4285714285714,711.8571428571429,-5.571428571428571,llama_d10_matched_numeric,0.0860880603140685,sample_equal_mean_of_token_weighted_rows,0.0124848847808607,-0.003889294945111,1.637078640051186,1.6331893373280764,128,7,0.0364320528294358,0.0084657928257781,0.0077272566600835,1.060338097324257,1.2150813647947092e-05,2.447285857799995e-05,6.769180540035025e-05,0.0002273379868711,llama_d11_bf16_merged_minus_base,0.6908134265619593,0.0040127914054434,0.0439368714346276,0.9997882653329088,0.3233532334191339,0.0583879961764621,1.2127140381456625,1.0347304532556685,0.9830730928360164,0.9863550066961824,0.9891101223146708,0.784090518951416,-0.0029613333754241,0.9998685121536256,both,True,55,0,-0.0071346476573971316,-1.1484616168542876e-06,-1.195991049890672e-05,-2.5218084959168527e-05,-4.025799275297502e-05,0.07974798890392054,0.013459169987285913,-9.462609887112006e-05,-0.019228187457623332,-0.06094074250986377,-0.013433793701676305
3.571428571428572,sft,40,0.05,14,llama,7,E_general,0.0032110349942533,0.0046006624953994,128.0,llama_d10_matched_numeric,D10_bf16_forward_fp64_eigh_svd,776.2857142857143,772.7142857142857,-3.571428571428572,llama_d10_matched_numeric,0.1197143880999647,sample_equal_mean_of_token_weighted_rows,0.0160724612287594,0.0165849857949069,2.6890528984367847,2.705637860111892,128,7,0.0918423866054841,0.0249820771444189,0.0213707912979381,1.0707445808712683,1.459458437531274e-05,3.040833891126177e-05,7.957253235092212e-05,0.0002589078108679,llama_d11_bf16_merged_minus_base,0.7423235442042309,-0.0023262361561648,0.045991505346571,0.9997892876239902,0.3233531704210742,0.0583881745994476,1.2208757544362474,1.0350080822434953,0.982941886490477,0.985128492331756,0.9878841378867078,0.7939170598983765,-0.002536186017096,0.99995756149292,both,True,56,0,-0.011866792654469618,-2.80395724416847e-07,-9.190114444173842e-06,-1.6261931282947364e-05,-1.7666305861299995e-05,0.08676979306584376,0.013540057620468282,1.554936170589105e-05,-0.04329068214745785,-0.08447453978679727,-0.008474490718091962
7.714285714285714,sft,40,0.05,14,llama,7,E_if,0.010349607479659,0.0111593304401736,541.0,llama_d10_matched_numeric,D10_bf16_forward_fp64_eigh_svd,691.2857142857143,683.5714285714286,-7.714285714285714,llama_d10_matched_numeric,0.1989648454786448,sample_equal_mean_of_token_weighted_rows,0.0430530489400001,0.0267962762989558,3.344583368565812,3.3713796297415346,541,7,0.0918423866054841,0.0409640996450824,0.0321335419097782,1.1289371862819866,1.459458437531274e-05,3.040833891126177e-05,7.957253235092212e-05,0.0002589078108679,llama_d11_bf16_merged_minus_base,0.7423235442042309,-0.0023262361561648,0.045991505346571,0.9997892876239902,0.3233531704210742,0.0583881745994476,1.058381593886053,1.0089837332078568,0.9955381031143884,0.9963056206131904,0.9970841634310512,0.9642692804336548,0.0121611515060067,0.9999724626541138,both,True,57,0,-0.004728220169063919,-2.80395724416847e-07,-9.190114444173842e-06,-1.6261931282947364e-05,-1.7666305861299995e-05,-0.07572436748435063,-0.012484291415170157,3.0450522899627686e-05,-0.016310094436217143,-0.00522408240811717,0.0017367997859569356
5.0,sft,40,0.05,14,llama,7,E_math,0.0169351369835403,0.0144747725392886,32.0,llama_d10_matched_numeric,D10_bf16_forward_fp64_eigh_svd,345.42857142857144,340.42857142857144,-5.0,llama_d10_matched_numeric,0.1862984956242144,sample_equal_mean_of_token_weighted_rows,0.0414724473375827,-0.0229324419633485,2.0786754116415977,2.0557430032640696,32,7,0.0918423866054841,0.0501826455750103,0.0444887481363756,1.0372404955957824,1.459458437531274e-05,3.040833891126177e-05,7.957253235092212e-05,0.0002589078108679,llama_d11_bf16_merged_minus_base,0.7423235442042309,-0.0023262361561648,0.045991505346571,0.9997892876239902,0.3233531704210742,0.0583881745994476,1.0456631988111575,1.0073241827304351,0.9963578382311328,0.9970769303073922,0.9979076292203622,0.9215908646583556,0.0662567093968391,0.999989092350006,both,True,58,0,0.0018573093348173818,-2.80395724416847e-07,-9.190114444173842e-06,-1.6261931282947364e-05,-1.7666305861299995e-05,-0.0884427625592461,-0.01414384189259188,4.708021879185065e-05,-0.017890696038634545,-0.01789043226254755,-0.04799191847634736
5.857142857142857,sft,40,0.05,14,llama,7,E_ood,0.0061543218549006,0.0081640780565512,128.0,llama_d10_matched_numeric,D10_bf16_forward_fp64_eigh_svd,717.4285714285714,711.5714285714286,-5.857142857142857,llama_d10_matched_numeric,0.1177191829774528,sample_equal_mean_of_token_weighted_rows,0.023389646616124,-0.0018468986090738,1.637078640051186,1.6352317351847887,128,7,0.0918423866054841,0.0435792110594255,0.0353079924825578,1.1015205766262108,1.459458437531274e-05,3.040833891126177e-05,7.957253235092212e-05,0.0002589078108679,llama_d11_bf16_merged_minus_base,0.7423235442042309,-0.0023262361561648,0.045991505346571,0.9997892876239902,0.3233531704210742,0.0583881745994476,1.2118796304042432,1.0346063450939722,0.9831320528587256,0.9864142780148846,0.9891678531297304,0.785843551158905,-0.002825362375006,0.9998235702514648,both,True,59,0,-0.008923505793822319,-2.80395724416847e-07,-9.190114444173842e-06,-1.6261931282947364e-05,-1.7666305861299995e-05,0.07777366903383953,0.013138320470945208,-0.0001184418797492981,-0.035973496760093246,-0.08646974490930916,-0.026906375122072664
7.857142857142857,sft,160,0.05,14,llama,7,E_general,0.0128585665504089,0.0101214574898785,128.0,llama_d10_matched_numeric,D10_bf16_forward_fp64_eigh_svd,776.2857142857143,768.4285714285714,-7.857142857142857,llama_d10_matched_numeric,0.1579566698637791,sample_equal_mean_of_token_weighted_rows,0.0258686822708114,0.0379525805074081,2.6890528984367847,2.7270054453983903,128,7,0.4619269562619073,0.3213828149850347,0.2167011329771152,1.1802795811288365,3.227999772142149e-05,5.911764446862827e-05,0.0001302190298052,0.0003319935868992,llama_d11_bf16_merged_minus_base,0.8302661489860768,-0.0072294177174026,0.0493083905759286,0.9997666885088174,0.3233532079215137,0.0583901061939117,1.2193810371838991,1.0348082691728762,0.9830367768759452,0.9852340629354226,0.9879952216876868,0.7951930165290833,-0.0025227214209735,0.9999133348464966,both,True,60,0,-0.01131241927092053,1.1357192623303755e-05,1.0710670112851287e-05,1.469466146122674e-05,1.394412642440003e-05,0.08631859391814212,0.013491383274657043,3.649294376373291e-05,-0.07130832867963993,-0.1083496232245284,-0.007039241791407268
19.142857142857142,sft,160,0.05,14,llama,7,E_if,0.0341063981740746,0.0276916718330234,541.0,llama_d10_matched_numeric,D10_bf16_forward_fp64_eigh_svd,691.2857142857143,672.1428571428571,-19.142857142857142,llama_d10_matched_numeric,0.2593228204413395,sample_equal_mean_of_token_weighted_rows,0.0712785352186718,0.0440826974396013,3.344583368565812,3.3886660575426,541,7,0.4619269562619073,0.6363185262972755,0.3808663052373698,1.2700924633221755,3.227999772142149e-05,5.911764446862827e-05,0.0001302190298052,0.0003319935868992,llama_d11_bf16_merged_minus_base,0.8302661489860768,-0.0072294177174026,0.0493083905759286,0.9997666885088174,0.3233532079215137,0.0583901061939117,1.0571128222586288,1.008796579355385,0.9956304467313896,0.9963953627149044,0.9971656661659624,0.964251697063446,0.012216885574162,0.9999492168426514,both,True,61,0,0.009935412352745168,1.1357192623303755e-05,1.0710670112851287e-05,1.469466146122674e-05,1.394412642440003e-05,-0.07594962100712821,-0.012520306542834092,7.237493991851807e-05,-0.02589847573177953,-0.006983472646968025,-0.0009091248592140722
10.571428571428571,sft,160,0.05,14,llama,7,E_math,0.0382077929135546,0.0306038047973533,32.0,llama_d10_matched_numeric,D10_bf16_forward_fp64_eigh_svd,345.42857142857144,334.85714285714283,-10.571428571428571,llama_d10_matched_numeric,0.2603317536413669,sample_equal_mean_of_token_weighted_rows,0.0787292558234185,0.0014188844070304,2.0786754116415977,2.0800943095237017,32,7,0.4619269562619073,0.8223314158884543,0.6380032871051559,1.0851823396042195,3.227999772142149e-05,5.911764446862827e-05,0.0001302190298052,0.0003319935868992,llama_d11_bf16_merged_minus_base,0.8302661489860768,-0.0072294177174026,0.0493083905759286,0.9997666885088174,0.3233532079215137,0.0583901061939117,1.044845733237274,1.0071956671971611,0.9964214034078032,0.9971385026563732,0.9979609899817748,0.920388638973236,0.0676270127296447,0.9999791979789734,both,True,62,0,0.014036807092225167,1.1357192623303755e-05,1.0710670112851287e-05,1.469466146122674e-05,1.394412642440003e-05,-0.08821671002848297,-0.01412121870105798,0.00010235607624053955,-0.01844775512703284,-0.005974539446940597,-0.04357293789178497
14.571428571428571,sft,160,0.05,14,llama,7,E_ood,0.02255041751608,0.0203106332138589,128.0,llama_d10_matched_numeric,D10_bf16_forward_fp64_eigh_svd,717.4285714285714,702.8571428571429,-14.571428571428571,llama_d10_matched_numeric,0.1533917020424269,sample_equal_mean_of_token_weighted_rows,0.0422699007976916,7.417279266519472e-05,1.637078640051186,1.6371528077870607,128,7,0.4619269562619073,0.7402134026134652,0.4906836678939206,1.1880463574934923,3.227999772142149e-05,5.911764446862827e-05,0.0001302190298052,0.0003319935868992,llama_d11_bf16_merged_minus_base,0.8302661489860768,-0.0072294177174026,0.0493083905759286,0.9997666885088174,0.3233532079215137,0.0583901061939117,1.208722892496369,1.0341779740732278,0.9833356241704494,0.9866395563207984,0.9894016060119916,0.7888392806053162,-0.0026461356319487,0.9997281432151794,both,True,63,0,-0.0016205683052494292,1.1357192623303755e-05,1.0710670112851287e-05,1.469466146122674e-05,1.394412642440003e-05,0.0756604492306121,0.01286108817500864,-0.00014869868755340576,-0.05490711015275974,-0.11291459104588061,-0.044917649506150174
