model,target,task_type,feature_block,heldout_checkpoint,selected_regularization,selection_metric,inner_grid,test_n,test_r2,test_mae,test_spearman,target_mean,target_std,test_auc,test_log_loss,test_balanced_accuracy,n_positive,n_negative
llama,cumulative_kl_base_to_current,regression,A,5,0.0001,inner_mean_mae,"[{""inner_mean_mae"": 0.060673313449113205, ""regularization"": 0.0}, {""inner_mean_mae"": 0.03784535853882894, ""regularization"": 0.0001}, {""inner_mean_mae"": 0.039153514109788956, ""regularization"": 0.001}, {""inner_mean_mae"": 0.041651627331537926, ""regularization"": 0.01}, {""inner_mean_mae"": 0.042337778449893566, ""regularization"": 0.1}, {""inner_mean_mae"": 0.04232320816024002, ""regularization"": 1.0}, {""inner_mean_mae"": 0.0450221171890837, ""regularization"": 10.0}, {""inner_mean_mae"": 0.05065495540348955, ""regularization"": 100.0}]",16,-2706.491605152494,0.05056996188474226,0.44117647058823534,0.0024289270655780126,0.0010797528470276876,,,,,
llama,cumulative_kl_base_to_current,regression,A,20,1.0,inner_mean_mae,"[{""inner_mean_mae"": 0.09396929933871778, ""regularization"": 0.0}, {""inner_mean_mae"": 0.04976125653901511, ""regularization"": 0.0001}, {""inner_mean_mae"": 0.05070627618807011, ""regularization"": 0.001}, {""inner_mean_mae"": 0.05113038338374748, ""regularization"": 0.01}, {""inner_mean_mae"": 0.048503822850779366, ""regularization"": 0.1}, {""inner_mean_mae"": 0.04602449113398264, ""regularization"": 1.0}, {""inner_mean_mae"": 0.05039752373246309, ""regularization"": 10.0}, {""inner_mean_mae"": 0.05699647237537875, ""regularization"": 100.0}]",16,0.1818562413939404,0.023173688775235964,0.6676470588235294,0.03171307223848403,0.03414451780796325,,,,,
llama,cumulative_kl_base_to_current,regression,A,40,1.0,inner_mean_mae,"[{""inner_mean_mae"": 0.06242116115999589, ""regularization"": 0.0}, {""inner_mean_mae"": 0.045629753190452926, ""regularization"": 0.0001}, {""inner_mean_mae"": 0.04544298540381695, ""regularization"": 0.001}, {""inner_mean_mae"": 0.044747366667119794, ""regularization"": 0.01}, {""inner_mean_mae"": 0.043006922916376734, ""regularization"": 0.1}, {""inner_mean_mae"": 0.040778342123331784, ""regularization"": 1.0}, {""inner_mean_mae"": 0.044390279910048076, ""regularization"": 10.0}, {""inner_mean_mae"": 0.05305256725866867, ""regularization"": 100.0}]",16,0.1863265285884228,0.0336537293348895,0.5147058823529412,0.059363143376217245,0.06117051185097477,,,,,
llama,cumulative_kl_base_to_current,regression,A,160,1.0,inner_mean_mae,"[{""inner_mean_mae"": 0.03844392884695049, ""regularization"": 0.0}, {""inner_mean_mae"": 0.031143185601489935, ""regularization"": 0.0001}, {""inner_mean_mae"": 0.03137774742792095, ""regularization"": 0.001}, {""inner_mean_mae"": 0.03148773653648182, ""regularization"": 0.01}, {""inner_mean_mae"": 0.030288120329126967, ""regularization"": 0.1}, {""inner_mean_mae"": 0.02839160228232802, ""regularization"": 1.0}, {""inner_mean_mae"": 0.02975790389949769, ""regularization"": 10.0}, {""inner_mean_mae"": 0.03400848612762435, ""regularization"": 100.0}]",16,-0.14507439417163526,0.059684630621537976,0.27058823529411763,0.09717701095045134,0.08060373728001352,,,,,
llama,cumulative_kl_base_to_current,regression,C,5,1.0,inner_mean_mae,"[{""inner_mean_mae"": 0.025350417579296885, ""regularization"": 0.0}, {""inner_mean_mae"": 0.025350375811034487, ""regularization"": 0.0001}, {""inner_mean_mae"": 0.025349999908419806, ""regularization"": 0.001}, {""inner_mean_mae"": 0.025346242044858348, ""regularization"": 0.01}, {""inner_mean_mae"": 0.02530877930597045, ""regularization"": 0.1}, {""inner_mean_mae"": 0.02498596550601406, ""regularization"": 1.0}, {""inner_mean_mae"": 0.0254280007196451, ""regularization"": 10.0}, {""inner_mean_mae"": 0.04310091478018102, ""regularization"": 100.0}]",16,-121.71264582275225,0.010788487890131529,0.788235294117647,0.0024289270655780126,0.0010797528470276876,,,,,
llama,cumulative_kl_base_to_current,regression,C,20,1.0,inner_mean_mae,"[{""inner_mean_mae"": 0.022398845714634977, ""regularization"": 0.0}, {""inner_mean_mae"": 0.02239878883545568, ""regularization"": 0.0001}, {""inner_mean_mae"": 0.022398276938838654, ""regularization"": 0.001}, {""inner_mean_mae"": 0.022393159555853845, ""regularization"": 0.01}, {""inner_mean_mae"": 0.02234214355183617, ""regularization"": 0.1}, {""inner_mean_mae"": 0.02184728831286467, ""regularization"": 1.0}, {""inner_mean_mae"": 0.02230533477980907, ""regularization"": 10.0}, {""inner_mean_mae"": 0.0461734339338243, ""regularization"": 100.0}]",16,0.4821843042689087,0.01873476029714681,0.9,0.03171307223848403,0.03414451780796325,,,,,
llama,cumulative_kl_base_to_current,regression,C,40,10.0,inner_mean_mae,"[{""inner_mean_mae"": 0.025025086385265922, ""regularization"": 0.0}, {""inner_mean_mae"": 0.025025022751294188, ""regularization"": 0.0001}, {""inner_mean_mae"": 0.025024450063445003, ""regularization"": 0.001}, {""inner_mean_mae"": 0.025018724956152632, ""regularization"": 0.01}, {""inner_mean_mae"": 0.024961650451958518, ""regularization"": 0.1}, {""inner_mean_mae"": 0.024408027761275652, ""regularization"": 1.0}, {""inner_mean_mae"": 0.022903541175347954, ""regularization"": 10.0}, {""inner_mean_mae"": 0.046768838411700354, ""regularization"": 100.0}]",16,0.8144475197409785,0.015918447871225015,0.8676470588235294,0.059363143376217245,0.06117051185097477,,,,,
llama,cumulative_kl_base_to_current,regression,C,160,10.0,inner_mean_mae,"[{""inner_mean_mae"": 0.016282673175890265, ""regularization"": 0.0}, {""inner_mean_mae"": 0.01628262019679828, ""regularization"": 0.0001}, {""inner_mean_mae"": 0.016282143399870323, ""regularization"": 0.001}, {""inner_mean_mae"": 0.016277376905220405, ""regularization"": 0.01}, {""inner_mean_mae"": 0.016229858962761853, ""regularization"": 0.1}, {""inner_mean_mae"": 0.01577945739200973, ""regularization"": 1.0}, {""inner_mean_mae"": 0.014954135556917275, ""regularization"": 10.0}, {""inner_mean_mae"": 0.028772801956531396, ""regularization"": 100.0}]",16,0.532885032107815,0.0406039913077183,0.7058823529411764,0.09717701095045134,0.08060373728001352,,,,,
llama,cumulative_kl_base_to_current,regression,Pk,5,10.0,inner_mean_mae,"[{""inner_mean_mae"": 0.05863980484631038, ""regularization"": 0.0}, {""inner_mean_mae"": 0.05859660776164675, ""regularization"": 0.0001}, {""inner_mean_mae"": 0.05822905845099535, ""regularization"": 0.001}, {""inner_mean_mae"": 0.05591912068664658, ""regularization"": 0.01}, {""inner_mean_mae"": 0.04944356244541181, ""regularization"": 0.1}, {""inner_mean_mae"": 0.039455752360393406, ""regularization"": 1.0}, {""inner_mean_mae"": 0.03557106552552656, ""regularization"": 10.0}, {""inner_mean_mae"": 0.03914858216934889, ""regularization"": 100.0}]",16,-67.15453108466248,0.007961962112700493,0.5093248125762992,0.0024289270655780126,0.0010797528470276876,,,,,
llama,cumulative_kl_base_to_current,regression,Pk,20,0.1,inner_mean_mae,"[{""inner_mean_mae"": 0.03009863455373657, ""regularization"": 0.0}, {""inner_mean_mae"": 0.030049336393427384, ""regularization"": 0.0001}, {""inner_mean_mae"": 0.029631783845040633, ""regularization"": 0.001}, {""inner_mean_mae"": 0.027059284961166274, ""regularization"": 0.01}, {""inner_mean_mae"": 0.026131577700410736, ""regularization"": 0.1}, {""inner_mean_mae"": 0.027986657177686308, ""regularization"": 1.0}, {""inner_mean_mae"": 0.028331310670242773, ""regularization"": 10.0}, {""inner_mean_mae"": 0.03701229991720898, ""regularization"": 100.0}]",16,-2.2723718581280568,0.03703979214025517,0.47294446882084934,0.03171307223848403,0.03414451780796325,,,,,
llama,cumulative_kl_base_to_current,regression,Pk,40,10.0,inner_mean_mae,"[{""inner_mean_mae"": 0.05279441430595233, ""regularization"": 0.0}, {""inner_mean_mae"": 0.05278693968321522, ""regularization"": 0.0001}, {""inner_mean_mae"": 0.05271909526785168, ""regularization"": 0.001}, {""inner_mean_mae"": 0.05201310281885458, ""regularization"": 0.01}, {""inner_mean_mae"": 0.04644615129697686, ""regularization"": 0.1}, {""inner_mean_mae"": 0.03459867980953924, ""regularization"": 1.0}, {""inner_mean_mae"": 0.03192495135440326, ""regularization"": 10.0}, {""inner_mean_mae"": 0.03965536952192406, ""regularization"": 100.0}]",16,0.6792995187511824,0.022213427612670728,0.6184658438426491,0.059363143376217245,0.06117051185097477,,,,,
llama,cumulative_kl_base_to_current,regression,Pk,160,10.0,inner_mean_mae,"[{""inner_mean_mae"": 0.025516279300744026, ""regularization"": 0.0}, {""inner_mean_mae"": 0.025507553114326814, ""regularization"": 0.0001}, {""inner_mean_mae"": 0.025430311550319985, ""regularization"": 0.001}, {""inner_mean_mae"": 0.024766307690402573, ""regularization"": 0.01}, {""inner_mean_mae"": 0.02212653045770001, ""regularization"": 0.1}, {""inner_mean_mae"": 0.01990017577807462, ""regularization"": 1.0}, {""inner_mean_mae"": 0.01869314589891963, ""regularization"": 10.0}, {""inner_mean_mae"": 0.022824885608397027, ""regularization"": 100.0}]",16,0.2562995589664381,0.05006960224297301,0.48507125007266594,0.09717701095045134,0.08060373728001352,,,,,
llama,cumulative_kl_base_to_current,regression,A+C,5,1.0,inner_mean_mae,"[{""inner_mean_mae"": 0.030305876836388107, ""regularization"": 0.0}, {""inner_mean_mae"": 0.027509499818817618, ""regularization"": 0.0001}, {""inner_mean_mae"": 0.02731710802401104, ""regularization"": 0.001}, {""inner_mean_mae"": 0.026965917385498927, ""regularization"": 0.01}, {""inner_mean_mae"": 0.02597232452363581, ""regularization"": 0.1}, {""inner_mean_mae"": 0.02488504198394363, ""regularization"": 1.0}, {""inner_mean_mae"": 0.025879667499527973, ""regularization"": 10.0}, {""inner_mean_mae"": 0.04114796688756514, ""regularization"": 100.0}]",16,-180.31309445692466,0.012348351228776795,0.6735294117647058,0.0024289270655780126,0.0010797528470276876,,,,,
llama,cumulative_kl_base_to_current,regression,A+C,20,1.0,inner_mean_mae,"[{""inner_mean_mae"": 0.035519357336214995, ""regularization"": 0.0}, {""inner_mean_mae"": 0.029428574662674355, ""regularization"": 0.0001}, {""inner_mean_mae"": 0.028825277115930886, ""regularization"": 0.001}, {""inner_mean_mae"": 0.026763778745408123, ""regularization"": 0.01}, {""inner_mean_mae"": 0.02465641982457885, ""regularization"": 0.1}, {""inner_mean_mae"": 0.0220455697756045, ""regularization"": 1.0}, {""inner_mean_mae"": 0.0235317141138634, ""regularization"": 10.0}, {""inner_mean_mae"": 0.04487309151616844, ""regularization"": 100.0}]",16,0.47025337983813875,0.01733403496711787,0.9235294117647058,0.03171307223848403,0.03414451780796325,,,,,
llama,cumulative_kl_base_to_current,regression,A+C,40,10.0,inner_mean_mae,"[{""inner_mean_mae"": 0.035797175909738146, ""regularization"": 0.0}, {""inner_mean_mae"": 0.030257397914513786, ""regularization"": 0.0001}, {""inner_mean_mae"": 0.029845546686355282, ""regularization"": 0.001}, {""inner_mean_mae"": 0.028381842628093627, ""regularization"": 0.01}, {""inner_mean_mae"": 0.02673929820462942, ""regularization"": 0.1}, {""inner_mean_mae"": 0.025085480696144233, ""regularization"": 1.0}, {""inner_mean_mae"": 0.024124352134993542, ""regularization"": 10.0}, {""inner_mean_mae"": 0.04324626100845911, ""regularization"": 100.0}]",16,0.820954027428684,0.01583447746146841,0.8382352941176471,0.059363143376217245,0.06117051185097477,,,,,
llama,cumulative_kl_base_to_current,regression,A+C,160,10.0,inner_mean_mae,"[{""inner_mean_mae"": 0.020139986967118537, ""regularization"": 0.0}, {""inner_mean_mae"": 0.01700623291081073, ""regularization"": 0.0001}, {""inner_mean_mae"": 0.016878051157015992, ""regularization"": 0.001}, {""inner_mean_mae"": 0.016806401894237866, ""regularization"": 0.01}, {""inner_mean_mae"": 0.016375279784598077, ""regularization"": 0.1}, {""inner_mean_mae"": 0.015551904618731191, ""regularization"": 1.0}, {""inner_mean_mae"": 0.015516491949997838, ""regularization"": 10.0}, {""inner_mean_mae"": 0.02737037833259155, ""regularization"": 100.0}]",16,0.554119483042389,0.04210060096833027,0.6411764705882352,0.09717701095045134,0.08060373728001352,,,,,
llama,cumulative_kl_base_to_current,regression,Pk+A,5,10.0,inner_mean_mae,"[{""inner_mean_mae"": 0.07033785808024921, ""regularization"": 0.0}, {""inner_mean_mae"": 0.05406852130883761, ""regularization"": 0.0001}, {""inner_mean_mae"": 0.05320504935533742, ""regularization"": 0.001}, {""inner_mean_mae"": 0.0510968370993842, ""regularization"": 0.01}, {""inner_mean_mae"": 0.044079039118328785, ""regularization"": 0.1}, {""inner_mean_mae"": 0.036417307223749674, ""regularization"": 1.0}, {""inner_mean_mae"": 0.032660941389475444, ""regularization"": 10.0}, {""inner_mean_mae"": 0.0356881729155989, ""regularization"": 100.0}]",16,-476.31389431667077,0.021973983448964927,0.6029411764705882,0.0024289270655780126,0.0010797528470276876,,,,,
llama,cumulative_kl_base_to_current,regression,Pk+A,20,10.0,inner_mean_mae,"[{""inner_mean_mae"": 0.0544397350584312, ""regularization"": 0.0}, {""inner_mean_mae"": 0.033279718653543934, ""regularization"": 0.0001}, {""inner_mean_mae"": 0.03175191830832877, ""regularization"": 0.001}, {""inner_mean_mae"": 0.028909441268494613, ""regularization"": 0.01}, {""inner_mean_mae"": 0.0298252802912742, ""regularization"": 0.1}, {""inner_mean_mae"": 0.02945260513387818, ""regularization"": 1.0}, {""inner_mean_mae"": 0.028713803461283525, ""regularization"": 10.0}, {""inner_mean_mae"": 0.03444960419105364, ""regularization"": 100.0}]",16,-0.5604865796257741,0.027341872694548706,0.8382352941176471,0.03171307223848403,0.03414451780796325,,,,,
llama,cumulative_kl_base_to_current,regression,Pk+A,40,10.0,inner_mean_mae,"[{""inner_mean_mae"": 0.055379908990221625, ""regularization"": 0.0}, {""inner_mean_mae"": 0.04952362947564653, ""regularization"": 0.0001}, {""inner_mean_mae"": 0.04932066798953566, ""regularization"": 0.001}, {""inner_mean_mae"": 0.04956152737481675, ""regularization"": 0.01}, {""inner_mean_mae"": 0.04579041389971914, ""regularization"": 0.1}, {""inner_mean_mae"": 0.038365271406973676, ""regularization"": 1.0}, {""inner_mean_mae"": 0.034115134738606064, ""regularization"": 10.0}, {""inner_mean_mae"": 0.036707536549094776, ""regularization"": 100.0}]",16,0.771003429814535,0.01781927810020145,0.8941176470588235,0.059363143376217245,0.06117051185097477,,,,,
llama,cumulative_kl_base_to_current,regression,Pk+A,160,10.0,inner_mean_mae,"[{""inner_mean_mae"": 0.02899672058795494, ""regularization"": 0.0}, {""inner_mean_mae"": 0.02873788471064444, ""regularization"": 0.0001}, {""inner_mean_mae"": 0.027691394778476142, ""regularization"": 0.001}, {""inner_mean_mae"": 0.02565476405279435, ""regularization"": 0.01}, {""inner_mean_mae"": 0.02350756008548739, ""regularization"": 0.1}, {""inner_mean_mae"": 0.022800416087046912, ""regularization"": 1.0}, {""inner_mean_mae"": 0.02106577200266209, ""regularization"": 10.0}, {""inner_mean_mae"": 0.021384363573449444, ""regularization"": 100.0}]",16,0.3903512769901598,0.04579118978337658,0.5558823529411765,0.09717701095045134,0.08060373728001352,,,,,
llama,cumulative_kl_base_to_current,regression,Pk+C,5,10.0,inner_mean_mae,"[{""inner_mean_mae"": 0.03930941502414533, ""regularization"": 0.0}, {""inner_mean_mae"": 0.03929163037393317, ""regularization"": 0.0001}, {""inner_mean_mae"": 0.0391410264896331, ""regularization"": 0.001}, {""inner_mean_mae"": 0.03817779406648112, ""regularization"": 0.01}, {""inner_mean_mae"": 0.0348479709053649, ""regularization"": 0.1}, {""inner_mean_mae"": 0.029822743684759453, ""regularization"": 1.0}, {""inner_mean_mae"": 0.028425902848413353, ""regularization"": 10.0}, {""inner_mean_mae"": 0.035075855993350766, ""regularization"": 100.0}]",16,-31.447123502032937,0.005070461111083296,0.8147058823529412,0.0024289270655780126,0.0010797528470276876,,,,,
llama,cumulative_kl_base_to_current,regression,Pk+C,20,1.0,inner_mean_mae,"[{""inner_mean_mae"": 0.02087704358096056, ""regularization"": 0.0}, {""inner_mean_mae"": 0.020866611693340212, ""regularization"": 0.0001}, {""inner_mean_mae"": 0.020778445247929742, ""regularization"": 0.001}, {""inner_mean_mae"": 0.020427875362191036, ""regularization"": 0.01}, {""inner_mean_mae"": 0.02037284268912264, ""regularization"": 0.1}, {""inner_mean_mae"": 0.019796144673183576, ""regularization"": 1.0}, {""inner_mean_mae"": 0.021834761463397395, ""regularization"": 10.0}, {""inner_mean_mae"": 0.03280525110358173, ""regularization"": 100.0}]",16,-0.2388664343354463,0.025265990461110097,0.9323529411764706,0.03171307223848403,0.03414451780796325,,,,,
llama,cumulative_kl_base_to_current,regression,Pk+C,40,10.0,inner_mean_mae,"[{""inner_mean_mae"": 0.03892099741943486, ""regularization"": 0.0}, {""inner_mean_mae"": 0.03891579141164599, ""regularization"": 0.0001}, {""inner_mean_mae"": 0.03886833696778857, ""regularization"": 0.001}, {""inner_mean_mae"": 0.03838080669791797, ""regularization"": 0.01}, {""inner_mean_mae"": 0.034736985025527856, ""regularization"": 0.1}, {""inner_mean_mae"": 0.02748346645034831, ""regularization"": 1.0}, {""inner_mean_mae"": 0.025969905725144293, ""regularization"": 10.0}, {""inner_mean_mae"": 0.03518707413330227, ""regularization"": 100.0}]",16,0.839056962937156,0.016131345348262445,0.8794117647058824,0.059363143376217245,0.06117051185097477,,,,,
llama,cumulative_kl_base_to_current,regression,Pk+C,160,10.0,inner_mean_mae,"[{""inner_mean_mae"": 0.018679796180894874, ""regularization"": 0.0}, {""inner_mean_mae"": 0.01867515414355998, ""regularization"": 0.0001}, {""inner_mean_mae"": 0.018634040844777447, ""regularization"": 0.001}, {""inner_mean_mae"": 0.018376194607991687, ""regularization"": 0.01}, {""inner_mean_mae"": 0.018478919672489675, ""regularization"": 0.1}, {""inner_mean_mae"": 0.01787385130917414, ""regularization"": 1.0}, {""inner_mean_mae"": 0.015999336651401443, ""regularization"": 10.0}, {""inner_mean_mae"": 0.0201531826323619, ""regularization"": 100.0}]",16,0.5135348035846101,0.04242002227407803,0.6147058823529412,0.09717701095045134,0.08060373728001352,,,,,
llama,cumulative_kl_base_to_current,regression,Pk+A+C,5,10.0,inner_mean_mae,"[{""inner_mean_mae"": 0.05190369751249504, ""regularization"": 0.0}, {""inner_mean_mae"": 0.03780515960913055, ""regularization"": 0.0001}, {""inner_mean_mae"": 0.03697467705484838, ""regularization"": 0.001}, {""inner_mean_mae"": 0.03578432192607855, ""regularization"": 0.01}, {""inner_mean_mae"": 0.033565920128512644, ""regularization"": 0.1}, {""inner_mean_mae"": 0.03052409303559822, ""regularization"": 1.0}, {""inner_mean_mae"": 0.029402410830341705, ""regularization"": 10.0}, {""inner_mean_mae"": 0.03280277722279671, ""regularization"": 100.0}]",16,-177.74569260836185,0.013514341039842436,0.6029411764705882,0.0024289270655780126,0.0010797528470276876,,,,,
llama,cumulative_kl_base_to_current,regression,Pk+A+C,20,0.1,inner_mean_mae,"[{""inner_mean_mae"": 0.037199646787159736, ""regularization"": 0.0}, {""inner_mean_mae"": 0.022474686900655506, ""regularization"": 0.0001}, {""inner_mean_mae"": 0.022711250030240177, ""regularization"": 0.001}, {""inner_mean_mae"": 0.022182569629480318, ""regularization"": 0.01}, {""inner_mean_mae"": 0.021907332727918987, ""regularization"": 0.1}, {""inner_mean_mae"": 0.021936081880843034, ""regularization"": 1.0}, {""inner_mean_mae"": 0.02436590275767177, ""regularization"": 10.0}, {""inner_mean_mae"": 0.03089060510589069, ""regularization"": 100.0}]",16,-0.3913501309154046,0.027142045727792895,0.9,0.03171307223848403,0.03414451780796325,,,,,
llama,cumulative_kl_base_to_current,regression,Pk+A+C,40,1.0,inner_mean_mae,"[{""inner_mean_mae"": 0.04116848040485304, ""regularization"": 0.0}, {""inner_mean_mae"": 0.03892501633714714, ""regularization"": 0.0001}, {""inner_mean_mae"": 0.03922985140660135, ""regularization"": 0.001}, {""inner_mean_mae"": 0.03880824950195519, ""regularization"": 0.01}, {""inner_mean_mae"": 0.0352057494020779, ""regularization"": 0.1}, {""inner_mean_mae"": 0.0287424396549331, ""regularization"": 1.0}, {""inner_mean_mae"": 0.02892910806909037, ""regularization"": 10.0}, {""inner_mean_mae"": 0.03305137972937424, ""regularization"": 100.0}]",16,0.9006499743754693,0.01528532395189676,0.8088235294117646,0.059363143376217245,0.06117051185097477,,,,,
llama,cumulative_kl_base_to_current,regression,Pk+A+C,160,0.01,inner_mean_mae,"[{""inner_mean_mae"": 0.01787900093541518, ""regularization"": 0.0}, {""inner_mean_mae"": 0.016665799513168347, ""regularization"": 0.0001}, {""inner_mean_mae"": 0.01667296852225864, ""regularization"": 0.001}, {""inner_mean_mae"": 0.016507808954050476, ""regularization"": 0.01}, {""inner_mean_mae"": 0.017318238533587802, ""regularization"": 0.1}, {""inner_mean_mae"": 0.017394604706323535, ""regularization"": 1.0}, {""inner_mean_mae"": 0.017724554745427338, ""regularization"": 10.0}, {""inner_mean_mae"": 0.01948544951102188, ""regularization"": 100.0}]",16,0.5805920947056414,0.04411498440958523,0.5941176470588235,0.09717701095045134,0.08060373728001352,,,,,
llama,absolute_delta_nll_cumulative,regression,A,5,0.0001,inner_mean_mae,"[{""inner_mean_mae"": 0.10185322376945134, ""regularization"": 0.0}, {""inner_mean_mae"": 0.06538975201203552, ""regularization"": 0.0001}, {""inner_mean_mae"": 0.06854450595721381, ""regularization"": 0.001}, {""inner_mean_mae"": 0.07471544449793856, ""regularization"": 0.01}, {""inner_mean_mae"": 0.07617685526459099, ""regularization"": 0.1}, {""inner_mean_mae"": 0.0805230262279158, ""regularization"": 1.0}, {""inner_mean_mae"": 0.08504907239595468, ""regularization"": 10.0}, {""inner_mean_mae"": 0.09205848962861667, ""regularization"": 100.0}]",16,-134.78282138042445,0.11473091589384704,0.6617647058823529,0.0443777793940396,0.011217332522810843,,,,,
llama,absolute_delta_nll_cumulative,regression,A,20,0.0001,inner_mean_mae,"[{""inner_mean_mae"": 0.18086170273002602, ""regularization"": 0.0}, {""inner_mean_mae"": 0.09896480677619886, ""regularization"": 0.0001}, {""inner_mean_mae"": 0.09990825118141554, ""regularization"": 0.001}, {""inner_mean_mae"": 0.1021121967897944, ""regularization"": 0.01}, {""inner_mean_mae"": 0.10062668636604007, ""regularization"": 0.1}, {""inner_mean_mae"": 0.11193804811955226, ""regularization"": 1.0}, {""inner_mean_mae"": 0.12008209769746085, ""regularization"": 10.0}, {""inner_mean_mae"": 0.12736730455449213, ""regularization"": 100.0}]",16,0.41869242576102916,0.045874319668748276,0.788235294117647,0.14702880282393224,0.07508994369118932,,,,,
llama,absolute_delta_nll_cumulative,regression,A,40,0.1,inner_mean_mae,"[{""inner_mean_mae"": 0.14547693539226736, ""regularization"": 0.0}, {""inner_mean_mae"": 0.09239683783323789, ""regularization"": 0.0001}, {""inner_mean_mae"": 0.09229910984788768, ""regularization"": 0.001}, {""inner_mean_mae"": 0.09290265224435466, ""regularization"": 0.01}, {""inner_mean_mae"": 0.09108412454515702, ""regularization"": 0.1}, {""inner_mean_mae"": 0.0958724268279777, ""regularization"": 1.0}, {""inner_mean_mae"": 0.10457755093864168, ""regularization"": 10.0}, {""inner_mean_mae"": 0.11911646203065192, ""regularization"": 100.0}]",16,0.1363057933423355,0.05946946988894231,0.7676470588235293,0.20418892788676202,0.10952595669361583,,,,,
llama,absolute_delta_nll_cumulative,regression,A,160,0.0001,inner_mean_mae,"[{""inner_mean_mae"": 0.08071214639423485, ""regularization"": 0.0}, {""inner_mean_mae"": 0.07061951712021607, ""regularization"": 0.0001}, {""inner_mean_mae"": 0.0724078046375302, ""regularization"": 0.001}, {""inner_mean_mae"": 0.07471490005453177, ""regularization"": 0.01}, {""inner_mean_mae"": 0.07356035640593879, ""regularization"": 0.1}, {""inner_mean_mae"": 0.07780766157488549, ""regularization"": 1.0}, {""inner_mean_mae"": 0.08453872718401949, ""regularization"": 10.0}, {""inner_mean_mae"": 0.09152266155521531, ""regularization"": 100.0}]",16,-0.16006207196908706,0.09469793231876857,0.18235294117647058,0.26630629308830756,0.12859366341319714,,,,,
llama,absolute_delta_nll_cumulative,regression,C,5,0.0,inner_mean_mae,"[{""inner_mean_mae"": 0.04159271619717192, ""regularization"": 0.0}, {""inner_mean_mae"": 0.04159275400634098, ""regularization"": 0.0001}, {""inner_mean_mae"": 0.041593094278229, ""regularization"": 0.001}, {""inner_mean_mae"": 0.041596495944721916, ""regularization"": 0.01}, {""inner_mean_mae"": 0.041630407698441556, ""regularization"": 0.1}, {""inner_mean_mae"": 0.041959351709521975, ""regularization"": 1.0}, {""inner_mean_mae"": 0.04844367744074043, ""regularization"": 10.0}, {""inner_mean_mae"": 0.08017386643997586, ""regularization"": 100.0}]",16,-10.413169619401895,0.035911482220113325,0.6264705882352941,0.0443777793940396,0.011217332522810843,,,,,
llama,absolute_delta_nll_cumulative,regression,C,20,0.0,inner_mean_mae,"[{""inner_mean_mae"": 0.0466402767941533, ""regularization"": 0.0}, {""inner_mean_mae"": 0.04664043191384506, ""regularization"": 0.0001}, {""inner_mean_mae"": 0.04664182794744474, ""regularization"": 0.001}, {""inner_mean_mae"": 0.04665578396581216, ""regularization"": 0.01}, {""inner_mean_mae"": 0.04679491373022839, ""regularization"": 0.1}, {""inner_mean_mae"": 0.048172880451625565, ""regularization"": 1.0}, {""inner_mean_mae"": 0.06184966429060473, ""regularization"": 10.0}, {""inner_mean_mae"": 0.10962508387137948, ""regularization"": 100.0}]",16,0.8195200651593079,0.02636407083046099,0.8352941176470589,0.14702880282393224,0.07508994369118932,,,,,
llama,absolute_delta_nll_cumulative,regression,C,40,0.0,inner_mean_mae,"[{""inner_mean_mae"": 0.04100533257651576, ""regularization"": 0.0}, {""inner_mean_mae"": 0.04100545279232476, ""regularization"": 0.0001}, {""inner_mean_mae"": 0.04100653470079633, ""regularization"": 0.001}, {""inner_mean_mae"": 0.041017350439403494, ""regularization"": 0.01}, {""inner_mean_mae"": 0.04112517425596674, ""regularization"": 0.1}, {""inner_mean_mae"": 0.0422088197308448, ""regularization"": 1.0}, {""inner_mean_mae"": 0.051567759235429306, ""regularization"": 10.0}, {""inner_mean_mae"": 0.10313825260644027, ""regularization"": 100.0}]",16,0.8305178200058975,0.03790238033621666,0.7617647058823529,0.20418892788676202,0.10952595669361583,,,,,
llama,absolute_delta_nll_cumulative,regression,C,160,0.0,inner_mean_mae,"[{""inner_mean_mae"": 0.039026277737122354, ""regularization"": 0.0}, {""inner_mean_mae"": 0.039026368955092, ""regularization"": 0.0001}, {""inner_mean_mae"": 0.03902718989116452, ""regularization"": 0.001}, {""inner_mean_mae"": 0.03903539671291242, ""regularization"": 0.01}, {""inner_mean_mae"": 0.03911721182280467, ""regularization"": 0.1}, {""inner_mean_mae"": 0.03991081838875949, ""regularization"": 1.0}, {""inner_mean_mae"": 0.04601259591235383, ""regularization"": 10.0}, {""inner_mean_mae"": 0.07998433152059618, ""regularization"": 100.0}]",16,0.7017199301353608,0.060098221437863364,0.6941176470588235,0.26630629308830756,0.12859366341319714,,,,,
llama,absolute_delta_nll_cumulative,regression,Pk,5,10.0,inner_mean_mae,"[{""inner_mean_mae"": 0.1068353350421104, ""regularization"": 0.0}, {""inner_mean_mae"": 0.10675831433479892, ""regularization"": 0.0001}, {""inner_mean_mae"": 0.10609997673194697, ""regularization"": 0.001}, {""inner_mean_mae"": 0.10199479359959503, ""regularization"": 0.01}, {""inner_mean_mae"": 0.08822259797766989, ""regularization"": 0.1}, {""inner_mean_mae"": 0.07206275105513803, ""regularization"": 1.0}, {""inner_mean_mae"": 0.06626786015363934, ""regularization"": 10.0}, {""inner_mean_mae"": 0.07219690389899441, ""regularization"": 100.0}]",16,-29.094121725296755,0.06033947990963423,0.3759302188063161,0.0443777793940396,0.011217332522810843,,,,,
llama,absolute_delta_nll_cumulative,regression,Pk,20,10.0,inner_mean_mae,"[{""inner_mean_mae"": 0.07259234599241514, ""regularization"": 0.0}, {""inner_mean_mae"": 0.07256733817068563, ""regularization"": 0.0001}, {""inner_mean_mae"": 0.07235601162671174, ""regularization"": 0.001}, {""inner_mean_mae"": 0.07209423660265064, ""regularization"": 0.01}, {""inner_mean_mae"": 0.07306237143365506, ""regularization"": 0.1}, {""inner_mean_mae"": 0.07494584939534424, ""regularization"": 1.0}, {""inner_mean_mae"": 0.07016450826250405, ""regularization"": 10.0}, {""inner_mean_mae"": 0.08765930768063397, ""regularization"": 100.0}]",16,-0.02691428692580944,0.05285672356020253,0.48507125007266594,0.14702880282393224,0.07508994369118932,,,,,
llama,absolute_delta_nll_cumulative,regression,Pk,40,1.0,inner_mean_mae,"[{""inner_mean_mae"": 0.077637745458668, ""regularization"": 0.0}, {""inner_mean_mae"": 0.07761787549272932, ""regularization"": 0.0001}, {""inner_mean_mae"": 0.07744059150767542, ""regularization"": 0.001}, {""inner_mean_mae"": 0.07580575372390587, ""regularization"": 0.01}, {""inner_mean_mae"": 0.06864880542980464, ""regularization"": 0.1}, {""inner_mean_mae"": 0.06694638164186398, ""regularization"": 1.0}, {""inner_mean_mae"": 0.07062304389948286, ""regularization"": 10.0}, {""inner_mean_mae"": 0.08708149998293273, ""regularization"": 100.0}]",16,0.6674090547120678,0.04931271985545138,0.6548461875980991,0.20418892788676202,0.10952595669361583,,,,,
llama,absolute_delta_nll_cumulative,regression,Pk,160,1.0,inner_mean_mae,"[{""inner_mean_mae"": 0.06041008358554736, ""regularization"": 0.0}, {""inner_mean_mae"": 0.06037632079288386, ""regularization"": 0.0001}, {""inner_mean_mae"": 0.060078153291953394, ""regularization"": 0.001}, {""inner_mean_mae"": 0.05756860112951941, ""regularization"": 0.01}, {""inner_mean_mae"": 0.04880127931298298, ""regularization"": 0.1}, {""inner_mean_mae"": 0.04537887560581444, ""regularization"": 1.0}, {""inner_mean_mae"": 0.05003636647000124, ""regularization"": 10.0}, {""inner_mean_mae"": 0.06455194109435479, ""regularization"": 100.0}]",16,0.013747995119432144,0.10585167877389608,0.24253562503633297,0.26630629308830756,0.12859366341319714,,,,,
llama,absolute_delta_nll_cumulative,regression,A+C,5,0.1,inner_mean_mae,"[{""inner_mean_mae"": 0.04629744921240664, ""regularization"": 0.0}, {""inner_mean_mae"": 0.0410863740777126, ""regularization"": 0.0001}, {""inner_mean_mae"": 0.040737248744408185, ""regularization"": 0.001}, {""inner_mean_mae"": 0.03997055679545516, ""regularization"": 0.01}, {""inner_mean_mae"": 0.03915735883060365, ""regularization"": 0.1}, {""inner_mean_mae"": 0.041342049756661066, ""regularization"": 1.0}, {""inner_mean_mae"": 0.04803413192106549, ""regularization"": 10.0}, {""inner_mean_mae"": 0.07530248286914899, ""regularization"": 100.0}]",16,-11.954345535641604,0.03537007217255074,0.888235294117647,0.0443777793940396,0.011217332522810843,,,,,
llama,absolute_delta_nll_cumulative,regression,A+C,20,0.1,inner_mean_mae,"[{""inner_mean_mae"": 0.05985719593548396, ""regularization"": 0.0}, {""inner_mean_mae"": 0.050680276181562206, ""regularization"": 0.0001}, {""inner_mean_mae"": 0.04939143867054732, ""regularization"": 0.001}, {""inner_mean_mae"": 0.0463802912496011, ""regularization"": 0.01}, {""inner_mean_mae"": 0.043639629649054434, ""regularization"": 0.1}, {""inner_mean_mae"": 0.05015461245211102, ""regularization"": 1.0}, {""inner_mean_mae"": 0.0659312037278566, ""regularization"": 10.0}, {""inner_mean_mae"": 0.10543065008741807, ""regularization"": 100.0}]",16,0.8190741573758177,0.02399266032593414,0.9294117647058824,0.14702880282393224,0.07508994369118932,,,,,
llama,absolute_delta_nll_cumulative,regression,A+C,40,0.1,inner_mean_mae,"[{""inner_mean_mae"": 0.055784402262286224, ""regularization"": 0.0}, {""inner_mean_mae"": 0.043599810120456196, ""regularization"": 0.0001}, {""inner_mean_mae"": 0.043063245193998095, ""regularization"": 0.001}, {""inner_mean_mae"": 0.041632718474785425, ""regularization"": 0.01}, {""inner_mean_mae"": 0.03948866465282193, ""regularization"": 0.1}, {""inner_mean_mae"": 0.04191508109671046, ""regularization"": 1.0}, {""inner_mean_mae"": 0.05302398585767062, ""regularization"": 10.0}, {""inner_mean_mae"": 0.09721588576610303, ""regularization"": 100.0}]",16,0.8691712853971003,0.03359683897789342,0.8411764705882352,0.20418892788676202,0.10952595669361583,,,,,
llama,absolute_delta_nll_cumulative,regression,A+C,160,0.0,inner_mean_mae,"[{""inner_mean_mae"": 0.03398527167428301, ""regularization"": 0.0}, {""inner_mean_mae"": 0.034987068151221656, ""regularization"": 0.0001}, {""inner_mean_mae"": 0.03511954736658922, ""regularization"": 0.001}, {""inner_mean_mae"": 0.035158944160478434, ""regularization"": 0.01}, {""inner_mean_mae"": 0.035453049975857305, ""regularization"": 0.1}, {""inner_mean_mae"": 0.03936624945052347, ""regularization"": 1.0}, {""inner_mean_mae"": 0.04710222819977045, ""regularization"": 10.0}, {""inner_mean_mae"": 0.07654920223023627, ""regularization"": 100.0}]",16,0.5674739518385785,0.07566308505966796,0.7705882352941176,0.26630629308830756,0.12859366341319714,,,,,
llama,absolute_delta_nll_cumulative,regression,Pk+A,5,10.0,inner_mean_mae,"[{""inner_mean_mae"": 0.11345836120525236, ""regularization"": 0.0}, {""inner_mean_mae"": 0.09660574084872714, ""regularization"": 0.0001}, {""inner_mean_mae"": 0.09663931717163778, ""regularization"": 0.001}, {""inner_mean_mae"": 0.09279619996241617, ""regularization"": 0.01}, {""inner_mean_mae"": 0.07736792589722835, ""regularization"": 0.1}, {""inner_mean_mae"": 0.059862992141627436, ""regularization"": 1.0}, {""inner_mean_mae"": 0.053695468499823394, ""regularization"": 10.0}, {""inner_mean_mae"": 0.06301321182647235, ""regularization"": 100.0}]",16,-36.643250617747086,0.05443845053733334,0.711764705882353,0.0443777793940396,0.011217332522810843,,,,,
llama,absolute_delta_nll_cumulative,regression,Pk+A,20,10.0,inner_mean_mae,"[{""inner_mean_mae"": 0.09215461097143034, ""regularization"": 0.0}, {""inner_mean_mae"": 0.07892937910694463, ""regularization"": 0.0001}, {""inner_mean_mae"": 0.07595961738307039, ""regularization"": 0.001}, {""inner_mean_mae"": 0.07020050974181138, ""regularization"": 0.01}, {""inner_mean_mae"": 0.06675860272678072, ""regularization"": 0.1}, {""inner_mean_mae"": 0.0659124050102579, ""regularization"": 1.0}, {""inner_mean_mae"": 0.06158538043299824, ""regularization"": 10.0}, {""inner_mean_mae"": 0.08011613343736522, ""regularization"": 100.0}]",16,0.24062710810459098,0.042058136317399956,0.8352941176470589,0.14702880282393224,0.07508994369118932,,,,,
llama,absolute_delta_nll_cumulative,regression,Pk+A,40,10.0,inner_mean_mae,"[{""inner_mean_mae"": 0.08737833727919725, ""regularization"": 0.0}, {""inner_mean_mae"": 0.07324920859976368, ""regularization"": 0.0001}, {""inner_mean_mae"": 0.07234390412553464, ""regularization"": 0.001}, {""inner_mean_mae"": 0.07154913808056433, ""regularization"": 0.01}, {""inner_mean_mae"": 0.06566595219840993, ""regularization"": 0.1}, {""inner_mean_mae"": 0.06464114248358209, ""regularization"": 1.0}, {""inner_mean_mae"": 0.06117338617963808, ""regularization"": 10.0}, {""inner_mean_mae"": 0.07924629465630575, ""regularization"": 100.0}]",16,0.8138458089168175,0.035634370056577824,0.8911764705882352,0.20418892788676202,0.10952595669361583,,,,,
llama,absolute_delta_nll_cumulative,regression,Pk+A,160,1.0,inner_mean_mae,"[{""inner_mean_mae"": 0.0668543450450199, ""regularization"": 0.0}, {""inner_mean_mae"": 0.06675246085604776, ""regularization"": 0.0001}, {""inner_mean_mae"": 0.06460942085846544, ""regularization"": 0.001}, {""inner_mean_mae"": 0.058253563668351854, ""regularization"": 0.01}, {""inner_mean_mae"": 0.04917580420195108, ""regularization"": 0.1}, {""inner_mean_mae"": 0.04427928542912618, ""regularization"": 1.0}, {""inner_mean_mae"": 0.045362511943983434, ""regularization"": 10.0}, {""inner_mean_mae"": 0.05960088434489963, ""regularization"": 100.0}]",16,0.1728825934885604,0.09751521862628185,0.5882352941176471,0.26630629308830756,0.12859366341319714,,,,,
llama,absolute_delta_nll_cumulative,regression,Pk+C,5,10.0,inner_mean_mae,"[{""inner_mean_mae"": 0.07210811542169593, ""regularization"": 0.0}, {""inner_mean_mae"": 0.07207372792192956, ""regularization"": 0.0001}, {""inner_mean_mae"": 0.07177932690016915, ""regularization"": 0.001}, {""inner_mean_mae"": 0.06989484261851481, ""regularization"": 0.01}, {""inner_mean_mae"": 0.06293070156422209, ""regularization"": 0.1}, {""inner_mean_mae"": 0.05278132815970754, ""regularization"": 1.0}, {""inner_mean_mae"": 0.05196741542829301, ""regularization"": 10.0}, {""inner_mean_mae"": 0.06496550622834213, ""regularization"": 100.0}]",16,-19.80223208124279,0.05051170379463058,0.6441176470588235,0.0443777793940396,0.011217332522810843,,,,,
llama,absolute_delta_nll_cumulative,regression,Pk+C,20,0.01,inner_mean_mae,"[{""inner_mean_mae"": 0.05933536254102153, ""regularization"": 0.0}, {""inner_mean_mae"": 0.059331212670438276, ""regularization"": 0.0001}, {""inner_mean_mae"": 0.059296310156636806, ""regularization"": 0.001}, {""inner_mean_mae"": 0.059175201263368095, ""regularization"": 0.01}, {""inner_mean_mae"": 0.05961232479314135, ""regularization"": 0.1}, {""inner_mean_mae"": 0.06044363794235467, ""regularization"": 1.0}, {""inner_mean_mae"": 0.05952797270011113, ""regularization"": 10.0}, {""inner_mean_mae"": 0.078755936284927, ""regularization"": 100.0}]",16,0.24146995308080332,0.04389757894533728,0.8352941176470589,0.14702880282393224,0.07508994369118932,,,,,
llama,absolute_delta_nll_cumulative,regression,Pk+C,40,0.1,inner_mean_mae,"[{""inner_mean_mae"": 0.05561224832846376, ""regularization"": 0.0}, {""inner_mean_mae"": 0.055599193588326934, ""regularization"": 0.0001}, {""inner_mean_mae"": 0.055482907816943115, ""regularization"": 0.001}, {""inner_mean_mae"": 0.05442529217802051, ""regularization"": 0.01}, {""inner_mean_mae"": 0.04901901003872558, ""regularization"": 0.1}, {""inner_mean_mae"": 0.05078238868930605, ""regularization"": 1.0}, {""inner_mean_mae"": 0.05639870391322494, ""regularization"": 10.0}, {""inner_mean_mae"": 0.07754487439536085, ""regularization"": 100.0}]",16,0.8206295400974031,0.038636067015713385,0.8088235294117646,0.20418892788676202,0.10952595669361583,,,,,
llama,absolute_delta_nll_cumulative,regression,Pk+C,160,1.0,inner_mean_mae,"[{""inner_mean_mae"": 0.03944981392668687, ""regularization"": 0.0}, {""inner_mean_mae"": 0.03943038834815037, ""regularization"": 0.0001}, {""inner_mean_mae"": 0.03925901339257937, ""regularization"": 0.001}, {""inner_mean_mae"": 0.03783021300634801, ""regularization"": 0.01}, {""inner_mean_mae"": 0.03329464673240822, ""regularization"": 0.1}, {""inner_mean_mae"": 0.03316597302611563, ""regularization"": 1.0}, {""inner_mean_mae"": 0.04229503514457422, ""regularization"": 10.0}, {""inner_mean_mae"": 0.05901184477946317, ""regularization"": 100.0}]",16,0.3909477622961307,0.08376311309197473,0.611764705882353,0.26630629308830756,0.12859366341319714,,,,,
llama,absolute_delta_nll_cumulative,regression,Pk+A+C,5,10.0,inner_mean_mae,"[{""inner_mean_mae"": 0.09616561318363852, ""regularization"": 0.0}, {""inner_mean_mae"": 0.07900177831229115, ""regularization"": 0.0001}, {""inner_mean_mae"": 0.07727675852838282, ""regularization"": 0.001}, {""inner_mean_mae"": 0.07232802708532471, ""regularization"": 0.01}, {""inner_mean_mae"": 0.062130915110208566, ""regularization"": 0.1}, {""inner_mean_mae"": 0.05311491525799097, ""regularization"": 1.0}, {""inner_mean_mae"": 0.04920619407774194, ""regularization"": 10.0}, {""inner_mean_mae"": 0.05785216621178949, ""regularization"": 100.0}]",16,-26.437213669271884,0.05137447949736904,0.7735294117647058,0.0443777793940396,0.011217332522810843,,,,,
llama,absolute_delta_nll_cumulative,regression,Pk+A+C,20,10.0,inner_mean_mae,"[{""inner_mean_mae"": 0.07786264723645554, ""regularization"": 0.0}, {""inner_mean_mae"": 0.06509525626090655, ""regularization"": 0.0001}, {""inner_mean_mae"": 0.06214736676461045, ""regularization"": 0.001}, {""inner_mean_mae"": 0.05837004921204936, ""regularization"": 0.01}, {""inner_mean_mae"": 0.05753282018332628, ""regularization"": 0.1}, {""inner_mean_mae"": 0.0604210654853663, ""regularization"": 1.0}, {""inner_mean_mae"": 0.05740927409058979, ""regularization"": 10.0}, {""inner_mean_mae"": 0.07473681147782285, ""regularization"": 100.0}]",16,0.4715571081502389,0.03633883742433159,0.8617647058823529,0.14702880282393224,0.07508994369118932,,,,,
llama,absolute_delta_nll_cumulative,regression,Pk+A+C,40,0.1,inner_mean_mae,"[{""inner_mean_mae"": 0.06491806198136185, ""regularization"": 0.0}, {""inner_mean_mae"": 0.05846328839715584, ""regularization"": 0.0001}, {""inner_mean_mae"": 0.0582227573469932, ""regularization"": 0.001}, {""inner_mean_mae"": 0.05640192671682076, ""regularization"": 0.01}, {""inner_mean_mae"": 0.048956527524591086, ""regularization"": 0.1}, {""inner_mean_mae"": 0.05129116070604972, ""regularization"": 1.0}, {""inner_mean_mae"": 0.055499286294114485, ""regularization"": 10.0}, {""inner_mean_mae"": 0.07165767589948845, ""regularization"": 100.0}]",16,0.8601255032810371,0.03483158996043789,0.8852941176470588,0.20418892788676202,0.10952595669361583,,,,,
llama,absolute_delta_nll_cumulative,regression,Pk+A+C,160,0.1,inner_mean_mae,"[{""inner_mean_mae"": 0.043528172258340124, ""regularization"": 0.0}, {""inner_mean_mae"": 0.04343481633514527, ""regularization"": 0.0001}, {""inner_mean_mae"": 0.042623944711610705, ""regularization"": 0.001}, {""inner_mean_mae"": 0.039727267536773435, ""regularization"": 0.01}, {""inner_mean_mae"": 0.03400120260565427, ""regularization"": 0.1}, {""inner_mean_mae"": 0.034648348687775936, ""regularization"": 1.0}, {""inner_mean_mae"": 0.041358804383353966, ""regularization"": 10.0}, {""inner_mean_mae"": 0.055798520778120496, ""regularization"": 100.0}]",16,0.08456235311880989,0.09644969888826183,0.6,0.26630629308830756,0.12859366341319714,,,,,
llama,delta_nll_cumulative,regression,A,5,0.0001,inner_mean_mae,"[{""inner_mean_mae"": 0.05693128438149986, ""regularization"": 0.0}, {""inner_mean_mae"": 0.04153105800783815, ""regularization"": 0.0001}, {""inner_mean_mae"": 0.0437113477054312, ""regularization"": 0.001}, {""inner_mean_mae"": 0.04579438859209344, ""regularization"": 0.01}, {""inner_mean_mae"": 0.045744815722761345, ""regularization"": 0.1}, {""inner_mean_mae"": 0.04672341989673865, ""regularization"": 1.0}, {""inner_mean_mae"": 0.047735639447875865, ""regularization"": 10.0}, {""inner_mean_mae"": 0.048342143596405394, ""regularization"": 100.0}]",16,-153.29604047334024,0.028034977886031702,-0.2058823529411765,-0.0008774103205383501,0.0031143868742013053,,,,,
llama,delta_nll_cumulative,regression,A,20,1.0,inner_mean_mae,"[{""inner_mean_mae"": 0.07404853357628247, ""regularization"": 0.0}, {""inner_mean_mae"": 0.0425606928172513, ""regularization"": 0.0001}, {""inner_mean_mae"": 0.0450084680466574, ""regularization"": 0.001}, {""inner_mean_mae"": 0.04552600391377101, ""regularization"": 0.01}, {""inner_mean_mae"": 0.0433258977654784, ""regularization"": 0.1}, {""inner_mean_mae"": 0.04074054265503129, ""regularization"": 1.0}, {""inner_mean_mae"": 0.04333874446752642, ""regularization"": 10.0}, {""inner_mean_mae"": 0.045149203197166504, ""regularization"": 100.0}]",16,0.2006595445428221,0.025357597273714234,0.6029411764705882,0.009544498756565305,0.03851624739454134,,,,,
llama,delta_nll_cumulative,regression,A,40,1.0,inner_mean_mae,"[{""inner_mean_mae"": 0.04854096404413196, ""regularization"": 0.0}, {""inner_mean_mae"": 0.03799310975622117, ""regularization"": 0.0001}, {""inner_mean_mae"": 0.038404167605729546, ""regularization"": 0.001}, {""inner_mean_mae"": 0.037575238100079726, ""regularization"": 0.01}, {""inner_mean_mae"": 0.0359501541168093, ""regularization"": 0.1}, {""inner_mean_mae"": 0.03359166880900649, ""regularization"": 1.0}, {""inner_mean_mae"": 0.035177231689563784, ""regularization"": 10.0}, {""inner_mean_mae"": 0.03837341888742064, ""regularization"": 100.0}]",16,0.12827403575134932,0.04269635651777288,0.36764705882352944,0.02505947651299886,0.0651299158720076,,,,,
llama,delta_nll_cumulative,regression,A,160,10.0,inner_mean_mae,"[{""inner_mean_mae"": 0.035264290287251684, ""regularization"": 0.0}, {""inner_mean_mae"": 0.030372211066461204, ""regularization"": 0.0001}, {""inner_mean_mae"": 0.030660825062296976, ""regularization"": 0.001}, {""inner_mean_mae"": 0.03113229638876679, ""regularization"": 0.01}, {""inner_mean_mae"": 0.029305523887713004, ""regularization"": 0.1}, {""inner_mean_mae"": 0.02649292357906817, ""regularization"": 1.0}, {""inner_mean_mae"": 0.025383446659840405, ""regularization"": 10.0}, {""inner_mean_mae"": 0.028088992547565583, ""regularization"": 100.0}]",16,-0.039407125852993774,0.06444314479950441,0.1176470588235294,0.04499182229881536,0.08089326201522372,,,,,
llama,delta_nll_cumulative,regression,C,5,10.0,inner_mean_mae,"[{""inner_mean_mae"": 0.03546709657333639, ""regularization"": 0.0}, {""inner_mean_mae"": 0.035467059478572004, ""regularization"": 0.0001}, {""inner_mean_mae"": 0.03546672563612509, ""regularization"": 0.001}, {""inner_mean_mae"": 0.035463388244158324, ""regularization"": 0.01}, {""inner_mean_mae"": 0.03543011725340184, ""regularization"": 0.1}, {""inner_mean_mae"": 0.03516070841362346, ""regularization"": 1.0}, {""inner_mean_mae"": 0.03447809517175055, ""regularization"": 10.0}, {""inner_mean_mae"": 0.04127112020907847, ""regularization"": 100.0}]",16,-53.16478897024303,0.021337713705898875,-0.19705882352941176,-0.0008774103205383501,0.0031143868742013053,,,,,
llama,delta_nll_cumulative,regression,C,20,10.0,inner_mean_mae,"[{""inner_mean_mae"": 0.04122429204291503, ""regularization"": 0.0}, {""inner_mean_mae"": 0.04122420705033553, ""regularization"": 0.0001}, {""inner_mean_mae"": 0.04122344214102352, ""regularization"": 0.001}, {""inner_mean_mae"": 0.04121579541360224, ""regularization"": 0.01}, {""inner_mean_mae"": 0.04113956397303894, ""regularization"": 0.1}, {""inner_mean_mae"": 0.0404001189995749, ""regularization"": 1.0}, {""inner_mean_mae"": 0.03547306729243492, ""regularization"": 10.0}, {""inner_mean_mae"": 0.037088077315833794, ""regularization"": 100.0}]",16,0.5039002969964212,0.022665068255626357,0.3764705882352941,0.009544498756565305,0.03851624739454134,,,,,
llama,delta_nll_cumulative,regression,C,40,10.0,inner_mean_mae,"[{""inner_mean_mae"": 0.035056620198600424, ""regularization"": 0.0}, {""inner_mean_mae"": 0.035056554648469886, ""regularization"": 0.0001}, {""inner_mean_mae"": 0.03505596471573041, ""regularization"": 0.001}, {""inner_mean_mae"": 0.03505006721286974, ""regularization"": 0.01}, {""inner_mean_mae"": 0.03499127406986535, ""regularization"": 0.1}, {""inner_mean_mae"": 0.034420980582722784, ""regularization"": 1.0}, {""inner_mean_mae"": 0.03059366778839513, ""regularization"": 10.0}, {""inner_mean_mae"": 0.03264270199994678, ""regularization"": 100.0}]",16,0.5331027447247849,0.035291633077538485,0.45294117647058824,0.02505947651299886,0.0651299158720076,,,,,
llama,delta_nll_cumulative,regression,C,160,100.0,inner_mean_mae,"[{""inner_mean_mae"": 0.029049744477787773, ""regularization"": 0.0}, {""inner_mean_mae"": 0.029049687838039562, ""regularization"": 0.0001}, {""inner_mean_mae"": 0.02904917809623511, ""regularization"": 0.001}, {""inner_mean_mae"": 0.02904408225471157, ""regularization"": 0.01}, {""inner_mean_mae"": 0.02899328100094373, ""regularization"": 0.1}, {""inner_mean_mae"": 0.028500508839395654, ""regularization"": 1.0}, {""inner_mean_mae"": 0.02501356986775774, ""regularization"": 10.0}, {""inner_mean_mae"": 0.024523109513057556, ""regularization"": 100.0}]",16,0.1568370474404729,0.052683464212916045,0.611764705882353,0.04499182229881536,0.08089326201522372,,,,,
llama,delta_nll_cumulative,regression,Pk,5,100.0,inner_mean_mae,"[{""inner_mean_mae"": 0.0354937973188154, ""regularization"": 0.0}, {""inner_mean_mae"": 0.035506234465435174, ""regularization"": 0.0001}, {""inner_mean_mae"": 0.035628715997068315, ""regularization"": 0.001}, {""inner_mean_mae"": 0.03668013726555864, ""regularization"": 0.01}, {""inner_mean_mae"": 0.03897322273577946, ""regularization"": 0.1}, {""inner_mean_mae"": 0.037145886339538074, ""regularization"": 1.0}, {""inner_mean_mae"": 0.03407049177562793, ""regularization"": 10.0}, {""inner_mean_mae"": 0.03405719596596435, ""regularization"": 100.0}]",16,-17.138821213956252,0.011857013596089431,-0.08488746876271655,-0.0008774103205383501,0.0031143868742013053,,,,,
llama,delta_nll_cumulative,regression,Pk,20,100.0,inner_mean_mae,"[{""inner_mean_mae"": 0.03772648378334833, ""regularization"": 0.0}, {""inner_mean_mae"": 0.03772306461644583, ""regularization"": 0.0001}, {""inner_mean_mae"": 0.0376919660210666, ""regularization"": 0.001}, {""inner_mean_mae"": 0.03736750155341254, ""regularization"": 0.01}, {""inner_mean_mae"": 0.03502317077325349, ""regularization"": 0.1}, {""inner_mean_mae"": 0.030941664731020196, ""regularization"": 1.0}, {""inner_mean_mae"": 0.03412237865054104, ""regularization"": 10.0}, {""inner_mean_mae"": 0.029705663400923326, ""regularization"": 100.0}]",16,0.41955439469995026,0.02315267337802905,0.5820855000871992,0.009544498756565305,0.03851624739454134,,,,,
llama,delta_nll_cumulative,regression,Pk,40,100.0,inner_mean_mae,"[{""inner_mean_mae"": 0.04695848362500097, ""regularization"": 0.0}, {""inner_mean_mae"": 0.046961174180812394, ""regularization"": 0.0001}, {""inner_mean_mae"": 0.04698241861437805, ""regularization"": 0.001}, {""inner_mean_mae"": 0.04703297050414351, ""regularization"": 0.01}, {""inner_mean_mae"": 0.04726623360390677, ""regularization"": 0.1}, {""inner_mean_mae"": 0.037725150668405545, ""regularization"": 1.0}, {""inner_mean_mae"": 0.03217380867577006, ""regularization"": 10.0}, {""inner_mean_mae"": 0.027801103538235086, ""regularization"": 100.0}]",16,0.45694598644368534,0.03206575890573002,0.6548461875980991,0.02505947651299886,0.0651299158720076,,,,,
llama,delta_nll_cumulative,regression,Pk,160,100.0,inner_mean_mae,"[{""inner_mean_mae"": 0.02672414352477857, ""regularization"": 0.0}, {""inner_mean_mae"": 0.026725929849948926, ""regularization"": 0.0001}, {""inner_mean_mae"": 0.026741757099191757, ""regularization"": 0.001}, {""inner_mean_mae"": 0.027374930592146855, ""regularization"": 0.01}, {""inner_mean_mae"": 0.0300995705941996, ""regularization"": 0.1}, {""inner_mean_mae"": 0.03012233954681461, ""regularization"": 1.0}, {""inner_mean_mae"": 0.027452258687515593, ""regularization"": 10.0}, {""inner_mean_mae"": 0.023288440014217666, ""regularization"": 100.0}]",16,0.3136622432709364,0.04789953540330635,0.7033533126053656,0.04499182229881536,0.08089326201522372,,,,,
llama,delta_nll_cumulative,regression,A+C,5,1.0,inner_mean_mae,"[{""inner_mean_mae"": 0.03394179995795626, ""regularization"": 0.0}, {""inner_mean_mae"": 0.03102192300506684, ""regularization"": 0.0001}, {""inner_mean_mae"": 0.031728015554063856, ""regularization"": 0.001}, {""inner_mean_mae"": 0.03171524746610823, ""regularization"": 0.01}, {""inner_mean_mae"": 0.02983087949760273, ""regularization"": 0.1}, {""inner_mean_mae"": 0.028164568081199978, ""regularization"": 1.0}, {""inner_mean_mae"": 0.028529981729142912, ""regularization"": 10.0}, {""inner_mean_mae"": 0.04029108376032428, ""regularization"": 100.0}]",16,-213.73591740215835,0.03882153999321399,0.33529411764705885,-0.0008774103205383501,0.0031143868742013053,,,,,
llama,delta_nll_cumulative,regression,A+C,20,100.0,inner_mean_mae,"[{""inner_mean_mae"": 0.05462344515809849, ""regularization"": 0.0}, {""inner_mean_mae"": 0.04238045824130393, ""regularization"": 0.0001}, {""inner_mean_mae"": 0.04261622173711738, ""regularization"": 0.001}, {""inner_mean_mae"": 0.04328430711912141, ""regularization"": 0.01}, {""inner_mean_mae"": 0.04257421082182573, ""regularization"": 0.1}, {""inner_mean_mae"": 0.03956261957453286, ""regularization"": 1.0}, {""inner_mean_mae"": 0.03597662387863245, ""regularization"": 10.0}, {""inner_mean_mae"": 0.03593180668130402, ""regularization"": 100.0}]",16,0.3663997070354622,0.02527171305820863,0.5882352941176471,0.009544498756565305,0.03851624739454134,,,,,
llama,delta_nll_cumulative,regression,A+C,40,100.0,inner_mean_mae,"[{""inner_mean_mae"": 0.05007304023949777, ""regularization"": 0.0}, {""inner_mean_mae"": 0.03945011633588344, ""regularization"": 0.0001}, {""inner_mean_mae"": 0.03909547887262859, ""regularization"": 0.001}, {""inner_mean_mae"": 0.038080674641557795, ""regularization"": 0.01}, {""inner_mean_mae"": 0.03736500428853836, ""regularization"": 0.1}, {""inner_mean_mae"": 0.03566991415876255, ""regularization"": 1.0}, {""inner_mean_mae"": 0.0319526075110133, ""regularization"": 10.0}, {""inner_mean_mae"": 0.03144901195759651, ""regularization"": 100.0}]",16,0.2929612379586588,0.03814313297006678,0.5647058823529412,0.02505947651299886,0.0651299158720076,,,,,
llama,delta_nll_cumulative,regression,A+C,160,100.0,inner_mean_mae,"[{""inner_mean_mae"": 0.03434376131316925, ""regularization"": 0.0}, {""inner_mean_mae"": 0.03179612531251983, ""regularization"": 0.0001}, {""inner_mean_mae"": 0.03175544647171408, ""regularization"": 0.001}, {""inner_mean_mae"": 0.03173730606335808, ""regularization"": 0.01}, {""inner_mean_mae"": 0.031020121167286793, ""regularization"": 0.1}, {""inner_mean_mae"": 0.02935413350018032, ""regularization"": 1.0}, {""inner_mean_mae"": 0.026371508481762992, ""regularization"": 10.0}, {""inner_mean_mae"": 0.023198589221685176, ""regularization"": 100.0}]",16,0.21741277942228432,0.05303869314410027,0.4441176470588235,0.04499182229881536,0.08089326201522372,,,,,
llama,delta_nll_cumulative,regression,Pk+A,5,100.0,inner_mean_mae,"[{""inner_mean_mae"": 0.04992979346800702, ""regularization"": 0.0}, {""inner_mean_mae"": 0.036538823639849775, ""regularization"": 0.0001}, {""inner_mean_mae"": 0.0354092285463442, ""regularization"": 0.001}, {""inner_mean_mae"": 0.033737329113562545, ""regularization"": 0.01}, {""inner_mean_mae"": 0.035113266203569665, ""regularization"": 0.1}, {""inner_mean_mae"": 0.03625986413281868, ""regularization"": 1.0}, {""inner_mean_mae"": 0.034284259313349656, ""regularization"": 10.0}, {""inner_mean_mae"": 0.03373727742070134, ""regularization"": 100.0}]",16,-24.259914159013086,0.01417532554744844,0.0588235294117647,-0.0008774103205383501,0.0031143868742013053,,,,,
llama,delta_nll_cumulative,regression,Pk+A,20,100.0,inner_mean_mae,"[{""inner_mean_mae"": 0.06256582239878244, ""regularization"": 0.0}, {""inner_mean_mae"": 0.039133244350831944, ""regularization"": 0.0001}, {""inner_mean_mae"": 0.040211411602263436, ""regularization"": 0.001}, {""inner_mean_mae"": 0.039746986122406285, ""regularization"": 0.01}, {""inner_mean_mae"": 0.03716214643488108, ""regularization"": 0.1}, {""inner_mean_mae"": 0.03276831317813191, ""regularization"": 1.0}, {""inner_mean_mae"": 0.035508611722570686, ""regularization"": 10.0}, {""inner_mean_mae"": 0.030568788872429715, ""regularization"": 100.0}]",16,0.46259423013573886,0.022418134021208354,0.7205882352941175,0.009544498756565305,0.03851624739454134,,,,,
llama,delta_nll_cumulative,regression,Pk+A,40,100.0,inner_mean_mae,"[{""inner_mean_mae"": 0.051583269815464815, ""regularization"": 0.0}, {""inner_mean_mae"": 0.04609936450961216, ""regularization"": 0.0001}, {""inner_mean_mae"": 0.04653232471077343, ""regularization"": 0.001}, {""inner_mean_mae"": 0.04709388916913402, ""regularization"": 0.01}, {""inner_mean_mae"": 0.04809943401961739, ""regularization"": 0.1}, {""inner_mean_mae"": 0.040032065885303995, ""regularization"": 1.0}, {""inner_mean_mae"": 0.03377519579388938, ""regularization"": 10.0}, {""inner_mean_mae"": 0.028451762442467835, ""regularization"": 100.0}]",16,0.4694638742339968,0.031745091223556704,0.7264705882352941,0.02505947651299886,0.0651299158720076,,,,,
llama,delta_nll_cumulative,regression,Pk+A,160,0.0001,inner_mean_mae,"[{""inner_mean_mae"": 0.027169937334430783, ""regularization"": 0.0}, {""inner_mean_mae"": 0.023575284888452053, ""regularization"": 0.0001}, {""inner_mean_mae"": 0.023987879350158187, ""regularization"": 0.001}, {""inner_mean_mae"": 0.025393124157240998, ""regularization"": 0.01}, {""inner_mean_mae"": 0.02939239393934709, ""regularization"": 0.1}, {""inner_mean_mae"": 0.031018877104995745, ""regularization"": 1.0}, {""inner_mean_mae"": 0.028945272422864765, ""regularization"": 10.0}, {""inner_mean_mae"": 0.02393296944249758, ""regularization"": 100.0}]",16,0.510396843325273,0.04681730850925625,0.4323529411764706,0.04499182229881536,0.08089326201522372,,,,,
llama,delta_nll_cumulative,regression,Pk+C,5,0.0,inner_mean_mae,"[{""inner_mean_mae"": 0.03127347828912542, ""regularization"": 0.0}, {""inner_mean_mae"": 0.03128384391461178, ""regularization"": 0.0001}, {""inner_mean_mae"": 0.03137417022719319, ""regularization"": 0.001}, {""inner_mean_mae"": 0.032291379115258874, ""regularization"": 0.01}, {""inner_mean_mae"": 0.03586636184151431, ""regularization"": 0.1}, {""inner_mean_mae"": 0.03560142244031538, ""regularization"": 1.0}, {""inner_mean_mae"": 0.03321265192885694, ""regularization"": 10.0}, {""inner_mean_mae"": 0.03325346918519099, ""regularization"": 100.0}]",16,-224.78777797517196,0.039757068274958667,0.10588235294117648,-0.0008774103205383501,0.0031143868742013053,,,,,
llama,delta_nll_cumulative,regression,Pk+C,20,100.0,inner_mean_mae,"[{""inner_mean_mae"": 0.03901859181584561, ""regularization"": 0.0}, {""inner_mean_mae"": 0.03901388448496209, ""regularization"": 0.0001}, {""inner_mean_mae"": 0.038971906762330505, ""regularization"": 0.001}, {""inner_mean_mae"": 0.03858164322017111, ""regularization"": 0.01}, {""inner_mean_mae"": 0.0359439102779176, ""regularization"": 0.1}, {""inner_mean_mae"": 0.032326723534751856, ""regularization"": 1.0}, {""inner_mean_mae"": 0.035136591724289255, ""regularization"": 10.0}, {""inner_mean_mae"": 0.031030989599679325, ""regularization"": 100.0}]",16,0.47054817891222844,0.022467047692386256,0.4764705882352941,0.009544498756565305,0.03851624739454134,,,,,
llama,delta_nll_cumulative,regression,Pk+C,40,100.0,inner_mean_mae,"[{""inner_mean_mae"": 0.04353036874239772, ""regularization"": 0.0}, {""inner_mean_mae"": 0.043534077551803246, ""regularization"": 0.0001}, {""inner_mean_mae"": 0.04356444940285531, ""regularization"": 0.001}, {""inner_mean_mae"": 0.04385782359881136, ""regularization"": 0.01}, {""inner_mean_mae"": 0.04491900025566939, ""regularization"": 0.1}, {""inner_mean_mae"": 0.03788407228920788, ""regularization"": 1.0}, {""inner_mean_mae"": 0.03321846998672269, ""regularization"": 10.0}, {""inner_mean_mae"": 0.02842525046738863, ""regularization"": 100.0}]",16,0.5005165836953744,0.03211396915652033,0.6058823529411764,0.02505947651299886,0.0651299158720076,,,,,
llama,delta_nll_cumulative,regression,Pk+C,160,100.0,inner_mean_mae,"[{""inner_mean_mae"": 0.028416806199972805, ""regularization"": 0.0}, {""inner_mean_mae"": 0.028424859067209412, ""regularization"": 0.0001}, {""inner_mean_mae"": 0.028507810894371294, ""regularization"": 0.001}, {""inner_mean_mae"": 0.02934376812886867, ""regularization"": 0.01}, {""inner_mean_mae"": 0.031964830362944736, ""regularization"": 0.1}, {""inner_mean_mae"": 0.03150591933276886, ""regularization"": 1.0}, {""inner_mean_mae"": 0.028518454948212424, ""regularization"": 10.0}, {""inner_mean_mae"": 0.02394301274370926, ""regularization"": 100.0}]",16,0.3724183704419619,0.047115978747669734,0.6735294117647058,0.04499182229881536,0.08089326201522372,,,,,
llama,delta_nll_cumulative,regression,Pk+A+C,5,0.01,inner_mean_mae,"[{""inner_mean_mae"": 0.03328653336240591, ""regularization"": 0.0}, {""inner_mean_mae"": 0.028268919859848373, ""regularization"": 0.0001}, {""inner_mean_mae"": 0.029326877693287647, ""regularization"": 0.001}, {""inner_mean_mae"": 0.027558102091183645, ""regularization"": 0.01}, {""inner_mean_mae"": 0.028499563595336962, ""regularization"": 0.1}, {""inner_mean_mae"": 0.03156417364643699, ""regularization"": 1.0}, {""inner_mean_mae"": 0.03138717039869992, ""regularization"": 10.0}, {""inner_mean_mae"": 0.032462368452699175, ""regularization"": 100.0}]",16,-279.0541761612324,0.04592419000048066,0.4176470588235294,-0.0008774103205383501,0.0031143868742013053,,,,,
llama,delta_nll_cumulative,regression,Pk+A+C,20,100.0,inner_mean_mae,"[{""inner_mean_mae"": 0.04973992268374868, ""regularization"": 0.0}, {""inner_mean_mae"": 0.04571744362333491, ""regularization"": 0.0001}, {""inner_mean_mae"": 0.04779559694089016, ""regularization"": 0.001}, {""inner_mean_mae"": 0.04448816458044615, ""regularization"": 0.01}, {""inner_mean_mae"": 0.038655555511901626, ""regularization"": 0.1}, {""inner_mean_mae"": 0.03282634548470587, ""regularization"": 1.0}, {""inner_mean_mae"": 0.035449079764945914, ""regularization"": 10.0}, {""inner_mean_mae"": 0.031783582383509736, ""regularization"": 100.0}]",16,0.5251415423247535,0.0212520525760041,0.7029411764705883,0.009544498756565305,0.03851624739454134,,,,,
llama,delta_nll_cumulative,regression,Pk+A+C,40,100.0,inner_mean_mae,"[{""inner_mean_mae"": 0.043004558192613805, ""regularization"": 0.0}, {""inner_mean_mae"": 0.03741139303562663, ""regularization"": 0.0001}, {""inner_mean_mae"": 0.038486143328854874, ""regularization"": 0.001}, {""inner_mean_mae"": 0.04008983941149711, ""regularization"": 0.01}, {""inner_mean_mae"": 0.042250040854125905, ""regularization"": 0.1}, {""inner_mean_mae"": 0.03771747535850178, ""regularization"": 1.0}, {""inner_mean_mae"": 0.03384801841528234, ""regularization"": 10.0}, {""inner_mean_mae"": 0.029037718545824032, ""regularization"": 100.0}]",16,0.519213357653614,0.031146562685898944,0.6588235294117648,0.02505947651299886,0.0651299158720076,,,,,
llama,delta_nll_cumulative,regression,Pk+A+C,160,100.0,inner_mean_mae,"[{""inner_mean_mae"": 0.030649286103795307, ""regularization"": 0.0}, {""inner_mean_mae"": 0.03127597883316895, ""regularization"": 0.0001}, {""inner_mean_mae"": 0.03084517060048274, ""regularization"": 0.001}, {""inner_mean_mae"": 0.029871250836448437, ""regularization"": 0.01}, {""inner_mean_mae"": 0.031537997888540475, ""regularization"": 0.1}, {""inner_mean_mae"": 0.03153643512477425, ""regularization"": 1.0}, {""inner_mean_mae"": 0.02888270480510169, ""regularization"": 10.0}, {""inner_mean_mae"": 0.024413654579344784, ""regularization"": 100.0}]",16,0.39379722431836117,0.04766669382150419,0.7205882352941175,0.04499182229881536,0.08089326201522372,,,,,
llama,is_opd,classification,A,5,1.0,inner_mean_log_loss,"[{""inner_mean_log_loss"": 0.6266814846999271, ""regularization"": 0.0001}, {""inner_mean_log_loss"": 0.623290152629996, ""regularization"": 0.001}, {""inner_mean_log_loss"": 0.6058371397920504, ""regularization"": 0.01}, {""inner_mean_log_loss"": 0.5713041448263568, ""regularization"": 0.1}, {""inner_mean_log_loss"": 0.5601156284896481, ""regularization"": 1.0}, {""inner_mean_log_loss"": 0.5619870333328628, ""regularization"": 10.0}]",16,,,,,,0.5625,0.5624885455574988,0.5,4.0,12.0
llama,is_opd,classification,A,20,1.0,inner_mean_log_loss,"[{""inner_mean_log_loss"": 0.583040695602433, ""regularization"": 0.0001}, {""inner_mean_log_loss"": 0.5818146696579007, ""regularization"": 0.001}, {""inner_mean_log_loss"": 0.5758126606853173, ""regularization"": 0.01}, {""inner_mean_log_loss"": 0.565680242868757, ""regularization"": 0.1}, {""inner_mean_log_loss"": 0.5615989315383819, ""regularization"": 1.0}, {""inner_mean_log_loss"": 0.5622091008352161, ""regularization"": 10.0}]",16,,,,,,0.7083333333333334,0.5604759126007293,0.5,4.0,12.0
llama,is_opd,classification,A,40,10.0,inner_mean_log_loss,"[{""inner_mean_log_loss"": 0.6577487910807016, ""regularization"": 0.0001}, {""inner_mean_log_loss"": 0.6550721212123621, ""regularization"": 0.001}, {""inner_mean_log_loss"": 0.6391318023767437, ""regularization"": 0.01}, {""inner_mean_log_loss"": 0.5945118606337298, ""regularization"": 0.1}, {""inner_mean_log_loss"": 0.5623471903692433, ""regularization"": 1.0}, {""inner_mean_log_loss"": 0.5621127792284889, ""regularization"": 10.0}]",16,,,,,,0.7291666666666666,0.562114280724512,0.5,4.0,12.0
llama,is_opd,classification,A,160,0.1,inner_mean_log_loss,"[{""inner_mean_log_loss"": 0.5772430509715426, ""regularization"": 0.0001}, {""inner_mean_log_loss"": 0.5757055447555142, ""regularization"": 0.001}, {""inner_mean_log_loss"": 0.5681635675533522, ""regularization"": 0.01}, {""inner_mean_log_loss"": 0.556941557146781, ""regularization"": 0.1}, {""inner_mean_log_loss"": 0.5585452165894462, ""regularization"": 1.0}, {""inner_mean_log_loss"": 0.5618337588631933, ""regularization"": 10.0}]",16,,,,,,0.5625,0.5935803945223669,0.5416666666666667,4.0,12.0
llama,is_opd,classification,C,5,0.1,inner_mean_log_loss,"[{""inner_mean_log_loss"": 0.6175392710083293, ""regularization"": 0.0001}, {""inner_mean_log_loss"": 0.5741483728168811, ""regularization"": 0.001}, {""inner_mean_log_loss"": 0.4200519082452045, ""regularization"": 0.01}, {""inner_mean_log_loss"": 0.35837273034885264, ""regularization"": 0.1}, {""inner_mean_log_loss"": 0.481598435544701, ""regularization"": 1.0}, {""inner_mean_log_loss"": 0.5517725995117204, ""regularization"": 10.0}]",16,,,,,,0.125,0.7725570079729221,0.5,4.0,12.0
llama,is_opd,classification,C,20,1.0,inner_mean_log_loss,"[{""inner_mean_log_loss"": 0.768164611920727, ""regularization"": 0.0001}, {""inner_mean_log_loss"": 0.7605060965919418, ""regularization"": 0.001}, {""inner_mean_log_loss"": 0.7062061160037009, ""regularization"": 0.01}, {""inner_mean_log_loss"": 0.5727993972286985, ""regularization"": 0.1}, {""inner_mean_log_loss"": 0.5414810732547685, ""regularization"": 1.0}, {""inner_mean_log_loss"": 0.5591254912444291, ""regularization"": 10.0}]",16,,,,,,0.9583333333333334,0.5183275960325872,0.5,4.0,12.0
llama,is_opd,classification,C,40,1.0,inner_mean_log_loss,"[{""inner_mean_log_loss"": 0.7201404089681973, ""regularization"": 0.0001}, {""inner_mean_log_loss"": 0.7154036143279047, ""regularization"": 0.001}, {""inner_mean_log_loss"": 0.6787650696587765, ""regularization"": 0.01}, {""inner_mean_log_loss"": 0.5688938551676104, ""regularization"": 0.1}, {""inner_mean_log_loss"": 0.5407544449210789, ""regularization"": 1.0}, {""inner_mean_log_loss"": 0.5590469188204154, ""regularization"": 10.0}]",16,,,,,,1.0,0.5104889572311231,0.5,4.0,12.0
llama,is_opd,classification,C,160,0.1,inner_mean_log_loss,"[{""inner_mean_log_loss"": 0.8747696572074141, ""regularization"": 0.0001}, {""inner_mean_log_loss"": 0.8281004481595242, ""regularization"": 0.001}, {""inner_mean_log_loss"": 0.6493185399913642, ""regularization"": 0.01}, {""inner_mean_log_loss"": 0.5144292799245284, ""regularization"": 0.1}, {""inner_mean_log_loss"": 0.5298192993011858, ""regularization"": 1.0}, {""inner_mean_log_loss"": 0.5578808358767096, ""regularization"": 10.0}]",16,,,,,,0.9583333333333334,0.45434866388307343,0.7916666666666667,4.0,12.0
llama,is_opd,classification,Pk,5,0.1,inner_mean_log_loss,"[{""inner_mean_log_loss"": 0.5327817947746044, ""regularization"": 0.0001}, {""inner_mean_log_loss"": 0.4446274655426608, ""regularization"": 0.001}, {""inner_mean_log_loss"": 0.2914423422460242, ""regularization"": 0.01}, {""inner_mean_log_loss"": 0.2378294124837436, ""regularization"": 0.1}, {""inner_mean_log_loss"": 0.33732178600145524, ""regularization"": 1.0}, {""inner_mean_log_loss"": 0.5146359769190733, ""regularization"": 10.0}]",16,,,,,,0.0,1.22048245776026,0.5,4.0,12.0
llama,is_opd,classification,Pk,20,1.0,inner_mean_log_loss,"[{""inner_mean_log_loss"": 0.7024793016327556, ""regularization"": 0.0001}, {""inner_mean_log_loss"": 0.6965418330015991, ""regularization"": 0.001}, {""inner_mean_log_loss"": 0.6900738120209898, ""regularization"": 0.01}, {""inner_mean_log_loss"": 0.6167320319514917, ""regularization"": 0.1}, {""inner_mean_log_loss"": 0.5424618092831217, ""regularization"": 1.0}, {""inner_mean_log_loss"": 0.5525395387272024, ""regularization"": 10.0}]",16,,,,,,1.0,0.3911629619435956,0.5,4.0,12.0
llama,is_opd,classification,Pk,40,1.0,inner_mean_log_loss,"[{""inner_mean_log_loss"": 0.7244322418079504, ""regularization"": 0.0001}, {""inner_mean_log_loss"": 0.714142146954162, ""regularization"": 0.001}, {""inner_mean_log_loss"": 0.6752299013222237, ""regularization"": 0.01}, {""inner_mean_log_loss"": 0.5871188499395109, ""regularization"": 0.1}, {""inner_mean_log_loss"": 0.5344537703679345, ""regularization"": 1.0}, {""inner_mean_log_loss"": 0.5513634753810227, ""regularization"": 10.0}]",16,,,,,,1.0,0.3984989724826153,0.5,4.0,12.0
llama,is_opd,classification,Pk,160,1.0,inner_mean_log_loss,"[{""inner_mean_log_loss"": 1.0147446270240457, ""regularization"": 0.0001}, {""inner_mean_log_loss"": 0.9403208494177288, ""regularization"": 0.001}, {""inner_mean_log_loss"": 0.7904097435122514, ""regularization"": 0.01}, {""inner_mean_log_loss"": 0.6274136634653903, ""regularization"": 0.1}, {""inner_mean_log_loss"": 0.5155484781026619, ""regularization"": 1.0}, {""inner_mean_log_loss"": 0.5462047753925816, ""regularization"": 10.0}]",16,,,,,,1.0,0.4328124483520752,1.0,4.0,12.0
llama,is_opd,classification,A+C,5,0.01,inner_mean_log_loss,"[{""inner_mean_log_loss"": 0.3876289803977168, ""regularization"": 0.0001}, {""inner_mean_log_loss"": 0.3595824944816508, ""regularization"": 0.001}, {""inner_mean_log_loss"": 0.2843675420898956, ""regularization"": 0.01}, {""inner_mean_log_loss"": 0.3389410091996237, ""regularization"": 0.1}, {""inner_mean_log_loss"": 0.48209908263733436, ""regularization"": 1.0}, {""inner_mean_log_loss"": 0.5514904594302285, ""regularization"": 10.0}]",16,,,,,,0.3333333333333333,1.3756375920099095,0.5,4.0,12.0
llama,is_opd,classification,A+C,20,1.0,inner_mean_log_loss,"[{""inner_mean_log_loss"": 1.1030372430185462, ""regularization"": 0.0001}, {""inner_mean_log_loss"": 1.0698419737394922, ""regularization"": 0.001}, {""inner_mean_log_loss"": 0.8061849017627734, ""regularization"": 0.01}, {""inner_mean_log_loss"": 0.5715439528509684, ""regularization"": 0.1}, {""inner_mean_log_loss"": 0.5426218433188642, ""regularization"": 1.0}, {""inner_mean_log_loss"": 0.5590391539940288, ""regularization"": 10.0}]",16,,,,,,1.0,0.5176355255992123,0.5,4.0,12.0
llama,is_opd,classification,A+C,40,1.0,inner_mean_log_loss,"[{""inner_mean_log_loss"": 0.966314278483217, ""regularization"": 0.0001}, {""inner_mean_log_loss"": 0.9286895805019574, ""regularization"": 0.001}, {""inner_mean_log_loss"": 0.7462255061919226, ""regularization"": 0.01}, {""inner_mean_log_loss"": 0.5875092567916832, ""regularization"": 0.1}, {""inner_mean_log_loss"": 0.5445284338299922, ""regularization"": 1.0}, {""inner_mean_log_loss"": 0.5588974812745028, ""regularization"": 10.0}]",16,,,,,,1.0,0.5098534893159403,0.5,4.0,12.0
llama,is_opd,classification,A+C,160,0.1,inner_mean_log_loss,"[{""inner_mean_log_loss"": 0.9152769142002871, ""regularization"": 0.0001}, {""inner_mean_log_loss"": 0.8676555132935407, ""regularization"": 0.001}, {""inner_mean_log_loss"": 0.671385816011662, ""regularization"": 0.01}, {""inner_mean_log_loss"": 0.5228350022752378, ""regularization"": 0.1}, {""inner_mean_log_loss"": 0.5292208218512783, ""regularization"": 1.0}, {""inner_mean_log_loss"": 0.5574359593981049, ""regularization"": 10.0}]",16,,,,,,0.9583333333333334,0.4443954642573165,0.9166666666666667,4.0,12.0
llama,is_opd,classification,Pk+A,5,0.1,inner_mean_log_loss,"[{""inner_mean_log_loss"": 0.5244628981520618, ""regularization"": 0.0001}, {""inner_mean_log_loss"": 0.43881769784164776, ""regularization"": 0.001}, {""inner_mean_log_loss"": 0.29475202840193365, ""regularization"": 0.01}, {""inner_mean_log_loss"": 0.24254224274294922, ""regularization"": 0.1}, {""inner_mean_log_loss"": 0.33920142153010785, ""regularization"": 1.0}, {""inner_mean_log_loss"": 0.5144510938881933, ""regularization"": 10.0}]",16,,,,,,0.0,1.2168872829379143,0.5,4.0,12.0
llama,is_opd,classification,Pk+A,20,1.0,inner_mean_log_loss,"[{""inner_mean_log_loss"": 0.6951873857164942, ""regularization"": 0.0001}, {""inner_mean_log_loss"": 0.690366876857656, ""regularization"": 0.001}, {""inner_mean_log_loss"": 0.6869443358824218, ""regularization"": 0.01}, {""inner_mean_log_loss"": 0.612461697981189, ""regularization"": 0.1}, {""inner_mean_log_loss"": 0.5436508772908494, ""regularization"": 1.0}, {""inner_mean_log_loss"": 0.5525245007954865, ""regularization"": 10.0}]",16,,,,,,1.0,0.3910852899442027,0.5,4.0,12.0
llama,is_opd,classification,Pk+A,40,1.0,inner_mean_log_loss,"[{""inner_mean_log_loss"": 0.6949208537650694, ""regularization"": 0.0001}, {""inner_mean_log_loss"": 0.6889118046875354, ""regularization"": 0.001}, {""inner_mean_log_loss"": 0.6684229383372392, ""regularization"": 0.01}, {""inner_mean_log_loss"": 0.5853813744675227, ""regularization"": 0.1}, {""inner_mean_log_loss"": 0.5378170413996418, ""regularization"": 1.0}, {""inner_mean_log_loss"": 0.5513423492305984, ""regularization"": 10.0}]",16,,,,,,1.0,0.398430585614138,0.5,4.0,12.0
llama,is_opd,classification,Pk+A,160,1.0,inner_mean_log_loss,"[{""inner_mean_log_loss"": 1.0084650321583852, ""regularization"": 0.0001}, {""inner_mean_log_loss"": 0.935968027170185, ""regularization"": 0.001}, {""inner_mean_log_loss"": 0.7940707856483731, ""regularization"": 0.01}, {""inner_mean_log_loss"": 0.6310045639489456, ""regularization"": 0.1}, {""inner_mean_log_loss"": 0.5173097282289433, ""regularization"": 1.0}, {""inner_mean_log_loss"": 0.5459126657358537, ""regularization"": 10.0}]",16,,,,,,1.0,0.4362186396522487,1.0,4.0,12.0
llama,is_opd,classification,Pk+C,5,0.1,inner_mean_log_loss,"[{""inner_mean_log_loss"": 0.5847946511675066, ""regularization"": 0.0001}, {""inner_mean_log_loss"": 0.48701193116464586, ""regularization"": 0.001}, {""inner_mean_log_loss"": 0.30239466476898086, ""regularization"": 0.01}, {""inner_mean_log_loss"": 0.24200583637134998, ""regularization"": 0.1}, {""inner_mean_log_loss"": 0.3234155934824994, ""regularization"": 1.0}, {""inner_mean_log_loss"": 0.5062577547687327, ""regularization"": 10.0}]",16,,,,,,0.0,1.2722532701933247,0.5,4.0,12.0
llama,is_opd,classification,Pk+C,20,1.0,inner_mean_log_loss,"[{""inner_mean_log_loss"": 0.7092587924773687, ""regularization"": 0.0001}, {""inner_mean_log_loss"": 0.7045343680938831, ""regularization"": 0.001}, {""inner_mean_log_loss"": 0.7078395609060771, ""regularization"": 0.01}, {""inner_mean_log_loss"": 0.6399973598299113, ""regularization"": 0.1}, {""inner_mean_log_loss"": 0.5467877058947298, ""regularization"": 1.0}, {""inner_mean_log_loss"": 0.5503102965863084, ""regularization"": 10.0}]",16,,,,,,1.0,0.38178878024914653,0.5,4.0,12.0
llama,is_opd,classification,Pk+C,40,1.0,inner_mean_log_loss,"[{""inner_mean_log_loss"": 0.7070053065129956, ""regularization"": 0.0001}, {""inner_mean_log_loss"": 0.7003167572782568, ""regularization"": 0.001}, {""inner_mean_log_loss"": 0.6792746032171411, ""regularization"": 0.01}, {""inner_mean_log_loss"": 0.6062705670880109, ""regularization"": 0.1}, {""inner_mean_log_loss"": 0.5387364254054318, ""regularization"": 1.0}, {""inner_mean_log_loss"": 0.5490522024935998, ""regularization"": 10.0}]",16,,,,,,1.0,0.3840031751875427,0.5,4.0,12.0
llama,is_opd,classification,Pk+C,160,1.0,inner_mean_log_loss,"[{""inner_mean_log_loss"": 1.0477183952384637, ""regularization"": 0.0001}, {""inner_mean_log_loss"": 0.9652429256157049, ""regularization"": 0.001}, {""inner_mean_log_loss"": 0.8004816991603643, ""regularization"": 0.01}, {""inner_mean_log_loss"": 0.6405262887753089, ""regularization"": 0.1}, {""inner_mean_log_loss"": 0.5150916993252808, ""regularization"": 1.0}, {""inner_mean_log_loss"": 0.542896292818642, ""regularization"": 10.0}]",16,,,,,,1.0,0.4241453776828764,1.0,4.0,12.0
llama,is_opd,classification,Pk+A+C,5,0.1,inner_mean_log_loss,"[{""inner_mean_log_loss"": 0.5824823625554028, ""regularization"": 0.0001}, {""inner_mean_log_loss"": 0.4836700045201187, ""regularization"": 0.001}, {""inner_mean_log_loss"": 0.29982363824271085, ""regularization"": 0.01}, {""inner_mean_log_loss"": 0.24362582598652058, ""regularization"": 0.1}, {""inner_mean_log_loss"": 0.32531907117103936, ""regularization"": 1.0}, {""inner_mean_log_loss"": 0.5061248715435095, ""regularization"": 10.0}]",16,,,,,,0.0,1.2692396122163059,0.5,4.0,12.0
llama,is_opd,classification,Pk+A+C,20,1.0,inner_mean_log_loss,"[{""inner_mean_log_loss"": 0.7079960824061956, ""regularization"": 0.0001}, {""inner_mean_log_loss"": 0.703986090988681, ""regularization"": 0.001}, {""inner_mean_log_loss"": 0.7093182669424785, ""regularization"": 0.01}, {""inner_mean_log_loss"": 0.6341090965280294, ""regularization"": 0.1}, {""inner_mean_log_loss"": 0.5477499514929817, ""regularization"": 1.0}, {""inner_mean_log_loss"": 0.5503235630352196, ""regularization"": 10.0}]",16,,,,,,1.0,0.3817067586640397,0.5,4.0,12.0
llama,is_opd,classification,Pk+A+C,40,1.0,inner_mean_log_loss,"[{""inner_mean_log_loss"": 0.6922495977569447, ""regularization"": 0.0001}, {""inner_mean_log_loss"": 0.6877838526896197, ""regularization"": 0.001}, {""inner_mean_log_loss"": 0.6780945144933849, ""regularization"": 0.01}, {""inner_mean_log_loss"": 0.6031733496125344, ""regularization"": 0.1}, {""inner_mean_log_loss"": 0.5421351799620833, ""regularization"": 1.0}, {""inner_mean_log_loss"": 0.5490866265923512, ""regularization"": 10.0}]",16,,,,,,1.0,0.38389455509652803,0.5,4.0,12.0
llama,is_opd,classification,Pk+A+C,160,1.0,inner_mean_log_loss,"[{""inner_mean_log_loss"": 1.0415488804725686, ""regularization"": 0.0001}, {""inner_mean_log_loss"": 0.9591486419351613, ""regularization"": 0.001}, {""inner_mean_log_loss"": 0.7999728526107472, ""regularization"": 0.01}, {""inner_mean_log_loss"": 0.6424786486680838, ""regularization"": 0.1}, {""inner_mean_log_loss"": 0.5170031501964685, ""regularization"": 1.0}, {""inner_mean_log_loss"": 0.5426474903592926, ""regularization"": 10.0}]",16,,,,,,1.0,0.4273241360090796,1.0,4.0,12.0
