model,arm,checkpoint,probe_name,layer,c_epsilon,c5_module_count,c5_source_probe_names,p_k4,p_k8,p_k16,p_k32,pk_track,cumulative_kl_base_to_current,absolute_delta_nll_cumulative,delta_nll_cumulative,sample_count,track
qwen,opd,5,E_general,18,0.0037873535749047794,5,E_general,2.15924438050154e-06,9.777045956330507e-06,3.9045647099555936e-05,0.0001541744209784,qwen_existing_deployed_effective,0.0032664775662851,0.0584555362584069,-0.0100906790878525,128,qwen_d4_merged_state
qwen,opd,5,E_if,18,0.00108470279118198,5,E_if,2.15924438050154e-06,9.777045956330507e-06,3.9045647099555936e-05,0.0001541744209784,qwen_existing_deployed_effective,0.0037016445405474,0.0656295853517192,-0.0119688676699458,541,qwen_d4_merged_state
qwen,opd,5,E_math,18,0.00244966634003376,5,E_math,2.15924438050154e-06,9.777045956330507e-06,3.9045647099555936e-05,0.0001541744209784,qwen_existing_deployed_effective,0.0070450359758688,0.064816016850993,-0.0109448691296274,500,qwen_d4_merged_state
qwen,opd,5,E_ood,18,0.00238092913695488,5,E_ood,2.15924438050154e-06,9.777045956330507e-06,3.9045647099555936e-05,0.0001541744209784,qwen_existing_deployed_effective,0.0029942079099782,0.043746232317062,-0.0033583746708245,128,qwen_d4_merged_state
qwen,opd,20,E_general,18,0.01168264509490728,5,E_general,5.356277548734008e-06,1.891162193195279e-05,5.444743770307035e-05,0.0001824366907904,qwen_existing_deployed_effective,0.0379191213432932,0.207255485584028,-0.0076255502026469,128,qwen_d4_merged_state
qwen,opd,20,E_if,18,0.0011051344072700198,5,E_if,5.356277548734008e-06,1.891162193195279e-05,5.444743770307035e-05,0.0001824366907904,qwen_existing_deployed_effective,0.0697719935575661,0.2912015336498536,-0.0028257798567042,541,qwen_d4_merged_state
qwen,opd,20,E_math,18,0.00508311563452798,5,E_math,5.356277548734008e-06,1.891162193195279e-05,5.444743770307035e-05,0.0001824366907904,qwen_existing_deployed_effective,0.087250089418143,0.2351134574785828,0.0189764987006783,500,qwen_d4_merged_state
qwen,opd,20,E_ood,18,0.0071530540831751,5,E_ood,5.356277548734008e-06,1.891162193195279e-05,5.444743770307035e-05,0.0001824366907904,qwen_existing_deployed_effective,0.0416981434536865,0.1655598390498198,0.0184399251738796,128,qwen_d4_merged_state
qwen,opd,40,E_general,18,0.01542862094330488,5,E_general,7.410067390927517e-06,2.131726666578158e-05,6.445069707946332e-05,0.0002095122856968,qwen_existing_deployed_effective,0.0625899313599802,0.2629050239920616,-0.0020565181075653,128,qwen_d4_merged_state
qwen,opd,40,E_if,18,0.013343431965804939,5,E_if,7.410067390927517e-06,2.131726666578158e-05,6.445069707946332e-05,0.0002095122856968,qwen_existing_deployed_effective,0.1110484846308138,0.3654051104391789,0.0083561509506787,541,qwen_d4_merged_state
qwen,opd,40,E_math,18,0.010023031036399021,5,E_math,7.410067390927517e-06,2.131726666578158e-05,6.445069707946332e-05,0.0002095122856968,qwen_existing_deployed_effective,0.1398351101875305,0.3029990454167127,0.0609191496372222,500,qwen_d4_merged_state
qwen,opd,40,E_ood,18,0.0156888368940591,5,E_ood,7.410067390927517e-06,2.131726666578158e-05,6.445069707946332e-05,0.0002095122856968,qwen_existing_deployed_effective,0.069908666977426,0.2138369340100325,0.0371477762018912,128,qwen_d4_merged_state
qwen,opd,160,E_general,18,0.014221391712144402,5,E_general,5.159412540121723e-06,1.793748781762718e-05,7.137628823068903e-05,0.000248005017056,qwen_existing_deployed_effective,0.0902004607487469,0.3118330753641203,0.0182460033029201,128,qwen_d4_merged_state
qwen,opd,160,E_if,18,0.0207941766464058,5,E_if,5.159412540121723e-06,1.793748781762718e-05,7.137628823068903e-05,0.000248005017056,qwen_existing_deployed_effective,0.1437102742286574,0.4186788823820526,0.0268021610353741,541,qwen_d4_merged_state
qwen,opd,160,E_math,18,0.017818904159256,5,E_math,5.159412540121723e-06,1.793748781762718e-05,7.137628823068903e-05,0.000248005017056,qwen_existing_deployed_effective,0.1637319025844335,0.3316978882551193,0.0841860357681289,500,qwen_d4_merged_state
qwen,opd,160,E_ood,18,0.02072173106103786,5,E_ood,5.159412540121723e-06,1.793748781762718e-05,7.137628823068903e-05,0.000248005017056,qwen_existing_deployed_effective,0.0972608048759866,0.2483304106863215,0.0517718021947075,128,qwen_d4_merged_state
qwen,sft,5,E_general,18,0.0,5,E_general,2.3744763666400104e-06,7.944224372684922e-06,3.138709884556842e-05,0.000126645263143,qwen_existing_deployed_effective,0.0013763620972895,0.0352754150226246,0.0005089625105938,128,qwen_d4_merged_state
qwen,sft,5,E_if,18,0.00034246575342463997,5,E_if,2.3744763666400104e-06,7.944224372684922e-06,3.138709884556842e-05,0.000126645263143,qwen_existing_deployed_effective,0.0013865178540028,0.03679275377731,-0.0022344957669063,541,qwen_d4_merged_state
qwen,sft,5,E_math,18,0.0,5,E_math,2.3744763666400104e-06,7.944224372684922e-06,3.138709884556842e-05,0.000126645263143,qwen_existing_deployed_effective,0.0021034081344841,0.0325148615548387,-0.0011719414605177,500,qwen_d4_merged_state
qwen,sft,5,E_ood,18,-0.0002735978112175,5,E_ood,2.3744763666400104e-06,7.944224372684922e-06,3.138709884556842e-05,0.000126645263143,qwen_existing_deployed_effective,0.001061813927663,0.0240402994095347,0.0004597606475726,128,qwen_d4_merged_state
qwen,sft,20,E_general,18,0.00041109286822956,5,E_general,3.3922384220984114e-06,9.83136672922618e-06,4.21290226638189e-05,0.0001600722321849,qwen_existing_deployed_effective,0.0020883130046058,0.0465593152039218,-0.0052390519549589,128,qwen_d4_merged_state
qwen,sft,20,E_if,18,0.00034246575342463997,5,E_if,3.3922384220984114e-06,9.83136672922618e-06,4.21290226638189e-05,0.0001600722321849,qwen_existing_deployed_effective,0.0031355704732201,0.0615857394408716,-0.015846782355021,541,qwen_d4_merged_state
qwen,sft,20,E_math,18,-0.0005919133106055199,5,E_math,3.3922384220984114e-06,9.83136672922618e-06,4.21290226638189e-05,0.0001600722321849,qwen_existing_deployed_effective,0.0031741821172763,0.0432605044995434,-0.0031487457114853,500,qwen_d4_merged_state
qwen,sft,20,E_ood,18,-0.0011971508079093199,5,E_ood,3.3922384220984114e-06,9.83136672922618e-06,4.21290226638189e-05,0.0001600722321849,qwen_existing_deployed_effective,0.002208744451309,0.0371014331103651,-0.003179545385592,128,qwen_d4_merged_state
qwen,sft,40,E_general,18,-0.000125786163522,5,E_general,6.0191293706728696e-06,1.5768733646837063e-05,6.239331664151322e-05,0.0002004551871712,qwen_existing_deployed_effective,0.0060830672209704,0.0718294093385338,-0.0041653781231616,128,qwen_d4_merged_state
qwen,sft,40,E_if,18,-0.00404589791076216,5,E_if,6.0191293706728696e-06,1.5768733646837063e-05,6.239331664151322e-05,0.0002004551871712,qwen_existing_deployed_effective,0.0140349230420897,0.1195923464851326,-0.0196918449876743,541,qwen_d4_merged_state
qwen,sft,40,E_math,18,-0.00222139274073126,5,E_math,6.0191293706728696e-06,1.5768733646837063e-05,6.239331664151322e-05,0.0002004551871712,qwen_existing_deployed_effective,0.0104560177612584,0.0739074094509705,0.0024963179761543,500,qwen_d4_merged_state
qwen,sft,40,E_ood,18,-0.00325333544714922,5,E_ood,6.0191293706728696e-06,1.5768733646837063e-05,6.239331664151322e-05,0.0002004551871712,qwen_existing_deployed_effective,0.0058878072977677,0.058759479506989,-0.0077570666353494,128,qwen_d4_merged_state
qwen,sft,160,E_general,18,0.0002009499261576,5,E_general,7.634195120382564e-06,2.123674208373164e-05,7.841336784101706e-05,0.000252632401368,qwen_existing_deployed_effective,0.0352649032720364,0.1364397915895097,0.0219267560423759,128,qwen_d4_merged_state
qwen,sft,160,E_if,18,0.008718235698049321,5,E_if,7.634195120382564e-06,2.123674208373164e-05,7.841336784101706e-05,0.000252632401368,qwen_existing_deployed_effective,0.1235186741403312,0.2904698672582173,0.0865284919690568,541,qwen_d4_merged_state
qwen,sft,160,E_math,18,0.00453898321045114,5,E_math,7.634195120382564e-06,2.123674208373164e-05,7.841336784101706e-05,0.000252632401368,qwen_existing_deployed_effective,0.0910046442300081,0.2027569799348711,0.0694814467346295,500,qwen_d4_merged_state
qwen,sft,160,E_ood,18,0.0034781637440338595,5,E_ood,7.634195120382564e-06,2.123674208373164e-05,7.841336784101706e-05,0.000252632401368,qwen_existing_deployed_effective,0.0389892525054165,0.1211513713933527,0.0021027589955338,128,qwen_d4_merged_state
qwen,offkd,5,E_general,18,0.00124865861613248,5,E_general,5.656188331418629e-06,1.4941725761933153e-05,4.992145607372227e-05,0.0001671230477638,qwen_existing_deployed_effective,0.0034577588648971,0.0605343906208872,-0.0070279487881634,128,qwen_d4_merged_state
qwen,offkd,5,E_if,18,-0.00047508133688255996,5,E_if,5.656188331418629e-06,1.4941725761933153e-05,4.992145607372227e-05,0.0001671230477638,qwen_existing_deployed_effective,0.0059114701102544,0.0865357961443678,-0.0216375116496424,541,qwen_d4_merged_state
qwen,offkd,5,E_math,18,-0.00095126848167618,5,E_math,5.656188331418629e-06,1.4941725761933153e-05,4.992145607372227e-05,0.0001671230477638,qwen_existing_deployed_effective,0.0047199525018222,0.0532230763067491,-0.0050037585095269,500,qwen_d4_merged_state
qwen,offkd,5,E_ood,18,-0.00246949291677762,5,E_ood,5.656188331418629e-06,1.4941725761933153e-05,4.992145607372227e-05,0.0001671230477638,qwen_existing_deployed_effective,0.0038682319809595,0.0488096647604834,-0.0039422621807716,128,qwen_d4_merged_state
qwen,offkd,20,E_general,18,0.0023416101742902403,5,E_general,8.860182642170652e-06,2.221866855377032e-05,7.047175170424876e-05,0.0002142885090766,qwen_existing_deployed_effective,0.0078353098360821,0.0876476093544624,-0.0047583684981873,128,qwen_d4_merged_state
qwen,offkd,20,E_if,18,-0.0054955122092235605,5,E_if,8.860182642170652e-06,2.221866855377032e-05,7.047175170424876e-05,0.0002142885090766,qwen_existing_deployed_effective,0.016504170226756,0.1362697595176106,-0.024357691545783,541,qwen_d4_merged_state
qwen,offkd,20,E_math,18,-0.0034791866408240397,5,E_math,8.860182642170652e-06,2.221866855377032e-05,7.047175170424876e-05,0.0002142885090766,qwen_existing_deployed_effective,0.0111479984179604,0.0795901548545807,0.0002527322068344,500,qwen_d4_merged_state
qwen,offkd,20,E_ood,18,-0.00437611825845236,5,E_ood,8.860182642170652e-06,2.221866855377032e-05,7.047175170424876e-05,0.0002142885090766,qwen_existing_deployed_effective,0.0080556028333376,0.070563077024417,-0.0064938739951685,128,qwen_d4_merged_state
qwen,offkd,40,E_general,18,0.00371605495394478,5,E_general,7.518238427499975e-06,1.9394937810700086e-05,7.490312015890747e-05,0.0002282370088713,qwen_existing_deployed_effective,0.0104234433965757,0.0997606581659056,0.0003538817536536,128,qwen_d4_merged_state
qwen,offkd,40,E_if,18,-0.00294141233422688,5,E_if,7.518238427499975e-06,1.9394937810700086e-05,7.490312015890747e-05,0.0002282370088713,qwen_existing_deployed_effective,0.0221794033715718,0.1561967881186391,-0.0143708334706358,541,qwen_d4_merged_state
qwen,offkd,40,E_math,18,-0.00153009008478396,5,E_math,7.518238427499975e-06,1.9394937810700086e-05,7.490312015890747e-05,0.0002282370088713,qwen_existing_deployed_effective,0.0184634746019728,0.098341128244996,0.0086793604344129,500,qwen_d4_merged_state
qwen,offkd,40,E_ood,18,-0.0017802873542182602,5,E_ood,7.518238427499975e-06,1.9394937810700086e-05,7.490312015890747e-05,0.0002282370088713,qwen_existing_deployed_effective,0.0107114825004828,0.0806520727346651,-0.0058818583147512,128,qwen_d4_merged_state
qwen,offkd,160,E_general,18,0.013940695963790939,5,E_general,4.81878055325069e-06,1.8228949946725545e-05,6.88340722782712e-05,0.0002299271873198,qwen_existing_deployed_effective,0.0168283798193442,0.127483619726263,0.0052927043252566,128,qwen_d4_merged_state
qwen,offkd,160,E_if,18,0.0161661991189558,5,E_if,4.81878055325069e-06,1.8228949946725545e-05,6.88340722782712e-05,0.0002299271873198,qwen_existing_deployed_effective,0.0340819757779485,0.1880835059706583,0.0185530619829628,541,qwen_d4_merged_state
qwen,offkd,160,E_math,18,0.01654900987285368,5,E_math,4.81878055325069e-06,1.8228949946725545e-05,6.88340722782712e-05,0.0002299271873198,qwen_existing_deployed_effective,0.0441670121997594,0.1516895637102425,0.0297173814778216,500,qwen_d4_merged_state
qwen,offkd,160,E_ood,18,0.016392286588813983,5,E_ood,4.81878055325069e-06,1.8228949946725545e-05,6.88340722782712e-05,0.0002299271873198,qwen_existing_deployed_effective,0.0241258888636366,0.1114628089417237,0.0005273734350339,128,qwen_d4_merged_state
qwen,seqkd,5,E_general,18,0.00106992819787022,5,E_general,5.201076013301125e-06,1.5341185514574007e-05,5.167947217289526e-05,0.0001746841366444,qwen_existing_deployed_effective,0.0030900243264113,0.0570815071114338,-0.0070371836291087,128,qwen_d4_merged_state
qwen,seqkd,5,E_if,18,8.017592889540009e-06,5,E_if,5.201076013301125e-06,1.5341185514574007e-05,5.167947217289526e-05,0.0001746841366444,qwen_existing_deployed_effective,0.0053507652923003,0.0824910977962056,-0.0223718570664098,541,qwen_d4_merged_state
qwen,seqkd,5,E_math,18,-0.00072077928998696,5,E_math,5.201076013301125e-06,1.5341185514574007e-05,5.167947217289526e-05,0.0001746841366444,qwen_existing_deployed_effective,0.0042449924362008,0.050289614805486,-0.0048362830680562,500,qwen_d4_merged_state
qwen,seqkd,5,E_ood,18,-0.0020054557938078,5,E_ood,5.201076013301125e-06,1.5341185514574007e-05,5.167947217289526e-05,0.0001746841366444,qwen_existing_deployed_effective,0.0033946053454201,0.0456826197041664,-0.0041799333416747,128,qwen_d4_merged_state
qwen,seqkd,20,E_general,18,0.0028516359801213998,5,E_general,8.867307250121875e-06,2.0640350352810595e-05,7.27533186883454e-05,0.0002136252915078,qwen_existing_deployed_effective,0.0081345689577574,0.0891991320240777,-0.0033315099753963,128,qwen_d4_merged_state
qwen,seqkd,20,E_if,18,-0.0040378803178725995,5,E_if,8.867307250121875e-06,2.0640350352810595e-05,7.27533186883454e-05,0.0002136252915078,qwen_existing_deployed_effective,0.017343781901396,0.139391358459778,-0.0218982475645351,541,qwen_d4_merged_state
qwen,seqkd,20,E_math,18,-0.0026567841385293,5,E_math,8.867307250121875e-06,2.0640350352810595e-05,7.27533186883454e-05,0.0002136252915078,qwen_existing_deployed_effective,0.0120131831597536,0.0816008016299456,0.0014397830162197,500,qwen_d4_merged_state
qwen,seqkd,20,E_ood,18,-0.0032697530058094803,5,E_ood,8.867307250121875e-06,2.0640350352810595e-05,7.27533186883454e-05,0.0002136252915078,qwen_existing_deployed_effective,0.0079595982824685,0.0704033162764972,-0.0070134995830812,128,qwen_d4_merged_state
qwen,seqkd,40,E_general,18,0.0046601969882930205,5,E_general,8.504551942678518e-06,2.038148860654993e-05,7.821849820693963e-05,0.0002306894046861,qwen_existing_deployed_effective,0.0108204599346208,0.1027364564943127,0.0025745370930962,128,qwen_d4_merged_state
qwen,seqkd,40,E_if,18,-0.00231768022810732,5,E_if,8.504551942678518e-06,2.038148860654993e-05,7.821849820693963e-05,0.0002306894046861,qwen_existing_deployed_effective,0.0235984548676738,0.160395352614014,-0.0062782114045436,541,qwen_d4_merged_state
qwen,seqkd,40,E_math,18,-0.00072897175325792,5,E_math,8.504551942678518e-06,2.038148860654993e-05,7.821849820693963e-05,0.0002306894046861,qwen_existing_deployed_effective,0.0193116710111498,0.1001785539109259,0.0099843754277098,500,qwen_d4_merged_state
qwen,seqkd,40,E_ood,18,-0.0006983845571022602,5,E_ood,8.504551942678518e-06,2.038148860654993e-05,7.821849820693963e-05,0.0002306894046861,qwen_existing_deployed_effective,0.0114194500383746,0.0840859423042275,-0.0054862789284015,128,qwen_d4_merged_state
qwen,seqkd,160,E_general,18,0.014861814637851661,5,E_general,5.940400382899368e-06,2.107973702030514e-05,7.3581991013516e-05,0.0002408270613938,qwen_existing_deployed_effective,0.018338728659728,0.1329891317291185,0.0084676781461894,128,qwen_d4_merged_state
qwen,seqkd,160,E_if,18,0.020650349253684523,5,E_if,5.940400382899368e-06,2.107973702030514e-05,7.3581991013516e-05,0.0002408270613938,qwen_existing_deployed_effective,0.0399421468177421,0.2038714413680893,0.0241786665920092,541,qwen_d4_merged_state
qwen,seqkd,160,E_math,18,0.0197661617401032,5,E_math,5.940400382899368e-06,2.107973702030514e-05,7.3581991013516e-05,0.0002408270613938,qwen_existing_deployed_effective,0.0456983570940792,0.1530491204373538,0.0324160587214864,500,qwen_d4_merged_state
qwen,seqkd,160,E_ood,18,0.01810994878818772,5,E_ood,5.940400382899368e-06,2.107973702030514e-05,7.3581991013516e-05,0.0002408270613938,qwen_existing_deployed_effective,0.0244854497068445,0.1167253816965967,0.001742863052641,128,qwen_d4_merged_state
