model,arm,checkpoint,probe_name,layer,native_object,n_samples,normalized_entropy_effective_rank,participation_ratio,top1_explained_share,top8_explained_share,top32_explained_share,raw_anisotropy,centered_anisotropy,linear_cka_vs_step0
qwen,opd,5,E_general,18,raw residual-stream sample means and centered covariance,32,1.0854605223609055,1.0148837042792676,0.992638793686369,0.995149392204792,0.9963099523841397,0.93739914894104,-0.007432702928781509,0.9999796152114868
qwen,opd,5,E_if,18,raw residual-stream sample means and centered covariance,32,1.0180238475076269,1.0027608623338653,0.9986224076956741,0.998943235424836,0.9992483275862579,0.9903820753097534,-0.0054014381021261215,0.9999890923500061
qwen,opd,5,E_math,18,raw residual-stream sample means and centered covariance,32,1.0248331425442834,1.0037980375135362,0.9981063573975237,0.9984556529322294,0.9988763300074841,0.9571158289909363,0.09654633700847626,0.9999933838844299
qwen,opd,5,E_ood,18,raw residual-stream sample means and centered covariance,32,1.1251370446076645,1.025544921807844,0.9874515816406138,0.994272997444545,0.9956157251277861,0.920821487903595,-0.028794877231121063,0.9983099102973938
qwen,opd,20,E_general,18,raw residual-stream sample means and centered covariance,32,1.0857016838385072,1.0149638980585023,0.9925995165997896,0.9951544338207527,0.9963202290027268,0.936863899230957,-0.007335997186601162,0.9999477863311768
qwen,opd,20,E_if,18,raw residual-stream sample means and centered covariance,32,1.0181405908660814,1.0027809673347774,0.9986123962430256,0.9989392151681886,0.9992444315728047,0.9902269840240479,-0.004189027938991785,0.999971866607666
qwen,opd,20,E_math,18,raw residual-stream sample means and centered covariance,32,1.0248353242017085,1.0037992304832457,0.9981057642498632,0.9984555461768925,0.9988773739700897,0.9566214680671692,0.09734836220741272,0.9999816417694092
qwen,opd,20,E_ood,18,raw residual-stream sample means and centered covariance,32,1.1285839106482585,1.0268763265799388,0.9868071699645643,0.9943080678136713,0.9956467530683949,0.9206600785255432,-0.028848251327872276,0.9969181418418884
qwen,opd,40,E_general,18,raw residual-stream sample means and centered covariance,32,1.0868252466377293,1.015195582764399,0.9924861744687116,0.9950966946396835,0.9962812020311202,0.9367428421974182,-0.007690458092838526,0.999923586845398
qwen,opd,40,E_if,18,raw residual-stream sample means and centered covariance,32,1.0185377308478134,1.002848518084987,0.9985787621163021,0.9989159034339814,0.9992287821001917,0.9899600744247437,-0.004443589597940445,0.9999278783798218
qwen,opd,40,E_math,18,raw residual-stream sample means and centered covariance,32,1.0252163235503287,1.0038627109320224,0.9980742049519705,0.9984303586175219,0.9988600523905972,0.9563950896263123,0.09581845253705978,0.9999672174453735
qwen,opd,40,E_ood,18,raw residual-stream sample means and centered covariance,32,1.125888793688464,1.0253669458557806,0.9875388664838886,0.9941119884068526,0.9955000060920073,0.915513813495636,-0.029524067416787148,0.9893866777420044
qwen,opd,160,E_general,18,raw residual-stream sample means and centered covariance,32,1.0880133637595861,1.0155093318247599,0.9923326193893731,0.9950759106115135,0.9962670200981949,0.9372540712356567,-0.007526657078415155,0.9997455477714539
qwen,opd,160,E_if,18,raw residual-stream sample means and centered covariance,32,1.0182839525007417,1.0028061502325643,0.9985998571528546,0.9989298270156791,0.9992392246536024,0.9900854229927063,-0.0029880076181143522,0.9996589422225952
qwen,opd,160,E_math,18,raw residual-stream sample means and centered covariance,32,1.0253777598952416,1.003890788903272,0.9980602468652497,0.998420355353865,0.9988535445038698,0.9572868347167969,0.0976685956120491,0.9998973608016968
qwen,opd,160,E_ood,18,raw residual-stream sample means and centered covariance,32,1.127341479221019,1.0261708906029743,0.9871491203437223,0.9942195533146895,0.9955886650984119,0.9226142168045044,-0.029179733246564865,0.9970377683639526
qwen,sft,5,E_general,18,raw residual-stream sample means and centered covariance,32,1.085399595038116,1.0148648788785917,0.9926480125579955,0.9951494206475138,0.9963085080276498,0.9372580051422119,-0.007295289076864719,0.9999983906745911
qwen,sft,5,E_if,18,raw residual-stream sample means and centered covariance,32,1.0179929361631375,1.0027552729830815,0.9986251910066891,0.99894447268631,0.9992490318829962,0.9904348254203796,-0.0046616001054644585,0.999991774559021
qwen,sft,5,E_math,18,raw residual-stream sample means and centered covariance,32,1.0249070389909947,1.003809664261841,0.9981005769268697,0.9984509905491292,0.9988722520349675,0.9570538401603699,0.09687495976686478,0.9999977350234985
qwen,sft,5,E_ood,18,raw residual-stream sample means and centered covariance,32,1.124152850236756,1.0250809296793288,0.9876765267458033,0.994231002883272,0.9955819208916408,0.9200966954231262,-0.029008110985159874,0.9999521970748901
qwen,sft,20,E_general,18,raw residual-stream sample means and centered covariance,32,1.085684152142357,1.0149205348466224,0.9926207791076727,0.995134342057266,0.996297277777799,0.9371904134750366,-0.007282845210283995,0.9999893307685852
qwen,sft,20,E_if,18,raw residual-stream sample means and centered covariance,32,1.0180353937540452,1.0027623524443205,0.9986216657682845,0.9989420639593442,0.9992473101067952,0.9904041290283203,-0.004696534480899572,0.9999906420707703
qwen,sft,20,E_math,18,raw residual-stream sample means and centered covariance,32,1.024943150051311,1.003815371091153,0.9980977397141911,0.9984484053627966,0.998870247163608,0.9569709300994873,0.09716141223907471,0.999995231628418
qwen,sft,20,E_ood,18,raw residual-stream sample means and centered covariance,32,1.1229028639938128,1.0245113512610693,0.9879527673860322,0.9941808848359801,0.9955431206482744,0.9158248901367188,-0.0295998677611351,0.9901294112205505
qwen,sft,40,E_general,18,raw residual-stream sample means and centered covariance,32,1.08670297332658,1.0151251366125407,0.9925206710088115,0.995084288255778,0.9962578560691102,0.9366374611854553,-0.00737602636218071,0.9999790191650391
qwen,sft,40,E_if,18,raw residual-stream sample means and centered covariance,32,1.018237047252609,1.0027963806271887,0.9986047218274495,0.9989305939285849,0.9992394124851826,0.9903060793876648,-0.0042716399766504765,0.9999538660049438
qwen,sft,40,E_math,18,raw residual-stream sample means and centered covariance,32,1.0252551477810066,1.0038657016807966,0.9980727182694021,0.9984280592900617,0.9988550356417483,0.9565715789794922,0.09727862477302551,0.9999880194664001
qwen,sft,40,E_ood,18,raw residual-stream sample means and centered covariance,32,1.1251750120231852,1.0251128377981897,0.9876618058109162,0.9941132018371774,0.9954890215374413,0.9152714014053345,-0.02962307818233967,0.9899406433105469
qwen,sft,160,E_general,18,raw residual-stream sample means and centered covariance,32,1.0862013181317698,1.01513709500336,0.9925146410117831,0.9951728730896786,0.9963272947692026,0.9374983906745911,-0.00728490250185132,0.9997705817222595
qwen,sft,160,E_if,18,raw residual-stream sample means and centered covariance,32,1.0179067478585022,1.0027451716541913,0.9986302200825624,0.9989565003047834,0.999257436858132,0.9903936982154846,-0.001819868222810328,0.9997886419296265
qwen,sft,160,E_math,18,raw residual-stream sample means and centered covariance,32,1.0250382593839547,1.0038323607058985,0.9980892930065186,0.9984448085548322,0.9988686133651077,0.9572858214378357,0.09727088361978531,0.9999406337738037
qwen,sft,160,E_ood,18,raw residual-stream sample means and centered covariance,32,1.1204148790238517,1.0237286028170864,0.9883320350361753,0.9942128551636191,0.9955697677459331,0.9154888987541199,-0.029338626191020012,0.9561163783073425
qwen,offkd,5,E_general,18,raw residual-stream sample means and centered covariance,32,1.0854793893335424,1.014888121413711,0.9926366291090937,0.9951496507577287,0.996309387742256,0.9370787739753723,-0.007233473472297192,0.9999855756759644
qwen,offkd,5,E_if,18,raw residual-stream sample means and centered covariance,32,1.017944385380392,1.0027470390623132,0.9986292910777619,0.9989476300915614,0.9992511985278056,0.9904410243034363,-0.004585137125104666,0.9999701976776123
qwen,offkd,5,E_math,18,raw residual-stream sample means and centered covariance,32,1.024863591952122,1.0038024540026296,0.9981041616346232,0.9984537751794649,0.9988742523475983,0.956916093826294,0.09724383056163788,0.9999858736991882
qwen,offkd,5,E_ood,18,raw residual-stream sample means and centered covariance,32,1.1222367687736208,1.024251830372535,0.9880785989723404,0.9941695632755284,0.9955339723154352,0.9138592481613159,-0.029674241319298744,0.9832736849784851
qwen,offkd,20,E_general,18,raw residual-stream sample means and centered covariance,32,1.0865751770652652,1.01511788346501,0.9925241981641691,0.9951008627670732,0.9962735020503517,0.9363633394241333,-0.007331886328756809,0.9999027252197266
qwen,offkd,20,E_if,18,raw residual-stream sample means and centered covariance,32,1.0179924147259156,1.0027548749692121,0.9986253890622502,0.9989451678623191,0.9992495652340689,0.9903844594955444,-0.003721225541085005,0.9998981356620789
qwen,offkd,20,E_math,18,raw residual-stream sample means and centered covariance,32,1.0251861816815098,1.00385377615483,0.9980786468036236,0.9984324775950549,0.9988575038149891,0.9566006660461426,0.09706419706344604,0.9998881220817566
qwen,offkd,20,E_ood,18,raw residual-stream sample means and centered covariance,32,1.1264809420959538,1.0256579240589072,0.9873976850415027,0.9941445687850677,0.9955126937248496,0.9183846712112427,-0.02924279496073723,0.9991900324821472
qwen,offkd,40,E_general,18,raw residual-stream sample means and centered covariance,32,1.0863812850994314,1.015104498834112,0.9925307101336235,0.9951245919658905,0.9962942897275581,0.9367033243179321,-0.007316323928534985,0.9999439716339111
qwen,offkd,40,E_if,18,raw residual-stream sample means and centered covariance,32,1.0179303039243217,1.0027457119891352,0.9986299516456483,0.99895026011815,0.9992530034604988,0.9903842806816101,-0.0025545801036059856,0.9998624920845032
qwen,offkd,40,E_math,18,raw residual-stream sample means and centered covariance,32,1.0251413523924202,1.003846544933041,0.9980822416568398,0.9984359582520523,0.9988601803445848,0.9568093419075012,0.09719919413328171,0.9999569058418274
qwen,offkd,40,E_ood,18,raw residual-stream sample means and centered covariance,32,1.1263585534784106,1.0257210617215404,0.987366881112664,0.9941844612450264,0.995543647997953,0.9186710119247437,-0.029045240953564644,0.9946475028991699
qwen,offkd,160,E_general,18,raw residual-stream sample means and centered covariance,32,1.083638350507992,1.014669241242391,0.9927435493716973,0.9953244714530004,0.9964543492279637,0.9388788938522339,-0.007790430448949337,0.9996002912521362
qwen,offkd,160,E_if,18,raw residual-stream sample means and centered covariance,32,1.0173047479959998,1.002646006605322,0.9986796039921743,0.998992531179535,0.999284759801116,0.9905922412872314,-0.004457398783415556,0.9997455477714539
qwen,offkd,160,E_math,18,raw residual-stream sample means and centered covariance,32,1.0241088226663813,1.003682699358782,0.9981637051678232,0.9985063596064396,0.9989155463627116,0.9585466384887695,0.09352462738752365,0.9997400641441345
qwen,offkd,160,E_ood,18,raw residual-stream sample means and centered covariance,32,1.1194647111479947,1.0241485746814551,0.9881267944558002,0.9944925335724305,0.9957937055311982,0.9180856347084045,-0.02893168292939663,0.9535146355628967
qwen,seqkd,5,E_general,18,raw residual-stream sample means and centered covariance,32,1.0854347211357465,1.0148805766330495,0.992640318348643,0.9951529425521166,0.9963118876222832,0.9372142553329468,-0.007570116315037012,0.9999770522117615
qwen,seqkd,5,E_if,18,raw residual-stream sample means and centered covariance,32,1.017999659182858,1.0027566487081794,0.998624505905011,0.9989443776616052,0.9992492779867702,0.9904027581214905,-0.005180468317121267,0.999983012676239
qwen,seqkd,5,E_math,18,raw residual-stream sample means and centered covariance,32,1.0248786395023184,1.0038049920365637,0.998102899806961,0.998452688201161,0.9988735662045042,0.9569598436355591,0.09660247713327408,0.999994158744812
qwen,seqkd,5,E_ood,18,raw residual-stream sample means and centered covariance,32,1.12248641642296,1.0243628166950252,0.9880247530756108,0.9941791239427107,0.9955413022124434,0.9152753949165344,-0.029538054019212723,0.989595353603363
qwen,seqkd,20,E_general,18,raw residual-stream sample means and centered covariance,32,1.0866526994662555,1.015140119075031,0.9925133097157615,0.9951008288143405,0.9962734464361171,0.9364994168281555,-0.007367237471044064,0.9999534487724304
qwen,seqkd,20,E_if,18,raw residual-stream sample means and centered covariance,32,1.0181075748376445,1.0027742869694265,0.9986157229362917,0.9989383040168145,0.9992447085522735,0.9903454780578613,-0.0037653502076864243,0.9999176859855652
qwen,seqkd,20,E_math,18,raw residual-stream sample means and centered covariance,32,1.0252307427885958,1.0038609039559316,0.9980751033621819,0.9984297290927335,0.9988554188886852,0.9566265940666199,0.0972389206290245,0.9999388456344604
qwen,seqkd,20,E_ood,18,raw residual-stream sample means and centered covariance,32,1.1249364811695006,1.025016576609533,0.987708438583279,0.9941076446666681,0.9954844086557445,0.9137998819351196,-0.02984054945409298,0.9849898219108582
qwen,seqkd,40,E_general,18,raw residual-stream sample means and centered covariance,32,1.086760407185636,1.0151799414875382,0.9924938077601175,0.9951040894831018,0.9962789711767175,0.936957597732544,-0.007618588395416737,0.999937117099762
qwen,seqkd,40,E_if,18,raw residual-stream sample means and centered covariance,32,1.0181739619140429,1.0027855023145913,0.9986101383447143,0.9989349973676304,0.9992416094724151,0.9903037548065186,-0.0047601074911653996,0.9999536871910095
qwen,seqkd,40,E_math,18,raw residual-stream sample means and centered covariance,32,1.0253096495436151,1.0038743857459713,0.9980684012348667,0.9984247058077153,0.9988518097600171,0.9568231105804443,0.09668324142694473,0.999991774559021
qwen,seqkd,40,E_ood,18,raw residual-stream sample means and centered covariance,32,1.1244317908926733,1.0248696173061287,0.9877795590423244,0.9941189293037138,0.9954935696450907,0.9143966436386108,-0.029688289389014244,0.9840875267982483
qwen,seqkd,160,E_general,18,raw residual-stream sample means and centered covariance,32,1.0826004373407445,1.0142616533962265,0.9929434234690547,0.9952634273529258,0.9964083466894581,0.9389060139656067,-0.007423120085150003,0.9994820356369019
qwen,seqkd,160,E_if,18,raw residual-stream sample means and centered covariance,32,1.0174043836390192,1.0026630582905205,0.9986711117144732,0.9989870397374052,0.9992810335453963,0.9905908107757568,-0.004643247928470373,0.9998713731765747
qwen,seqkd,160,E_math,18,raw residual-stream sample means and centered covariance,32,1.0241279458908543,1.0036863920912986,0.99816186892008,0.9985046604303155,0.9989148403103348,0.9584555625915527,0.09579319506883621,0.9997586607933044
qwen,seqkd,160,E_ood,18,raw residual-stream sample means and centered covariance,32,1.1191189250535312,1.0238196257784318,0.9882868067315572,0.9944128084038639,0.995733956409611,0.9173722863197327,-0.02890903875231743,0.956121027469635
