model,arm,checkpoint,probe_name,layer,native_object,n_samples,normalized_entropy_effective_rank,participation_ratio,top1_explained_share,top8_explained_share,top32_explained_share,raw_anisotropy,centered_anisotropy,linear_cka_vs_step0,c_epsilon,c5_module_count,c5_source_probe_names,p_k4,p_k8,p_k16,p_k32,pk_track,cumulative_kl_base_to_current,absolute_delta_nll_cumulative,delta_nll_cumulative,sample_count,track,is_opd,row_id
qwen,opd,5,E_general,18,raw residual-stream sample means and centered covariance,32,1.0854605223609055,1.0148837042792676,0.992638793686369,0.995149392204792,0.9963099523841396,0.93739914894104,-0.0074327029287815,0.9999796152114868,0.0037873535749047794,5,E_general,2.15924438050154e-06,9.777045956330507e-06,3.9045647099555936e-05,0.0001541744209784,qwen_existing_deployed_effective,0.0032664775662851,0.0584555362584069,-0.0100906790878525,128,qwen_d4_merged_state,1,0
qwen,opd,5,E_if,18,raw residual-stream sample means and centered covariance,32,1.0180238475076269,1.0027608623338653,0.998622407695674,0.998943235424836,0.999248327586258,0.9903820753097534,-0.0054014381021261,0.999989092350006,0.00108470279118198,5,E_if,2.15924438050154e-06,9.777045956330507e-06,3.9045647099555936e-05,0.0001541744209784,qwen_existing_deployed_effective,0.0037016445405474,0.0656295853517192,-0.0119688676699458,541,qwen_d4_merged_state,1,1
qwen,opd,5,E_math,18,raw residual-stream sample means and centered covariance,32,1.0248331425442834,1.0037980375135362,0.9981063573975236,0.9984556529322294,0.998876330007484,0.9571158289909364,0.0965463370084762,0.99999338388443,0.00244966634003376,5,E_math,2.15924438050154e-06,9.777045956330507e-06,3.9045647099555936e-05,0.0001541744209784,qwen_existing_deployed_effective,0.0070450359758688,0.064816016850993,-0.0109448691296274,500,qwen_d4_merged_state,1,2
qwen,opd,5,E_ood,18,raw residual-stream sample means and centered covariance,32,1.1251370446076645,1.025544921807844,0.9874515816406138,0.994272997444545,0.995615725127786,0.920821487903595,-0.028794877231121,0.9983099102973938,0.00238092913695488,5,E_ood,2.15924438050154e-06,9.777045956330507e-06,3.9045647099555936e-05,0.0001541744209784,qwen_existing_deployed_effective,0.0029942079099782,0.043746232317062,-0.0033583746708245,128,qwen_d4_merged_state,1,3
qwen,opd,20,E_general,18,raw residual-stream sample means and centered covariance,32,1.0857016838385072,1.0149638980585023,0.9925995165997896,0.9951544338207527,0.9963202290027268,0.936863899230957,-0.0073359971866011,0.9999477863311768,0.01168264509490728,5,E_general,5.356277548734008e-06,1.891162193195279e-05,5.444743770307035e-05,0.0001824366907904,qwen_existing_deployed_effective,0.0379191213432932,0.207255485584028,-0.0076255502026469,128,qwen_d4_merged_state,1,4
qwen,opd,20,E_if,18,raw residual-stream sample means and centered covariance,32,1.0181405908660814,1.0027809673347774,0.9986123962430256,0.9989392151681886,0.9992444315728048,0.990226984024048,-0.0041890279389917,0.999971866607666,0.0011051344072700198,5,E_if,5.356277548734008e-06,1.891162193195279e-05,5.444743770307035e-05,0.0001824366907904,qwen_existing_deployed_effective,0.0697719935575661,0.2912015336498536,-0.0028257798567042,541,qwen_d4_merged_state,1,5
qwen,opd,20,E_math,18,raw residual-stream sample means and centered covariance,32,1.0248353242017083,1.0037992304832457,0.9981057642498632,0.9984555461768924,0.9988773739700896,0.9566214680671692,0.0973483622074127,0.9999816417694092,0.00508311563452798,5,E_math,5.356277548734008e-06,1.891162193195279e-05,5.444743770307035e-05,0.0001824366907904,qwen_existing_deployed_effective,0.087250089418143,0.2351134574785828,0.0189764987006783,500,qwen_d4_merged_state,1,6
qwen,opd,20,E_ood,18,raw residual-stream sample means and centered covariance,32,1.1285839106482585,1.0268763265799388,0.9868071699645644,0.9943080678136712,0.9956467530683948,0.9206600785255432,-0.0288482513278722,0.9969181418418884,0.0071530540831751,5,E_ood,5.356277548734008e-06,1.891162193195279e-05,5.444743770307035e-05,0.0001824366907904,qwen_existing_deployed_effective,0.0416981434536865,0.1655598390498198,0.0184399251738796,128,qwen_d4_merged_state,1,7
qwen,opd,40,E_general,18,raw residual-stream sample means and centered covariance,32,1.0868252466377293,1.015195582764399,0.9924861744687116,0.9950966946396836,0.9962812020311202,0.9367428421974182,-0.0076904580928385,0.999923586845398,0.01542862094330488,5,E_general,7.410067390927517e-06,2.131726666578158e-05,6.445069707946332e-05,0.0002095122856968,qwen_existing_deployed_effective,0.0625899313599802,0.2629050239920616,-0.0020565181075653,128,qwen_d4_merged_state,1,8
qwen,opd,40,E_if,18,raw residual-stream sample means and centered covariance,32,1.0185377308478134,1.002848518084987,0.998578762116302,0.9989159034339814,0.9992287821001916,0.9899600744247437,-0.0044435895979404,0.9999278783798218,0.013343431965804939,5,E_if,7.410067390927517e-06,2.131726666578158e-05,6.445069707946332e-05,0.0002095122856968,qwen_existing_deployed_effective,0.1110484846308138,0.3654051104391789,0.0083561509506787,541,qwen_d4_merged_state,1,9
qwen,opd,40,E_math,18,raw residual-stream sample means and centered covariance,32,1.0252163235503289,1.0038627109320224,0.9980742049519704,0.998430358617522,0.9988600523905972,0.9563950896263124,0.0958184525370597,0.9999672174453736,0.010023031036399021,5,E_math,7.410067390927517e-06,2.131726666578158e-05,6.445069707946332e-05,0.0002095122856968,qwen_existing_deployed_effective,0.1398351101875305,0.3029990454167127,0.0609191496372222,500,qwen_d4_merged_state,1,10
qwen,opd,40,E_ood,18,raw residual-stream sample means and centered covariance,32,1.125888793688464,1.0253669458557806,0.9875388664838886,0.9941119884068526,0.9955000060920072,0.915513813495636,-0.0295240674167871,0.9893866777420044,0.0156888368940591,5,E_ood,7.410067390927517e-06,2.131726666578158e-05,6.445069707946332e-05,0.0002095122856968,qwen_existing_deployed_effective,0.069908666977426,0.2138369340100325,0.0371477762018912,128,qwen_d4_merged_state,1,11
qwen,opd,160,E_general,18,raw residual-stream sample means and centered covariance,32,1.088013363759586,1.01550933182476,0.9923326193893732,0.9950759106115136,0.9962670200981948,0.9372540712356568,-0.0075266570784151,0.999745547771454,0.014221391712144402,5,E_general,5.159412540121723e-06,1.793748781762718e-05,7.137628823068903e-05,0.000248005017056,qwen_existing_deployed_effective,0.0902004607487469,0.3118330753641203,0.0182460033029201,128,qwen_d4_merged_state,1,12
qwen,opd,160,E_if,18,raw residual-stream sample means and centered covariance,32,1.0182839525007417,1.0028061502325645,0.9985998571528546,0.9989298270156792,0.9992392246536024,0.9900854229927064,-0.0029880076181143,0.9996589422225952,0.0207941766464058,5,E_if,5.159412540121723e-06,1.793748781762718e-05,7.137628823068903e-05,0.000248005017056,qwen_existing_deployed_effective,0.1437102742286574,0.4186788823820526,0.0268021610353741,541,qwen_d4_merged_state,1,13
qwen,opd,160,E_math,18,raw residual-stream sample means and centered covariance,32,1.0253777598952416,1.003890788903272,0.9980602468652496,0.998420355353865,0.9988535445038698,0.9572868347167968,0.0976685956120491,0.9998973608016968,0.017818904159256,5,E_math,5.159412540121723e-06,1.793748781762718e-05,7.137628823068903e-05,0.000248005017056,qwen_existing_deployed_effective,0.1637319025844335,0.3316978882551193,0.0841860357681289,500,qwen_d4_merged_state,1,14
qwen,opd,160,E_ood,18,raw residual-stream sample means and centered covariance,32,1.127341479221019,1.0261708906029745,0.9871491203437224,0.9942195533146896,0.995588665098412,0.9226142168045044,-0.0291797332465648,0.9970377683639526,0.02072173106103786,5,E_ood,5.159412540121723e-06,1.793748781762718e-05,7.137628823068903e-05,0.000248005017056,qwen_existing_deployed_effective,0.0972608048759866,0.2483304106863215,0.0517718021947075,128,qwen_d4_merged_state,1,15
qwen,sft,5,E_general,18,raw residual-stream sample means and centered covariance,32,1.085399595038116,1.0148648788785917,0.9926480125579956,0.9951494206475138,0.9963085080276498,0.937258005142212,-0.0072952890768647,0.9999983906745912,0.0,5,E_general,2.3744763666400104e-06,7.944224372684922e-06,3.138709884556842e-05,0.000126645263143,qwen_existing_deployed_effective,0.0013763620972895,0.0352754150226246,0.0005089625105938,128,qwen_d4_merged_state,0,16
qwen,sft,5,E_if,18,raw residual-stream sample means and centered covariance,32,1.0179929361631377,1.0027552729830815,0.9986251910066892,0.99894447268631,0.9992490318829962,0.9904348254203796,-0.0046616001054644,0.999991774559021,0.00034246575342463997,5,E_if,2.3744763666400104e-06,7.944224372684922e-06,3.138709884556842e-05,0.000126645263143,qwen_existing_deployed_effective,0.0013865178540028,0.03679275377731,-0.0022344957669063,541,qwen_d4_merged_state,0,17
qwen,sft,5,E_math,18,raw residual-stream sample means and centered covariance,32,1.024907038990995,1.003809664261841,0.9981005769268696,0.9984509905491292,0.9988722520349675,0.95705384016037,0.0968749597668647,0.9999977350234984,0.0,5,E_math,2.3744763666400104e-06,7.944224372684922e-06,3.138709884556842e-05,0.000126645263143,qwen_existing_deployed_effective,0.0021034081344841,0.0325148615548387,-0.0011719414605177,500,qwen_d4_merged_state,0,18
qwen,sft,5,E_ood,18,raw residual-stream sample means and centered covariance,32,1.124152850236756,1.0250809296793288,0.9876765267458032,0.994231002883272,0.9955819208916408,0.9200966954231262,-0.0290081109851598,0.99995219707489,-0.0002735978112175,5,E_ood,2.3744763666400104e-06,7.944224372684922e-06,3.138709884556842e-05,0.000126645263143,qwen_existing_deployed_effective,0.001061813927663,0.0240402994095347,0.0004597606475726,128,qwen_d4_merged_state,0,19
qwen,sft,20,E_general,18,raw residual-stream sample means and centered covariance,32,1.085684152142357,1.0149205348466224,0.9926207791076728,0.995134342057266,0.996297277777799,0.9371904134750366,-0.0072828452102839,0.9999893307685852,0.00041109286822956,5,E_general,3.3922384220984114e-06,9.83136672922618e-06,4.21290226638189e-05,0.0001600722321849,qwen_existing_deployed_effective,0.0020883130046058,0.0465593152039218,-0.0052390519549589,128,qwen_d4_merged_state,0,20
qwen,sft,20,E_if,18,raw residual-stream sample means and centered covariance,32,1.0180353937540452,1.0027623524443203,0.9986216657682844,0.9989420639593442,0.9992473101067952,0.9904041290283204,-0.0046965344808995,0.9999906420707704,0.00034246575342463997,5,E_if,3.3922384220984114e-06,9.83136672922618e-06,4.21290226638189e-05,0.0001600722321849,qwen_existing_deployed_effective,0.0031355704732201,0.0615857394408716,-0.015846782355021,541,qwen_d4_merged_state,0,21
qwen,sft,20,E_math,18,raw residual-stream sample means and centered covariance,32,1.024943150051311,1.003815371091153,0.9980977397141912,0.9984484053627966,0.998870247163608,0.9569709300994872,0.0971614122390747,0.999995231628418,-0.0005919133106055199,5,E_math,3.3922384220984114e-06,9.83136672922618e-06,4.21290226638189e-05,0.0001600722321849,qwen_existing_deployed_effective,0.0031741821172763,0.0432605044995434,-0.0031487457114853,500,qwen_d4_merged_state,0,22
qwen,sft,20,E_ood,18,raw residual-stream sample means and centered covariance,32,1.1229028639938128,1.0245113512610693,0.9879527673860322,0.99418088483598,0.9955431206482744,0.9158248901367188,-0.0295998677611351,0.9901294112205504,-0.0011971508079093199,5,E_ood,3.3922384220984114e-06,9.83136672922618e-06,4.21290226638189e-05,0.0001600722321849,qwen_existing_deployed_effective,0.002208744451309,0.0371014331103651,-0.003179545385592,128,qwen_d4_merged_state,0,23
qwen,sft,40,E_general,18,raw residual-stream sample means and centered covariance,32,1.08670297332658,1.015125136612541,0.9925206710088116,0.995084288255778,0.9962578560691102,0.9366374611854552,-0.0073760263621807,0.9999790191650392,-0.000125786163522,5,E_general,6.0191293706728696e-06,1.5768733646837063e-05,6.239331664151322e-05,0.0002004551871712,qwen_existing_deployed_effective,0.0060830672209704,0.0718294093385338,-0.0041653781231616,128,qwen_d4_merged_state,0,24
qwen,sft,40,E_if,18,raw residual-stream sample means and centered covariance,32,1.018237047252609,1.002796380627189,0.9986047218274496,0.9989305939285849,0.9992394124851826,0.9903060793876648,-0.0042716399766504,0.9999538660049438,-0.00404589791076216,5,E_if,6.0191293706728696e-06,1.5768733646837063e-05,6.239331664151322e-05,0.0002004551871712,qwen_existing_deployed_effective,0.0140349230420897,0.1195923464851326,-0.0196918449876743,541,qwen_d4_merged_state,0,25
qwen,sft,40,E_math,18,raw residual-stream sample means and centered covariance,32,1.0252551477810066,1.0038657016807966,0.998072718269402,0.9984280592900616,0.9988550356417484,0.9565715789794922,0.0972786247730255,0.9999880194664,-0.00222139274073126,5,E_math,6.0191293706728696e-06,1.5768733646837063e-05,6.239331664151322e-05,0.0002004551871712,qwen_existing_deployed_effective,0.0104560177612584,0.0739074094509705,0.0024963179761543,500,qwen_d4_merged_state,0,26
qwen,sft,40,E_ood,18,raw residual-stream sample means and centered covariance,32,1.1251750120231852,1.0251128377981895,0.9876618058109162,0.9941132018371774,0.9954890215374412,0.9152714014053344,-0.0296230781823396,0.9899406433105468,-0.00325333544714922,5,E_ood,6.0191293706728696e-06,1.5768733646837063e-05,6.239331664151322e-05,0.0002004551871712,qwen_existing_deployed_effective,0.0058878072977677,0.058759479506989,-0.0077570666353494,128,qwen_d4_merged_state,0,27
qwen,sft,160,E_general,18,raw residual-stream sample means and centered covariance,32,1.0862013181317698,1.01513709500336,0.9925146410117832,0.9951728730896786,0.9963272947692026,0.9374983906745912,-0.0072849025018513,0.9997705817222596,0.0002009499261576,5,E_general,7.634195120382564e-06,2.123674208373164e-05,7.841336784101706e-05,0.000252632401368,qwen_existing_deployed_effective,0.0352649032720364,0.1364397915895097,0.0219267560423759,128,qwen_d4_merged_state,0,28
qwen,sft,160,E_if,18,raw residual-stream sample means and centered covariance,32,1.0179067478585022,1.0027451716541913,0.9986302200825624,0.9989565003047834,0.999257436858132,0.9903936982154846,-0.0018198682228103,0.9997886419296264,0.008718235698049321,5,E_if,7.634195120382564e-06,2.123674208373164e-05,7.841336784101706e-05,0.000252632401368,qwen_existing_deployed_effective,0.1235186741403312,0.2904698672582173,0.0865284919690568,541,qwen_d4_merged_state,0,29
qwen,sft,160,E_math,18,raw residual-stream sample means and centered covariance,32,1.0250382593839549,1.0038323607058983,0.9980892930065186,0.9984448085548322,0.9988686133651076,0.9572858214378356,0.0972708836197853,0.9999406337738036,0.00453898321045114,5,E_math,7.634195120382564e-06,2.123674208373164e-05,7.841336784101706e-05,0.000252632401368,qwen_existing_deployed_effective,0.0910046442300081,0.2027569799348711,0.0694814467346295,500,qwen_d4_merged_state,0,30
qwen,sft,160,E_ood,18,raw residual-stream sample means and centered covariance,32,1.1204148790238515,1.0237286028170864,0.9883320350361752,0.9942128551636192,0.9955697677459332,0.91548889875412,-0.02933862619102,0.9561163783073424,0.0034781637440338595,5,E_ood,7.634195120382564e-06,2.123674208373164e-05,7.841336784101706e-05,0.000252632401368,qwen_existing_deployed_effective,0.0389892525054165,0.1211513713933527,0.0021027589955338,128,qwen_d4_merged_state,0,31
qwen,offkd,5,E_general,18,raw residual-stream sample means and centered covariance,32,1.0854793893335424,1.014888121413711,0.9926366291090936,0.9951496507577288,0.996309387742256,0.9370787739753724,-0.0072334734722971,0.9999855756759644,0.00124865861613248,5,E_general,5.656188331418629e-06,1.4941725761933153e-05,4.992145607372227e-05,0.0001671230477638,qwen_existing_deployed_effective,0.0034577588648971,0.0605343906208872,-0.0070279487881634,128,qwen_d4_merged_state,0,32
qwen,offkd,5,E_if,18,raw residual-stream sample means and centered covariance,32,1.017944385380392,1.0027470390623132,0.998629291077762,0.9989476300915614,0.9992511985278056,0.9904410243034364,-0.0045851371251046,0.9999701976776124,-0.00047508133688255996,5,E_if,5.656188331418629e-06,1.4941725761933153e-05,4.992145607372227e-05,0.0001671230477638,qwen_existing_deployed_effective,0.0059114701102544,0.0865357961443678,-0.0216375116496424,541,qwen_d4_merged_state,0,33
qwen,offkd,5,E_math,18,raw residual-stream sample means and centered covariance,32,1.024863591952122,1.0038024540026296,0.9981041616346232,0.9984537751794648,0.9988742523475984,0.956916093826294,0.0972438305616378,0.9999858736991882,-0.00095126848167618,5,E_math,5.656188331418629e-06,1.4941725761933153e-05,4.992145607372227e-05,0.0001671230477638,qwen_existing_deployed_effective,0.0047199525018222,0.0532230763067491,-0.0050037585095269,500,qwen_d4_merged_state,0,34
qwen,offkd,5,E_ood,18,raw residual-stream sample means and centered covariance,32,1.1222367687736208,1.024251830372535,0.9880785989723404,0.9941695632755284,0.9955339723154352,0.913859248161316,-0.0296742413192987,0.9832736849784852,-0.00246949291677762,5,E_ood,5.656188331418629e-06,1.4941725761933153e-05,4.992145607372227e-05,0.0001671230477638,qwen_existing_deployed_effective,0.0038682319809595,0.0488096647604834,-0.0039422621807716,128,qwen_d4_merged_state,0,35
qwen,offkd,20,E_general,18,raw residual-stream sample means and centered covariance,32,1.0865751770652652,1.01511788346501,0.9925241981641691,0.9951008627670732,0.9962735020503516,0.9363633394241332,-0.0073318863287568,0.9999027252197266,0.0023416101742902403,5,E_general,8.860182642170652e-06,2.221866855377032e-05,7.047175170424876e-05,0.0002142885090766,qwen_existing_deployed_effective,0.0078353098360821,0.0876476093544624,-0.0047583684981873,128,qwen_d4_merged_state,0,36
qwen,offkd,20,E_if,18,raw residual-stream sample means and centered covariance,32,1.0179924147259156,1.002754874969212,0.9986253890622502,0.9989451678623192,0.9992495652340688,0.9903844594955444,-0.003721225541085,0.9998981356620787,-0.0054955122092235605,5,E_if,8.860182642170652e-06,2.221866855377032e-05,7.047175170424876e-05,0.0002142885090766,qwen_existing_deployed_effective,0.016504170226756,0.1362697595176106,-0.024357691545783,541,qwen_d4_merged_state,0,37
qwen,offkd,20,E_math,18,raw residual-stream sample means and centered covariance,32,1.0251861816815098,1.00385377615483,0.9980786468036236,0.9984324775950548,0.9988575038149892,0.9566006660461426,0.097064197063446,0.9998881220817566,-0.0034791866408240397,5,E_math,8.860182642170652e-06,2.221866855377032e-05,7.047175170424876e-05,0.0002142885090766,qwen_existing_deployed_effective,0.0111479984179604,0.0795901548545807,0.0002527322068344,500,qwen_d4_merged_state,0,38
qwen,offkd,20,E_ood,18,raw residual-stream sample means and centered covariance,32,1.1264809420959538,1.0256579240589072,0.9873976850415028,0.9941445687850676,0.9955126937248496,0.9183846712112428,-0.0292427949607372,0.9991900324821472,-0.00437611825845236,5,E_ood,8.860182642170652e-06,2.221866855377032e-05,7.047175170424876e-05,0.0002142885090766,qwen_existing_deployed_effective,0.0080556028333376,0.070563077024417,-0.0064938739951685,128,qwen_d4_merged_state,0,39
qwen,offkd,40,E_general,18,raw residual-stream sample means and centered covariance,32,1.0863812850994314,1.015104498834112,0.9925307101336236,0.9951245919658904,0.996294289727558,0.936703324317932,-0.0073163239285349,0.9999439716339112,0.00371605495394478,5,E_general,7.518238427499975e-06,1.9394937810700086e-05,7.490312015890747e-05,0.0002282370088713,qwen_existing_deployed_effective,0.0104234433965757,0.0997606581659056,0.0003538817536536,128,qwen_d4_merged_state,0,40
qwen,offkd,40,E_if,18,raw residual-stream sample means and centered covariance,32,1.0179303039243215,1.0027457119891352,0.9986299516456484,0.99895026011815,0.9992530034604988,0.99038428068161,-0.0025545801036059,0.9998624920845032,-0.00294141233422688,5,E_if,7.518238427499975e-06,1.9394937810700086e-05,7.490312015890747e-05,0.0002282370088713,qwen_existing_deployed_effective,0.0221794033715718,0.1561967881186391,-0.0143708334706358,541,qwen_d4_merged_state,0,41
qwen,offkd,40,E_math,18,raw residual-stream sample means and centered covariance,32,1.0251413523924202,1.003846544933041,0.9980822416568398,0.9984359582520524,0.9988601803445848,0.9568093419075012,0.0971991941332817,0.9999569058418274,-0.00153009008478396,5,E_math,7.518238427499975e-06,1.9394937810700086e-05,7.490312015890747e-05,0.0002282370088713,qwen_existing_deployed_effective,0.0184634746019728,0.098341128244996,0.0086793604344129,500,qwen_d4_merged_state,0,42
qwen,offkd,40,E_ood,18,raw residual-stream sample means and centered covariance,32,1.1263585534784106,1.0257210617215404,0.987366881112664,0.9941844612450264,0.995543647997953,0.9186710119247437,-0.0290452409535646,0.99464750289917,-0.0017802873542182602,5,E_ood,7.518238427499975e-06,1.9394937810700086e-05,7.490312015890747e-05,0.0002282370088713,qwen_existing_deployed_effective,0.0107114825004828,0.0806520727346651,-0.0058818583147512,128,qwen_d4_merged_state,0,43
qwen,offkd,160,E_general,18,raw residual-stream sample means and centered covariance,32,1.083638350507992,1.014669241242391,0.9927435493716972,0.9953244714530004,0.9964543492279636,0.938878893852234,-0.0077904304489493,0.9996002912521362,0.013940695963790939,5,E_general,4.81878055325069e-06,1.8228949946725545e-05,6.88340722782712e-05,0.0002299271873198,qwen_existing_deployed_effective,0.0168283798193442,0.127483619726263,0.0052927043252566,128,qwen_d4_merged_state,0,44
qwen,offkd,160,E_if,18,raw residual-stream sample means and centered covariance,32,1.0173047479959998,1.002646006605322,0.9986796039921744,0.998992531179535,0.999284759801116,0.9905922412872314,-0.0044573987834155,0.999745547771454,0.0161661991189558,5,E_if,4.81878055325069e-06,1.8228949946725545e-05,6.88340722782712e-05,0.0002299271873198,qwen_existing_deployed_effective,0.0340819757779485,0.1880835059706583,0.0185530619829628,541,qwen_d4_merged_state,0,45
qwen,offkd,160,E_math,18,raw residual-stream sample means and centered covariance,32,1.0241088226663813,1.003682699358782,0.9981637051678232,0.9985063596064396,0.9989155463627116,0.9585466384887696,0.0935246273875236,0.9997400641441344,0.01654900987285368,5,E_math,4.81878055325069e-06,1.8228949946725545e-05,6.88340722782712e-05,0.0002299271873198,qwen_existing_deployed_effective,0.0441670121997594,0.1516895637102425,0.0297173814778216,500,qwen_d4_merged_state,0,46
qwen,offkd,160,E_ood,18,raw residual-stream sample means and centered covariance,32,1.1194647111479947,1.0241485746814551,0.9881267944558002,0.9944925335724304,0.9957937055311982,0.9180856347084044,-0.0289316829293966,0.9535146355628968,0.016392286588813983,5,E_ood,4.81878055325069e-06,1.8228949946725545e-05,6.88340722782712e-05,0.0002299271873198,qwen_existing_deployed_effective,0.0241258888636366,0.1114628089417237,0.0005273734350339,128,qwen_d4_merged_state,0,47
qwen,seqkd,5,E_general,18,raw residual-stream sample means and centered covariance,32,1.0854347211357465,1.0148805766330495,0.992640318348643,0.9951529425521166,0.9963118876222832,0.9372142553329468,-0.007570116315037,0.9999770522117616,0.00106992819787022,5,E_general,5.201076013301125e-06,1.5341185514574007e-05,5.167947217289526e-05,0.0001746841366444,qwen_existing_deployed_effective,0.0030900243264113,0.0570815071114338,-0.0070371836291087,128,qwen_d4_merged_state,0,48
qwen,seqkd,5,E_if,18,raw residual-stream sample means and centered covariance,32,1.017999659182858,1.0027566487081794,0.998624505905011,0.9989443776616052,0.9992492779867702,0.9904027581214904,-0.0051804683171212,0.999983012676239,8.017592889540009e-06,5,E_if,5.201076013301125e-06,1.5341185514574007e-05,5.167947217289526e-05,0.0001746841366444,qwen_existing_deployed_effective,0.0053507652923003,0.0824910977962056,-0.0223718570664098,541,qwen_d4_merged_state,0,49
qwen,seqkd,5,E_math,18,raw residual-stream sample means and centered covariance,32,1.0248786395023184,1.0038049920365637,0.998102899806961,0.998452688201161,0.9988735662045042,0.9569598436355592,0.096602477133274,0.999994158744812,-0.00072077928998696,5,E_math,5.201076013301125e-06,1.5341185514574007e-05,5.167947217289526e-05,0.0001746841366444,qwen_existing_deployed_effective,0.0042449924362008,0.050289614805486,-0.0048362830680562,500,qwen_d4_merged_state,0,50
qwen,seqkd,5,E_ood,18,raw residual-stream sample means and centered covariance,32,1.12248641642296,1.0243628166950252,0.9880247530756108,0.9941791239427108,0.9955413022124434,0.9152753949165344,-0.0295380540192127,0.989595353603363,-0.0020054557938078,5,E_ood,5.201076013301125e-06,1.5341185514574007e-05,5.167947217289526e-05,0.0001746841366444,qwen_existing_deployed_effective,0.0033946053454201,0.0456826197041664,-0.0041799333416747,128,qwen_d4_merged_state,0,51
qwen,seqkd,20,E_general,18,raw residual-stream sample means and centered covariance,32,1.0866526994662555,1.015140119075031,0.9925133097157616,0.9951008288143404,0.9962734464361171,0.9364994168281556,-0.007367237471044,0.9999534487724304,0.0028516359801213998,5,E_general,8.867307250121875e-06,2.0640350352810595e-05,7.27533186883454e-05,0.0002136252915078,qwen_existing_deployed_effective,0.0081345689577574,0.0891991320240777,-0.0033315099753963,128,qwen_d4_merged_state,0,52
qwen,seqkd,20,E_if,18,raw residual-stream sample means and centered covariance,32,1.0181075748376445,1.0027742869694265,0.9986157229362916,0.9989383040168144,0.9992447085522737,0.9903454780578612,-0.0037653502076864,0.9999176859855652,-0.0040378803178725995,5,E_if,8.867307250121875e-06,2.0640350352810595e-05,7.27533186883454e-05,0.0002136252915078,qwen_existing_deployed_effective,0.017343781901396,0.139391358459778,-0.0218982475645351,541,qwen_d4_merged_state,0,53
qwen,seqkd,20,E_math,18,raw residual-stream sample means and centered covariance,32,1.0252307427885958,1.0038609039559316,0.998075103362182,0.9984297290927336,0.9988554188886852,0.95662659406662,0.0972389206290245,0.9999388456344604,-0.0026567841385293,5,E_math,8.867307250121875e-06,2.0640350352810595e-05,7.27533186883454e-05,0.0002136252915078,qwen_existing_deployed_effective,0.0120131831597536,0.0816008016299456,0.0014397830162197,500,qwen_d4_merged_state,0,54
qwen,seqkd,20,E_ood,18,raw residual-stream sample means and centered covariance,32,1.1249364811695006,1.025016576609533,0.987708438583279,0.994107644666668,0.9954844086557444,0.9137998819351196,-0.0298405494540929,0.9849898219108582,-0.0032697530058094803,5,E_ood,8.867307250121875e-06,2.0640350352810595e-05,7.27533186883454e-05,0.0002136252915078,qwen_existing_deployed_effective,0.0079595982824685,0.0704033162764972,-0.0070134995830812,128,qwen_d4_merged_state,0,55
qwen,seqkd,40,E_general,18,raw residual-stream sample means and centered covariance,32,1.086760407185636,1.0151799414875382,0.9924938077601176,0.9951040894831018,0.9962789711767176,0.936957597732544,-0.0076185883954167,0.999937117099762,0.0046601969882930205,5,E_general,8.504551942678518e-06,2.038148860654993e-05,7.821849820693963e-05,0.0002306894046861,qwen_existing_deployed_effective,0.0108204599346208,0.1027364564943127,0.0025745370930962,128,qwen_d4_merged_state,0,56
qwen,seqkd,40,E_if,18,raw residual-stream sample means and centered covariance,32,1.0181739619140429,1.0027855023145913,0.9986101383447143,0.9989349973676304,0.9992416094724152,0.9903037548065186,-0.0047601074911653,0.9999536871910096,-0.00231768022810732,5,E_if,8.504551942678518e-06,2.038148860654993e-05,7.821849820693963e-05,0.0002306894046861,qwen_existing_deployed_effective,0.0235984548676738,0.160395352614014,-0.0062782114045436,541,qwen_d4_merged_state,0,57
qwen,seqkd,40,E_math,18,raw residual-stream sample means and centered covariance,32,1.0253096495436151,1.003874385745971,0.9980684012348668,0.9984247058077153,0.9988518097600172,0.9568231105804444,0.0966832414269447,0.999991774559021,-0.00072897175325792,5,E_math,8.504551942678518e-06,2.038148860654993e-05,7.821849820693963e-05,0.0002306894046861,qwen_existing_deployed_effective,0.0193116710111498,0.1001785539109259,0.0099843754277098,500,qwen_d4_merged_state,0,58
qwen,seqkd,40,E_ood,18,raw residual-stream sample means and centered covariance,32,1.1244317908926733,1.024869617306129,0.9877795590423244,0.9941189293037138,0.9954935696450908,0.9143966436386108,-0.0296882893890142,0.9840875267982484,-0.0006983845571022602,5,E_ood,8.504551942678518e-06,2.038148860654993e-05,7.821849820693963e-05,0.0002306894046861,qwen_existing_deployed_effective,0.0114194500383746,0.0840859423042275,-0.0054862789284015,128,qwen_d4_merged_state,0,59
qwen,seqkd,160,E_general,18,raw residual-stream sample means and centered covariance,32,1.0826004373407443,1.0142616533962263,0.9929434234690548,0.9952634273529258,0.996408346689458,0.9389060139656068,-0.00742312008515,0.999482035636902,0.014861814637851661,5,E_general,5.940400382899368e-06,2.107973702030514e-05,7.3581991013516e-05,0.0002408270613938,qwen_existing_deployed_effective,0.018338728659728,0.1329891317291185,0.0084676781461894,128,qwen_d4_merged_state,0,60
qwen,seqkd,160,E_if,18,raw residual-stream sample means and centered covariance,32,1.0174043836390192,1.0026630582905205,0.9986711117144732,0.9989870397374052,0.9992810335453964,0.9905908107757568,-0.0046432479284703,0.9998713731765748,0.020650349253684523,5,E_if,5.940400382899368e-06,2.107973702030514e-05,7.3581991013516e-05,0.0002408270613938,qwen_existing_deployed_effective,0.0399421468177421,0.2038714413680893,0.0241786665920092,541,qwen_d4_merged_state,0,61
qwen,seqkd,160,E_math,18,raw residual-stream sample means and centered covariance,32,1.0241279458908543,1.0036863920912986,0.99816186892008,0.9985046604303156,0.9989148403103348,0.9584555625915528,0.0957931950688362,0.9997586607933044,0.0197661617401032,5,E_math,5.940400382899368e-06,2.107973702030514e-05,7.3581991013516e-05,0.0002408270613938,qwen_existing_deployed_effective,0.0456983570940792,0.1530491204373538,0.0324160587214864,500,qwen_d4_merged_state,0,62
qwen,seqkd,160,E_ood,18,raw residual-stream sample means and centered covariance,32,1.1191189250535312,1.0238196257784318,0.9882868067315572,0.994412808403864,0.995733956409611,0.9173722863197328,-0.0289090387523174,0.956121027469635,0.01810994878818772,5,E_ood,5.940400382899368e-06,2.107973702030514e-05,7.3581991013516e-05,0.0002408270613938,qwen_existing_deployed_effective,0.0244854497068445,0.1167253816965967,0.001742863052641,128,qwen_d4_merged_state,0,63
