arm,base_r_epsilon,epsilon,layer,module,n_samples,probe,r_epsilon,r_epsilon_delta,shared_base_compute,step,track
alpha05,649,0.01,18,self_attn.q_proj,32,S_math,649,0,True,0,per_checkpoint
alpha05,313,0.025,18,self_attn.q_proj,32,S_math,313,0,True,0,per_checkpoint
alpha05,134,0.05,18,self_attn.q_proj,32,S_math,134,0,True,0,per_checkpoint
alpha05,39,0.1,18,self_attn.q_proj,32,S_math,39,0,True,0,per_checkpoint
alpha05,371,0.01,18,self_attn.k_proj,32,S_math,371,0,True,0,per_checkpoint
alpha05,206,0.025,18,self_attn.k_proj,32,S_math,206,0,True,0,per_checkpoint
alpha05,105,0.05,18,self_attn.k_proj,32,S_math,105,0,True,0,per_checkpoint
alpha05,41,0.1,18,self_attn.k_proj,32,S_math,41,0,True,0,per_checkpoint
alpha05,719,0.01,18,self_attn.v_proj,32,S_math,719,0,True,0,per_checkpoint
alpha05,561,0.025,18,self_attn.v_proj,32,S_math,561,0,True,0,per_checkpoint
alpha05,420,0.05,18,self_attn.v_proj,32,S_math,420,0,True,0,per_checkpoint
alpha05,272,0.1,18,self_attn.v_proj,32,S_math,272,0,True,0,per_checkpoint
alpha05,1338,0.01,18,self_attn.o_proj,32,S_math,1338,0,True,0,per_checkpoint
alpha05,958,0.025,18,self_attn.o_proj,32,S_math,958,0,True,0,per_checkpoint
alpha05,663,0.05,18,self_attn.o_proj,32,S_math,663,0,True,0,per_checkpoint
alpha05,383,0.1,18,self_attn.o_proj,32,S_math,383,0,True,0,per_checkpoint
alpha05,1490,0.01,18,mlp.gate_proj,32,S_math,1490,0,True,0,per_checkpoint
alpha05,956,0.025,18,mlp.gate_proj,32,S_math,956,0,True,0,per_checkpoint
alpha05,542,0.05,18,mlp.gate_proj,32,S_math,542,0,True,0,per_checkpoint
alpha05,206,0.1,18,mlp.gate_proj,32,S_math,206,0,True,0,per_checkpoint
alpha05,1931,0.01,18,mlp.up_proj,32,S_math,1931,0,True,0,per_checkpoint
alpha05,1521,0.025,18,mlp.up_proj,32,S_math,1521,0,True,0,per_checkpoint
alpha05,1133,0.05,18,mlp.up_proj,32,S_math,1133,0,True,0,per_checkpoint
alpha05,711,0.1,18,mlp.up_proj,32,S_math,711,0,True,0,per_checkpoint
alpha05,2158,0.01,18,mlp.down_proj,32,S_math,2158,0,True,0,per_checkpoint
alpha05,1850,0.025,18,mlp.down_proj,32,S_math,1850,0,True,0,per_checkpoint
alpha05,1523,0.05,18,mlp.down_proj,32,S_math,1523,0,True,0,per_checkpoint
alpha05,1121,0.1,18,mlp.down_proj,32,S_math,1121,0,True,0,per_checkpoint
alpha05,649,0.01,18,self_attn.q_proj,32,S_math,659,10,False,5,per_checkpoint
alpha05,313,0.025,18,self_attn.q_proj,32,S_math,318,5,False,5,per_checkpoint
alpha05,134,0.05,18,self_attn.q_proj,32,S_math,137,3,False,5,per_checkpoint
alpha05,39,0.1,18,self_attn.q_proj,32,S_math,39,0,False,5,per_checkpoint
alpha05,371,0.01,18,self_attn.k_proj,32,S_math,375,4,False,5,per_checkpoint
alpha05,206,0.025,18,self_attn.k_proj,32,S_math,209,3,False,5,per_checkpoint
alpha05,105,0.05,18,self_attn.k_proj,32,S_math,107,2,False,5,per_checkpoint
alpha05,41,0.1,18,self_attn.k_proj,32,S_math,42,1,False,5,per_checkpoint
alpha05,719,0.01,18,self_attn.v_proj,32,S_math,724,5,False,5,per_checkpoint
alpha05,561,0.025,18,self_attn.v_proj,32,S_math,567,6,False,5,per_checkpoint
alpha05,420,0.05,18,self_attn.v_proj,32,S_math,427,7,False,5,per_checkpoint
alpha05,272,0.1,18,self_attn.v_proj,32,S_math,278,6,False,5,per_checkpoint
alpha05,1338,0.01,18,self_attn.o_proj,32,S_math,1354,16,False,5,per_checkpoint
alpha05,958,0.025,18,self_attn.o_proj,32,S_math,976,18,False,5,per_checkpoint
alpha05,663,0.05,18,self_attn.o_proj,32,S_math,679,16,False,5,per_checkpoint
alpha05,383,0.1,18,self_attn.o_proj,32,S_math,396,13,False,5,per_checkpoint
alpha05,1490,0.01,18,mlp.gate_proj,32,S_math,1509,19,False,5,per_checkpoint
alpha05,956,0.025,18,mlp.gate_proj,32,S_math,975,19,False,5,per_checkpoint
alpha05,542,0.05,18,mlp.gate_proj,32,S_math,557,15,False,5,per_checkpoint
alpha05,206,0.1,18,mlp.gate_proj,32,S_math,214,8,False,5,per_checkpoint
alpha05,1931,0.01,18,mlp.up_proj,32,S_math,1945,14,False,5,per_checkpoint
alpha05,1521,0.025,18,mlp.up_proj,32,S_math,1540,19,False,5,per_checkpoint
alpha05,1133,0.05,18,mlp.up_proj,32,S_math,1153,20,False,5,per_checkpoint
alpha05,711,0.1,18,mlp.up_proj,32,S_math,729,18,False,5,per_checkpoint
alpha05,2158,0.01,18,mlp.down_proj,32,S_math,2160,2,False,5,per_checkpoint
alpha05,1850,0.025,18,mlp.down_proj,32,S_math,1852,2,False,5,per_checkpoint
alpha05,1523,0.05,18,mlp.down_proj,32,S_math,1525,2,False,5,per_checkpoint
alpha05,1121,0.1,18,mlp.down_proj,32,S_math,1123,2,False,5,per_checkpoint
alpha05,649,0.01,18,self_attn.q_proj,32,S_math,655,6,False,20,per_checkpoint
alpha05,313,0.025,18,self_attn.q_proj,32,S_math,318,5,False,20,per_checkpoint
alpha05,134,0.05,18,self_attn.q_proj,32,S_math,138,4,False,20,per_checkpoint
alpha05,39,0.1,18,self_attn.q_proj,32,S_math,41,2,False,20,per_checkpoint
alpha05,371,0.01,18,self_attn.k_proj,32,S_math,374,3,False,20,per_checkpoint
alpha05,206,0.025,18,self_attn.k_proj,32,S_math,209,3,False,20,per_checkpoint
alpha05,105,0.05,18,self_attn.k_proj,32,S_math,108,3,False,20,per_checkpoint
alpha05,41,0.1,18,self_attn.k_proj,32,S_math,43,2,False,20,per_checkpoint
alpha05,719,0.01,18,self_attn.v_proj,32,S_math,718,-1,False,20,per_checkpoint
alpha05,561,0.025,18,self_attn.v_proj,32,S_math,560,-1,False,20,per_checkpoint
alpha05,420,0.05,18,self_attn.v_proj,32,S_math,420,0,False,20,per_checkpoint
alpha05,272,0.1,18,self_attn.v_proj,32,S_math,272,0,False,20,per_checkpoint
alpha05,1338,0.01,18,self_attn.o_proj,32,S_math,1329,-9,False,20,per_checkpoint
alpha05,958,0.025,18,self_attn.o_proj,32,S_math,948,-10,False,20,per_checkpoint
alpha05,663,0.05,18,self_attn.o_proj,32,S_math,653,-10,False,20,per_checkpoint
alpha05,383,0.1,18,self_attn.o_proj,32,S_math,373,-10,False,20,per_checkpoint
alpha05,1490,0.01,18,mlp.gate_proj,32,S_math,1478,-12,False,20,per_checkpoint
alpha05,956,0.025,18,mlp.gate_proj,32,S_math,944,-12,False,20,per_checkpoint
alpha05,542,0.05,18,mlp.gate_proj,32,S_math,531,-11,False,20,per_checkpoint
alpha05,206,0.1,18,mlp.gate_proj,32,S_math,200,-6,False,20,per_checkpoint
alpha05,1931,0.01,18,mlp.up_proj,32,S_math,1923,-8,False,20,per_checkpoint
alpha05,1521,0.025,18,mlp.up_proj,32,S_math,1513,-8,False,20,per_checkpoint
alpha05,1133,0.05,18,mlp.up_proj,32,S_math,1124,-9,False,20,per_checkpoint
alpha05,711,0.1,18,mlp.up_proj,32,S_math,703,-8,False,20,per_checkpoint
alpha05,2158,0.01,18,mlp.down_proj,32,S_math,2154,-4,False,20,per_checkpoint
alpha05,1850,0.025,18,mlp.down_proj,32,S_math,1843,-7,False,20,per_checkpoint
alpha05,1523,0.05,18,mlp.down_proj,32,S_math,1514,-9,False,20,per_checkpoint
alpha05,1121,0.1,18,mlp.down_proj,32,S_math,1111,-10,False,20,per_checkpoint
alpha05,649,0.01,18,self_attn.q_proj,32,S_math,646,-3,False,40,per_checkpoint
alpha05,313,0.025,18,self_attn.q_proj,32,S_math,313,0,False,40,per_checkpoint
alpha05,134,0.05,18,self_attn.q_proj,32,S_math,136,2,False,40,per_checkpoint
alpha05,39,0.1,18,self_attn.q_proj,32,S_math,40,1,False,40,per_checkpoint
alpha05,371,0.01,18,self_attn.k_proj,32,S_math,371,0,False,40,per_checkpoint
alpha05,206,0.025,18,self_attn.k_proj,32,S_math,208,2,False,40,per_checkpoint
alpha05,105,0.05,18,self_attn.k_proj,32,S_math,107,2,False,40,per_checkpoint
alpha05,41,0.1,18,self_attn.k_proj,32,S_math,43,2,False,40,per_checkpoint
alpha05,719,0.01,18,self_attn.v_proj,32,S_math,713,-6,False,40,per_checkpoint
alpha05,561,0.025,18,self_attn.v_proj,32,S_math,554,-7,False,40,per_checkpoint
alpha05,420,0.05,18,self_attn.v_proj,32,S_math,414,-6,False,40,per_checkpoint
alpha05,272,0.1,18,self_attn.v_proj,32,S_math,267,-5,False,40,per_checkpoint
alpha05,1338,0.01,18,self_attn.o_proj,32,S_math,1311,-27,False,40,per_checkpoint
alpha05,958,0.025,18,self_attn.o_proj,32,S_math,931,-27,False,40,per_checkpoint
alpha05,663,0.05,18,self_attn.o_proj,32,S_math,637,-26,False,40,per_checkpoint
alpha05,383,0.1,18,self_attn.o_proj,32,S_math,361,-22,False,40,per_checkpoint
alpha05,1490,0.01,18,mlp.gate_proj,32,S_math,1459,-31,False,40,per_checkpoint
alpha05,956,0.025,18,mlp.gate_proj,32,S_math,924,-32,False,40,per_checkpoint
alpha05,542,0.05,18,mlp.gate_proj,32,S_math,516,-26,False,40,per_checkpoint
alpha05,206,0.1,18,mlp.gate_proj,32,S_math,192,-14,False,40,per_checkpoint
alpha05,1931,0.01,18,mlp.up_proj,32,S_math,1908,-23,False,40,per_checkpoint
alpha05,1521,0.025,18,mlp.up_proj,32,S_math,1493,-28,False,40,per_checkpoint
alpha05,1133,0.05,18,mlp.up_proj,32,S_math,1104,-29,False,40,per_checkpoint
alpha05,711,0.1,18,mlp.up_proj,32,S_math,686,-25,False,40,per_checkpoint
alpha05,2158,0.01,18,mlp.down_proj,32,S_math,2150,-8,False,40,per_checkpoint
alpha05,1850,0.025,18,mlp.down_proj,32,S_math,1836,-14,False,40,per_checkpoint
alpha05,1523,0.05,18,mlp.down_proj,32,S_math,1506,-17,False,40,per_checkpoint
alpha05,1121,0.1,18,mlp.down_proj,32,S_math,1103,-18,False,40,per_checkpoint
alpha05,649,0.01,18,self_attn.q_proj,32,S_math,641,-8,False,80,per_checkpoint
alpha05,313,0.025,18,self_attn.q_proj,32,S_math,310,-3,False,80,per_checkpoint
alpha05,134,0.05,18,self_attn.q_proj,32,S_math,134,0,False,80,per_checkpoint
alpha05,39,0.1,18,self_attn.q_proj,32,S_math,39,0,False,80,per_checkpoint
alpha05,371,0.01,18,self_attn.k_proj,32,S_math,372,1,False,80,per_checkpoint
alpha05,206,0.025,18,self_attn.k_proj,32,S_math,209,3,False,80,per_checkpoint
alpha05,105,0.05,18,self_attn.k_proj,32,S_math,109,4,False,80,per_checkpoint
alpha05,41,0.1,18,self_attn.k_proj,32,S_math,43,2,False,80,per_checkpoint
alpha05,719,0.01,18,self_attn.v_proj,32,S_math,713,-6,False,80,per_checkpoint
alpha05,561,0.025,18,self_attn.v_proj,32,S_math,554,-7,False,80,per_checkpoint
alpha05,420,0.05,18,self_attn.v_proj,32,S_math,415,-5,False,80,per_checkpoint
alpha05,272,0.1,18,self_attn.v_proj,32,S_math,268,-4,False,80,per_checkpoint
alpha05,1338,0.01,18,self_attn.o_proj,32,S_math,1325,-13,False,80,per_checkpoint
alpha05,958,0.025,18,self_attn.o_proj,32,S_math,946,-12,False,80,per_checkpoint
alpha05,663,0.05,18,self_attn.o_proj,32,S_math,652,-11,False,80,per_checkpoint
alpha05,383,0.1,18,self_attn.o_proj,32,S_math,375,-8,False,80,per_checkpoint
alpha05,1490,0.01,18,mlp.gate_proj,32,S_math,1463,-27,False,80,per_checkpoint
alpha05,956,0.025,18,mlp.gate_proj,32,S_math,930,-26,False,80,per_checkpoint
alpha05,542,0.05,18,mlp.gate_proj,32,S_math,521,-21,False,80,per_checkpoint
alpha05,206,0.1,18,mlp.gate_proj,32,S_math,196,-10,False,80,per_checkpoint
alpha05,1931,0.01,18,mlp.up_proj,32,S_math,1907,-24,False,80,per_checkpoint
alpha05,1521,0.025,18,mlp.up_proj,32,S_math,1492,-29,False,80,per_checkpoint
alpha05,1133,0.05,18,mlp.up_proj,32,S_math,1103,-30,False,80,per_checkpoint
alpha05,711,0.1,18,mlp.up_proj,32,S_math,686,-25,False,80,per_checkpoint
alpha05,2158,0.01,18,mlp.down_proj,32,S_math,2151,-7,False,80,per_checkpoint
alpha05,1850,0.025,18,mlp.down_proj,32,S_math,1839,-11,False,80,per_checkpoint
alpha05,1523,0.05,18,mlp.down_proj,32,S_math,1510,-13,False,80,per_checkpoint
alpha05,1121,0.1,18,mlp.down_proj,32,S_math,1108,-13,False,80,per_checkpoint
alpha05,649,0.01,18,self_attn.q_proj,32,S_math,627,-22,False,160,per_checkpoint
alpha05,313,0.025,18,self_attn.q_proj,32,S_math,299,-14,False,160,per_checkpoint
alpha05,134,0.05,18,self_attn.q_proj,32,S_math,128,-6,False,160,per_checkpoint
alpha05,39,0.1,18,self_attn.q_proj,32,S_math,37,-2,False,160,per_checkpoint
alpha05,371,0.01,18,self_attn.k_proj,32,S_math,369,-2,False,160,per_checkpoint
alpha05,206,0.025,18,self_attn.k_proj,32,S_math,206,0,False,160,per_checkpoint
alpha05,105,0.05,18,self_attn.k_proj,32,S_math,107,2,False,160,per_checkpoint
alpha05,41,0.1,18,self_attn.k_proj,32,S_math,43,2,False,160,per_checkpoint
alpha05,719,0.01,18,self_attn.v_proj,32,S_math,713,-6,False,160,per_checkpoint
alpha05,561,0.025,18,self_attn.v_proj,32,S_math,553,-8,False,160,per_checkpoint
alpha05,420,0.05,18,self_attn.v_proj,32,S_math,414,-6,False,160,per_checkpoint
alpha05,272,0.1,18,self_attn.v_proj,32,S_math,267,-5,False,160,per_checkpoint
alpha05,1338,0.01,18,self_attn.o_proj,32,S_math,1318,-20,False,160,per_checkpoint
alpha05,958,0.025,18,self_attn.o_proj,32,S_math,940,-18,False,160,per_checkpoint
alpha05,663,0.05,18,self_attn.o_proj,32,S_math,647,-16,False,160,per_checkpoint
alpha05,383,0.1,18,self_attn.o_proj,32,S_math,371,-12,False,160,per_checkpoint
alpha05,1490,0.01,18,mlp.gate_proj,32,S_math,1452,-38,False,160,per_checkpoint
alpha05,956,0.025,18,mlp.gate_proj,32,S_math,918,-38,False,160,per_checkpoint
alpha05,542,0.05,18,mlp.gate_proj,32,S_math,511,-31,False,160,per_checkpoint
alpha05,206,0.1,18,mlp.gate_proj,32,S_math,190,-16,False,160,per_checkpoint
alpha05,1931,0.01,18,mlp.up_proj,32,S_math,1904,-27,False,160,per_checkpoint
alpha05,1521,0.025,18,mlp.up_proj,32,S_math,1488,-33,False,160,per_checkpoint
alpha05,1133,0.05,18,mlp.up_proj,32,S_math,1099,-34,False,160,per_checkpoint
alpha05,711,0.1,18,mlp.up_proj,32,S_math,682,-29,False,160,per_checkpoint
alpha05,2158,0.01,18,mlp.down_proj,32,S_math,2147,-11,False,160,per_checkpoint
alpha05,1850,0.025,18,mlp.down_proj,32,S_math,1832,-18,False,160,per_checkpoint
alpha05,1523,0.05,18,mlp.down_proj,32,S_math,1502,-21,False,160,per_checkpoint
alpha05,1121,0.1,18,mlp.down_proj,32,S_math,1099,-22,False,160,per_checkpoint
alpha05,649,0.01,18,self_attn.q_proj,32,S_math,619,-30,False,320,per_checkpoint
alpha05,313,0.025,18,self_attn.q_proj,32,S_math,294,-19,False,320,per_checkpoint
alpha05,134,0.05,18,self_attn.q_proj,32,S_math,125,-9,False,320,per_checkpoint
alpha05,39,0.1,18,self_attn.q_proj,32,S_math,36,-3,False,320,per_checkpoint
alpha05,371,0.01,18,self_attn.k_proj,32,S_math,367,-4,False,320,per_checkpoint
alpha05,206,0.025,18,self_attn.k_proj,32,S_math,205,-1,False,320,per_checkpoint
alpha05,105,0.05,18,self_attn.k_proj,32,S_math,106,1,False,320,per_checkpoint
alpha05,41,0.1,18,self_attn.k_proj,32,S_math,42,1,False,320,per_checkpoint
alpha05,719,0.01,18,self_attn.v_proj,32,S_math,711,-8,False,320,per_checkpoint
alpha05,561,0.025,18,self_attn.v_proj,32,S_math,552,-9,False,320,per_checkpoint
alpha05,420,0.05,18,self_attn.v_proj,32,S_math,412,-8,False,320,per_checkpoint
alpha05,272,0.1,18,self_attn.v_proj,32,S_math,266,-6,False,320,per_checkpoint
alpha05,1338,0.01,18,self_attn.o_proj,32,S_math,1312,-26,False,320,per_checkpoint
alpha05,958,0.025,18,self_attn.o_proj,32,S_math,934,-24,False,320,per_checkpoint
alpha05,663,0.05,18,self_attn.o_proj,32,S_math,641,-22,False,320,per_checkpoint
alpha05,383,0.1,18,self_attn.o_proj,32,S_math,366,-17,False,320,per_checkpoint
alpha05,1490,0.01,18,mlp.gate_proj,32,S_math,1445,-45,False,320,per_checkpoint
alpha05,956,0.025,18,mlp.gate_proj,32,S_math,910,-46,False,320,per_checkpoint
alpha05,542,0.05,18,mlp.gate_proj,32,S_math,505,-37,False,320,per_checkpoint
alpha05,206,0.1,18,mlp.gate_proj,32,S_math,187,-19,False,320,per_checkpoint
alpha05,1931,0.01,18,mlp.up_proj,32,S_math,1901,-30,False,320,per_checkpoint
alpha05,1521,0.025,18,mlp.up_proj,32,S_math,1484,-37,False,320,per_checkpoint
alpha05,1133,0.05,18,mlp.up_proj,32,S_math,1094,-39,False,320,per_checkpoint
alpha05,711,0.1,18,mlp.up_proj,32,S_math,678,-33,False,320,per_checkpoint
alpha05,2158,0.01,18,mlp.down_proj,32,S_math,2146,-12,False,320,per_checkpoint
alpha05,1850,0.025,18,mlp.down_proj,32,S_math,1832,-18,False,320,per_checkpoint
alpha05,1523,0.05,18,mlp.down_proj,32,S_math,1501,-22,False,320,per_checkpoint
alpha05,1121,0.1,18,mlp.down_proj,32,S_math,1098,-23,False,320,per_checkpoint
alpha05,419,0.01,18,self_attn.q_proj,32,E_math,419,0,True,0,per_checkpoint
alpha05,212,0.025,18,self_attn.q_proj,32,E_math,212,0,True,0,per_checkpoint
alpha05,93,0.05,18,self_attn.q_proj,32,E_math,93,0,True,0,per_checkpoint
alpha05,22,0.1,18,self_attn.q_proj,32,E_math,22,0,True,0,per_checkpoint
alpha05,249,0.01,18,self_attn.k_proj,32,E_math,249,0,True,0,per_checkpoint
alpha05,126,0.025,18,self_attn.k_proj,32,E_math,126,0,True,0,per_checkpoint
alpha05,57,0.05,18,self_attn.k_proj,32,E_math,57,0,True,0,per_checkpoint
alpha05,18,0.1,18,self_attn.k_proj,32,E_math,18,0,True,0,per_checkpoint
alpha05,502,0.01,18,self_attn.v_proj,32,E_math,502,0,True,0,per_checkpoint
alpha05,352,0.025,18,self_attn.v_proj,32,E_math,352,0,True,0,per_checkpoint
alpha05,237,0.05,18,self_attn.v_proj,32,E_math,237,0,True,0,per_checkpoint
alpha05,130,0.1,18,self_attn.v_proj,32,E_math,130,0,True,0,per_checkpoint
alpha05,776,0.01,18,self_attn.o_proj,32,E_math,776,0,True,0,per_checkpoint
alpha05,550,0.025,18,self_attn.o_proj,32,E_math,550,0,True,0,per_checkpoint
alpha05,384,0.05,18,self_attn.o_proj,32,E_math,384,0,True,0,per_checkpoint
alpha05,232,0.1,18,self_attn.o_proj,32,E_math,232,0,True,0,per_checkpoint
alpha05,912,0.01,18,mlp.gate_proj,32,E_math,912,0,True,0,per_checkpoint
alpha05,638,0.025,18,mlp.gate_proj,32,E_math,638,0,True,0,per_checkpoint
alpha05,427,0.05,18,mlp.gate_proj,32,E_math,427,0,True,0,per_checkpoint
alpha05,232,0.1,18,mlp.gate_proj,32,E_math,232,0,True,0,per_checkpoint
alpha05,1080,0.01,18,mlp.up_proj,32,E_math,1080,0,True,0,per_checkpoint
alpha05,822,0.025,18,mlp.up_proj,32,E_math,822,0,True,0,per_checkpoint
alpha05,610,0.05,18,mlp.up_proj,32,E_math,610,0,True,0,per_checkpoint
alpha05,397,0.1,18,mlp.up_proj,32,E_math,397,0,True,0,per_checkpoint
alpha05,1195,0.01,18,mlp.down_proj,32,E_math,1195,0,True,0,per_checkpoint
alpha05,945,0.025,18,mlp.down_proj,32,E_math,945,0,True,0,per_checkpoint
alpha05,733,0.05,18,mlp.down_proj,32,E_math,733,0,True,0,per_checkpoint
alpha05,510,0.1,18,mlp.down_proj,32,E_math,510,0,True,0,per_checkpoint
alpha05,419,0.01,18,self_attn.q_proj,32,E_math,419,0,False,5,per_checkpoint
alpha05,212,0.025,18,self_attn.q_proj,32,E_math,212,0,False,5,per_checkpoint
alpha05,93,0.05,18,self_attn.q_proj,32,E_math,93,0,False,5,per_checkpoint
alpha05,22,0.1,18,self_attn.q_proj,32,E_math,22,0,False,5,per_checkpoint
alpha05,249,0.01,18,self_attn.k_proj,32,E_math,249,0,False,5,per_checkpoint
alpha05,126,0.025,18,self_attn.k_proj,32,E_math,126,0,False,5,per_checkpoint
alpha05,57,0.05,18,self_attn.k_proj,32,E_math,57,0,False,5,per_checkpoint
alpha05,18,0.1,18,self_attn.k_proj,32,E_math,18,0,False,5,per_checkpoint
alpha05,502,0.01,18,self_attn.v_proj,32,E_math,502,0,False,5,per_checkpoint
alpha05,352,0.025,18,self_attn.v_proj,32,E_math,351,-1,False,5,per_checkpoint
alpha05,237,0.05,18,self_attn.v_proj,32,E_math,236,-1,False,5,per_checkpoint
alpha05,130,0.1,18,self_attn.v_proj,32,E_math,130,0,False,5,per_checkpoint
alpha05,776,0.01,18,self_attn.o_proj,32,E_math,777,1,False,5,per_checkpoint
alpha05,550,0.025,18,self_attn.o_proj,32,E_math,550,0,False,5,per_checkpoint
alpha05,384,0.05,18,self_attn.o_proj,32,E_math,384,0,False,5,per_checkpoint
alpha05,232,0.1,18,self_attn.o_proj,32,E_math,232,0,False,5,per_checkpoint
alpha05,912,0.01,18,mlp.gate_proj,32,E_math,911,-1,False,5,per_checkpoint
alpha05,638,0.025,18,mlp.gate_proj,32,E_math,638,0,False,5,per_checkpoint
alpha05,427,0.05,18,mlp.gate_proj,32,E_math,426,-1,False,5,per_checkpoint
alpha05,232,0.1,18,mlp.gate_proj,32,E_math,232,0,False,5,per_checkpoint
alpha05,1080,0.01,18,mlp.up_proj,32,E_math,1080,0,False,5,per_checkpoint
alpha05,822,0.025,18,mlp.up_proj,32,E_math,822,0,False,5,per_checkpoint
alpha05,610,0.05,18,mlp.up_proj,32,E_math,610,0,False,5,per_checkpoint
alpha05,397,0.1,18,mlp.up_proj,32,E_math,397,0,False,5,per_checkpoint
alpha05,1195,0.01,18,mlp.down_proj,32,E_math,1194,-1,False,5,per_checkpoint
alpha05,945,0.025,18,mlp.down_proj,32,E_math,944,-1,False,5,per_checkpoint
alpha05,733,0.05,18,mlp.down_proj,32,E_math,733,0,False,5,per_checkpoint
alpha05,510,0.1,18,mlp.down_proj,32,E_math,509,-1,False,5,per_checkpoint
alpha05,419,0.01,18,self_attn.q_proj,32,E_math,419,0,False,20,per_checkpoint
alpha05,212,0.025,18,self_attn.q_proj,32,E_math,212,0,False,20,per_checkpoint
alpha05,93,0.05,18,self_attn.q_proj,32,E_math,93,0,False,20,per_checkpoint
alpha05,22,0.1,18,self_attn.q_proj,32,E_math,22,0,False,20,per_checkpoint
alpha05,249,0.01,18,self_attn.k_proj,32,E_math,249,0,False,20,per_checkpoint
alpha05,126,0.025,18,self_attn.k_proj,32,E_math,126,0,False,20,per_checkpoint
alpha05,57,0.05,18,self_attn.k_proj,32,E_math,57,0,False,20,per_checkpoint
alpha05,18,0.1,18,self_attn.k_proj,32,E_math,18,0,False,20,per_checkpoint
alpha05,502,0.01,18,self_attn.v_proj,32,E_math,502,0,False,20,per_checkpoint
alpha05,352,0.025,18,self_attn.v_proj,32,E_math,352,0,False,20,per_checkpoint
alpha05,237,0.05,18,self_attn.v_proj,32,E_math,237,0,False,20,per_checkpoint
alpha05,130,0.1,18,self_attn.v_proj,32,E_math,130,0,False,20,per_checkpoint
alpha05,776,0.01,18,self_attn.o_proj,32,E_math,779,3,False,20,per_checkpoint
alpha05,550,0.025,18,self_attn.o_proj,32,E_math,552,2,False,20,per_checkpoint
alpha05,384,0.05,18,self_attn.o_proj,32,E_math,386,2,False,20,per_checkpoint
alpha05,232,0.1,18,self_attn.o_proj,32,E_math,234,2,False,20,per_checkpoint
alpha05,912,0.01,18,mlp.gate_proj,32,E_math,912,0,False,20,per_checkpoint
alpha05,638,0.025,18,mlp.gate_proj,32,E_math,638,0,False,20,per_checkpoint
alpha05,427,0.05,18,mlp.gate_proj,32,E_math,426,-1,False,20,per_checkpoint
alpha05,232,0.1,18,mlp.gate_proj,32,E_math,231,-1,False,20,per_checkpoint
alpha05,1080,0.01,18,mlp.up_proj,32,E_math,1081,1,False,20,per_checkpoint
alpha05,822,0.025,18,mlp.up_proj,32,E_math,822,0,False,20,per_checkpoint
alpha05,610,0.05,18,mlp.up_proj,32,E_math,610,0,False,20,per_checkpoint
alpha05,397,0.1,18,mlp.up_proj,32,E_math,397,0,False,20,per_checkpoint
alpha05,1195,0.01,18,mlp.down_proj,32,E_math,1196,1,False,20,per_checkpoint
alpha05,945,0.025,18,mlp.down_proj,32,E_math,946,1,False,20,per_checkpoint
alpha05,733,0.05,18,mlp.down_proj,32,E_math,734,1,False,20,per_checkpoint
alpha05,510,0.1,18,mlp.down_proj,32,E_math,511,1,False,20,per_checkpoint
alpha05,419,0.01,18,self_attn.q_proj,32,E_math,418,-1,False,40,per_checkpoint
alpha05,212,0.025,18,self_attn.q_proj,32,E_math,211,-1,False,40,per_checkpoint
alpha05,93,0.05,18,self_attn.q_proj,32,E_math,93,0,False,40,per_checkpoint
alpha05,22,0.1,18,self_attn.q_proj,32,E_math,22,0,False,40,per_checkpoint
alpha05,249,0.01,18,self_attn.k_proj,32,E_math,249,0,False,40,per_checkpoint
alpha05,126,0.025,18,self_attn.k_proj,32,E_math,126,0,False,40,per_checkpoint
alpha05,57,0.05,18,self_attn.k_proj,32,E_math,57,0,False,40,per_checkpoint
alpha05,18,0.1,18,self_attn.k_proj,32,E_math,18,0,False,40,per_checkpoint
alpha05,502,0.01,18,self_attn.v_proj,32,E_math,501,-1,False,40,per_checkpoint
alpha05,352,0.025,18,self_attn.v_proj,32,E_math,350,-2,False,40,per_checkpoint
alpha05,237,0.05,18,self_attn.v_proj,32,E_math,235,-2,False,40,per_checkpoint
alpha05,130,0.1,18,self_attn.v_proj,32,E_math,129,-1,False,40,per_checkpoint
alpha05,776,0.01,18,self_attn.o_proj,32,E_math,777,1,False,40,per_checkpoint
alpha05,550,0.025,18,self_attn.o_proj,32,E_math,551,1,False,40,per_checkpoint
alpha05,384,0.05,18,self_attn.o_proj,32,E_math,385,1,False,40,per_checkpoint
alpha05,232,0.1,18,self_attn.o_proj,32,E_math,233,1,False,40,per_checkpoint
alpha05,912,0.01,18,mlp.gate_proj,32,E_math,911,-1,False,40,per_checkpoint
alpha05,638,0.025,18,mlp.gate_proj,32,E_math,637,-1,False,40,per_checkpoint
alpha05,427,0.05,18,mlp.gate_proj,32,E_math,426,-1,False,40,per_checkpoint
alpha05,232,0.1,18,mlp.gate_proj,32,E_math,231,-1,False,40,per_checkpoint
alpha05,1080,0.01,18,mlp.up_proj,32,E_math,1081,1,False,40,per_checkpoint
alpha05,822,0.025,18,mlp.up_proj,32,E_math,822,0,False,40,per_checkpoint
alpha05,610,0.05,18,mlp.up_proj,32,E_math,610,0,False,40,per_checkpoint
alpha05,397,0.1,18,mlp.up_proj,32,E_math,396,-1,False,40,per_checkpoint
alpha05,1195,0.01,18,mlp.down_proj,32,E_math,1195,0,False,40,per_checkpoint
alpha05,945,0.025,18,mlp.down_proj,32,E_math,945,0,False,40,per_checkpoint
alpha05,733,0.05,18,mlp.down_proj,32,E_math,733,0,False,40,per_checkpoint
alpha05,510,0.1,18,mlp.down_proj,32,E_math,509,-1,False,40,per_checkpoint
alpha05,419,0.01,18,self_attn.q_proj,32,E_math,415,-4,False,80,per_checkpoint
alpha05,212,0.025,18,self_attn.q_proj,32,E_math,209,-3,False,80,per_checkpoint
alpha05,93,0.05,18,self_attn.q_proj,32,E_math,91,-2,False,80,per_checkpoint
alpha05,22,0.1,18,self_attn.q_proj,32,E_math,21,-1,False,80,per_checkpoint
alpha05,249,0.01,18,self_attn.k_proj,32,E_math,247,-2,False,80,per_checkpoint
alpha05,126,0.025,18,self_attn.k_proj,32,E_math,125,-1,False,80,per_checkpoint
alpha05,57,0.05,18,self_attn.k_proj,32,E_math,56,-1,False,80,per_checkpoint
alpha05,18,0.1,18,self_attn.k_proj,32,E_math,18,0,False,80,per_checkpoint
alpha05,502,0.01,18,self_attn.v_proj,32,E_math,500,-2,False,80,per_checkpoint
alpha05,352,0.025,18,self_attn.v_proj,32,E_math,349,-3,False,80,per_checkpoint
alpha05,237,0.05,18,self_attn.v_proj,32,E_math,234,-3,False,80,per_checkpoint
alpha05,130,0.1,18,self_attn.v_proj,32,E_math,128,-2,False,80,per_checkpoint
alpha05,776,0.01,18,self_attn.o_proj,32,E_math,775,-1,False,80,per_checkpoint
alpha05,550,0.025,18,self_attn.o_proj,32,E_math,549,-1,False,80,per_checkpoint
alpha05,384,0.05,18,self_attn.o_proj,32,E_math,383,-1,False,80,per_checkpoint
alpha05,232,0.1,18,self_attn.o_proj,32,E_math,231,-1,False,80,per_checkpoint
alpha05,912,0.01,18,mlp.gate_proj,32,E_math,911,-1,False,80,per_checkpoint
alpha05,638,0.025,18,mlp.gate_proj,32,E_math,637,-1,False,80,per_checkpoint
alpha05,427,0.05,18,mlp.gate_proj,32,E_math,425,-2,False,80,per_checkpoint
alpha05,232,0.1,18,mlp.gate_proj,32,E_math,230,-2,False,80,per_checkpoint
alpha05,1080,0.01,18,mlp.up_proj,32,E_math,1080,0,False,80,per_checkpoint
alpha05,822,0.025,18,mlp.up_proj,32,E_math,822,0,False,80,per_checkpoint
alpha05,610,0.05,18,mlp.up_proj,32,E_math,609,-1,False,80,per_checkpoint
alpha05,397,0.1,18,mlp.up_proj,32,E_math,396,-1,False,80,per_checkpoint
alpha05,1195,0.01,18,mlp.down_proj,32,E_math,1194,-1,False,80,per_checkpoint
alpha05,945,0.025,18,mlp.down_proj,32,E_math,943,-2,False,80,per_checkpoint
alpha05,733,0.05,18,mlp.down_proj,32,E_math,732,-1,False,80,per_checkpoint
alpha05,510,0.1,18,mlp.down_proj,32,E_math,508,-2,False,80,per_checkpoint
alpha05,419,0.01,18,self_attn.q_proj,32,E_math,407,-12,False,160,per_checkpoint
alpha05,212,0.025,18,self_attn.q_proj,32,E_math,203,-9,False,160,per_checkpoint
alpha05,93,0.05,18,self_attn.q_proj,32,E_math,87,-6,False,160,per_checkpoint
alpha05,22,0.1,18,self_attn.q_proj,32,E_math,19,-3,False,160,per_checkpoint
alpha05,249,0.01,18,self_attn.k_proj,32,E_math,245,-4,False,160,per_checkpoint
alpha05,126,0.025,18,self_attn.k_proj,32,E_math,123,-3,False,160,per_checkpoint
alpha05,57,0.05,18,self_attn.k_proj,32,E_math,55,-2,False,160,per_checkpoint
alpha05,18,0.1,18,self_attn.k_proj,32,E_math,18,0,False,160,per_checkpoint
alpha05,502,0.01,18,self_attn.v_proj,32,E_math,497,-5,False,160,per_checkpoint
alpha05,352,0.025,18,self_attn.v_proj,32,E_math,346,-6,False,160,per_checkpoint
alpha05,237,0.05,18,self_attn.v_proj,32,E_math,232,-5,False,160,per_checkpoint
alpha05,130,0.1,18,self_attn.v_proj,32,E_math,126,-4,False,160,per_checkpoint
alpha05,776,0.01,18,self_attn.o_proj,32,E_math,771,-5,False,160,per_checkpoint
alpha05,550,0.025,18,self_attn.o_proj,32,E_math,545,-5,False,160,per_checkpoint
alpha05,384,0.05,18,self_attn.o_proj,32,E_math,380,-4,False,160,per_checkpoint
alpha05,232,0.1,18,self_attn.o_proj,32,E_math,229,-3,False,160,per_checkpoint
alpha05,912,0.01,18,mlp.gate_proj,32,E_math,905,-7,False,160,per_checkpoint
alpha05,638,0.025,18,mlp.gate_proj,32,E_math,630,-8,False,160,per_checkpoint
alpha05,427,0.05,18,mlp.gate_proj,32,E_math,419,-8,False,160,per_checkpoint
alpha05,232,0.1,18,mlp.gate_proj,32,E_math,225,-7,False,160,per_checkpoint
alpha05,1080,0.01,18,mlp.up_proj,32,E_math,1077,-3,False,160,per_checkpoint
alpha05,822,0.025,18,mlp.up_proj,32,E_math,818,-4,False,160,per_checkpoint
alpha05,610,0.05,18,mlp.up_proj,32,E_math,605,-5,False,160,per_checkpoint
alpha05,397,0.1,18,mlp.up_proj,32,E_math,392,-5,False,160,per_checkpoint
alpha05,1195,0.01,18,mlp.down_proj,32,E_math,1190,-5,False,160,per_checkpoint
alpha05,945,0.025,18,mlp.down_proj,32,E_math,939,-6,False,160,per_checkpoint
alpha05,733,0.05,18,mlp.down_proj,32,E_math,727,-6,False,160,per_checkpoint
alpha05,510,0.1,18,mlp.down_proj,32,E_math,503,-7,False,160,per_checkpoint
alpha05,419,0.01,18,self_attn.q_proj,32,E_math,401,-18,False,320,per_checkpoint
alpha05,212,0.025,18,self_attn.q_proj,32,E_math,198,-14,False,320,per_checkpoint
alpha05,93,0.05,18,self_attn.q_proj,32,E_math,85,-8,False,320,per_checkpoint
alpha05,22,0.1,18,self_attn.q_proj,32,E_math,18,-4,False,320,per_checkpoint
alpha05,249,0.01,18,self_attn.k_proj,32,E_math,241,-8,False,320,per_checkpoint
alpha05,126,0.025,18,self_attn.k_proj,32,E_math,121,-5,False,320,per_checkpoint
alpha05,57,0.05,18,self_attn.k_proj,32,E_math,54,-3,False,320,per_checkpoint
alpha05,18,0.1,18,self_attn.k_proj,32,E_math,17,-1,False,320,per_checkpoint
alpha05,502,0.01,18,self_attn.v_proj,32,E_math,492,-10,False,320,per_checkpoint
alpha05,352,0.025,18,self_attn.v_proj,32,E_math,342,-10,False,320,per_checkpoint
alpha05,237,0.05,18,self_attn.v_proj,32,E_math,227,-10,False,320,per_checkpoint
alpha05,130,0.1,18,self_attn.v_proj,32,E_math,123,-7,False,320,per_checkpoint
alpha05,776,0.01,18,self_attn.o_proj,32,E_math,769,-7,False,320,per_checkpoint
alpha05,550,0.025,18,self_attn.o_proj,32,E_math,543,-7,False,320,per_checkpoint
alpha05,384,0.05,18,self_attn.o_proj,32,E_math,378,-6,False,320,per_checkpoint
alpha05,232,0.1,18,self_attn.o_proj,32,E_math,227,-5,False,320,per_checkpoint
alpha05,912,0.01,18,mlp.gate_proj,32,E_math,902,-10,False,320,per_checkpoint
alpha05,638,0.025,18,mlp.gate_proj,32,E_math,627,-11,False,320,per_checkpoint
alpha05,427,0.05,18,mlp.gate_proj,32,E_math,416,-11,False,320,per_checkpoint
alpha05,232,0.1,18,mlp.gate_proj,32,E_math,223,-9,False,320,per_checkpoint
alpha05,1080,0.01,18,mlp.up_proj,32,E_math,1075,-5,False,320,per_checkpoint
alpha05,822,0.025,18,mlp.up_proj,32,E_math,816,-6,False,320,per_checkpoint
alpha05,610,0.05,18,mlp.up_proj,32,E_math,603,-7,False,320,per_checkpoint
alpha05,397,0.1,18,mlp.up_proj,32,E_math,391,-6,False,320,per_checkpoint
alpha05,1195,0.01,18,mlp.down_proj,32,E_math,1186,-9,False,320,per_checkpoint
alpha05,945,0.025,18,mlp.down_proj,32,E_math,934,-11,False,320,per_checkpoint
alpha05,733,0.05,18,mlp.down_proj,32,E_math,722,-11,False,320,per_checkpoint
alpha05,510,0.1,18,mlp.down_proj,32,E_math,498,-12,False,320,per_checkpoint
alpha05,555,0.01,18,self_attn.q_proj,30,E_math_hard_v2,555,0,True,0,per_checkpoint
alpha05,280,0.025,18,self_attn.q_proj,30,E_math_hard_v2,280,0,True,0,per_checkpoint
alpha05,123,0.05,18,self_attn.q_proj,30,E_math_hard_v2,123,0,True,0,per_checkpoint
alpha05,31,0.1,18,self_attn.q_proj,30,E_math_hard_v2,31,0,True,0,per_checkpoint
alpha05,338,0.01,18,self_attn.k_proj,30,E_math_hard_v2,338,0,True,0,per_checkpoint
alpha05,188,0.025,18,self_attn.k_proj,30,E_math_hard_v2,188,0,True,0,per_checkpoint
alpha05,93,0.05,18,self_attn.k_proj,30,E_math_hard_v2,93,0,True,0,per_checkpoint
alpha05,33,0.1,18,self_attn.k_proj,30,E_math_hard_v2,33,0,True,0,per_checkpoint
alpha05,632,0.01,18,self_attn.v_proj,30,E_math_hard_v2,632,0,True,0,per_checkpoint
alpha05,471,0.025,18,self_attn.v_proj,30,E_math_hard_v2,471,0,True,0,per_checkpoint
alpha05,340,0.05,18,self_attn.v_proj,30,E_math_hard_v2,340,0,True,0,per_checkpoint
alpha05,209,0.1,18,self_attn.v_proj,30,E_math_hard_v2,209,0,True,0,per_checkpoint
alpha05,1126,0.01,18,self_attn.o_proj,30,E_math_hard_v2,1126,0,True,0,per_checkpoint
alpha05,815,0.025,18,self_attn.o_proj,30,E_math_hard_v2,815,0,True,0,per_checkpoint
alpha05,584,0.05,18,self_attn.o_proj,30,E_math_hard_v2,584,0,True,0,per_checkpoint
alpha05,369,0.1,18,self_attn.o_proj,30,E_math_hard_v2,369,0,True,0,per_checkpoint
alpha05,1286,0.01,18,mlp.gate_proj,30,E_math_hard_v2,1286,0,True,0,per_checkpoint
alpha05,889,0.025,18,mlp.gate_proj,30,E_math_hard_v2,889,0,True,0,per_checkpoint
alpha05,586,0.05,18,mlp.gate_proj,30,E_math_hard_v2,586,0,True,0,per_checkpoint
alpha05,309,0.1,18,mlp.gate_proj,30,E_math_hard_v2,309,0,True,0,per_checkpoint
alpha05,1539,0.01,18,mlp.up_proj,30,E_math_hard_v2,1539,0,True,0,per_checkpoint
alpha05,1167,0.025,18,mlp.up_proj,30,E_math_hard_v2,1167,0,True,0,per_checkpoint
alpha05,863,0.05,18,mlp.up_proj,30,E_math_hard_v2,863,0,True,0,per_checkpoint
alpha05,556,0.1,18,mlp.up_proj,30,E_math_hard_v2,556,0,True,0,per_checkpoint
alpha05,1764,0.01,18,mlp.down_proj,30,E_math_hard_v2,1764,0,True,0,per_checkpoint
alpha05,1417,0.025,18,mlp.down_proj,30,E_math_hard_v2,1417,0,True,0,per_checkpoint
alpha05,1117,0.05,18,mlp.down_proj,30,E_math_hard_v2,1117,0,True,0,per_checkpoint
alpha05,795,0.1,18,mlp.down_proj,30,E_math_hard_v2,795,0,True,0,per_checkpoint
alpha05,555,0.01,18,self_attn.q_proj,30,E_math_hard_v2,556,1,False,5,per_checkpoint
alpha05,280,0.025,18,self_attn.q_proj,30,E_math_hard_v2,281,1,False,5,per_checkpoint
alpha05,123,0.05,18,self_attn.q_proj,30,E_math_hard_v2,124,1,False,5,per_checkpoint
alpha05,31,0.1,18,self_attn.q_proj,30,E_math_hard_v2,31,0,False,5,per_checkpoint
alpha05,338,0.01,18,self_attn.k_proj,30,E_math_hard_v2,338,0,False,5,per_checkpoint
alpha05,188,0.025,18,self_attn.k_proj,30,E_math_hard_v2,188,0,False,5,per_checkpoint
alpha05,93,0.05,18,self_attn.k_proj,30,E_math_hard_v2,94,1,False,5,per_checkpoint
alpha05,33,0.1,18,self_attn.k_proj,30,E_math_hard_v2,33,0,False,5,per_checkpoint
alpha05,632,0.01,18,self_attn.v_proj,30,E_math_hard_v2,632,0,False,5,per_checkpoint
alpha05,471,0.025,18,self_attn.v_proj,30,E_math_hard_v2,471,0,False,5,per_checkpoint
alpha05,340,0.05,18,self_attn.v_proj,30,E_math_hard_v2,340,0,False,5,per_checkpoint
alpha05,209,0.1,18,self_attn.v_proj,30,E_math_hard_v2,209,0,False,5,per_checkpoint
alpha05,1126,0.01,18,self_attn.o_proj,30,E_math_hard_v2,1127,1,False,5,per_checkpoint
alpha05,815,0.025,18,self_attn.o_proj,30,E_math_hard_v2,816,1,False,5,per_checkpoint
alpha05,584,0.05,18,self_attn.o_proj,30,E_math_hard_v2,585,1,False,5,per_checkpoint
alpha05,369,0.1,18,self_attn.o_proj,30,E_math_hard_v2,370,1,False,5,per_checkpoint
alpha05,1286,0.01,18,mlp.gate_proj,30,E_math_hard_v2,1287,1,False,5,per_checkpoint
alpha05,889,0.025,18,mlp.gate_proj,30,E_math_hard_v2,890,1,False,5,per_checkpoint
alpha05,586,0.05,18,mlp.gate_proj,30,E_math_hard_v2,586,0,False,5,per_checkpoint
alpha05,309,0.1,18,mlp.gate_proj,30,E_math_hard_v2,309,0,False,5,per_checkpoint
alpha05,1539,0.01,18,mlp.up_proj,30,E_math_hard_v2,1540,1,False,5,per_checkpoint
alpha05,1167,0.025,18,mlp.up_proj,30,E_math_hard_v2,1168,1,False,5,per_checkpoint
alpha05,863,0.05,18,mlp.up_proj,30,E_math_hard_v2,864,1,False,5,per_checkpoint
alpha05,556,0.1,18,mlp.up_proj,30,E_math_hard_v2,557,1,False,5,per_checkpoint
alpha05,1764,0.01,18,mlp.down_proj,30,E_math_hard_v2,1765,1,False,5,per_checkpoint
alpha05,1417,0.025,18,mlp.down_proj,30,E_math_hard_v2,1418,1,False,5,per_checkpoint
alpha05,1117,0.05,18,mlp.down_proj,30,E_math_hard_v2,1117,0,False,5,per_checkpoint
alpha05,795,0.1,18,mlp.down_proj,30,E_math_hard_v2,796,1,False,5,per_checkpoint
alpha05,555,0.01,18,self_attn.q_proj,30,E_math_hard_v2,557,2,False,20,per_checkpoint
alpha05,280,0.025,18,self_attn.q_proj,30,E_math_hard_v2,282,2,False,20,per_checkpoint
alpha05,123,0.05,18,self_attn.q_proj,30,E_math_hard_v2,124,1,False,20,per_checkpoint
alpha05,31,0.1,18,self_attn.q_proj,30,E_math_hard_v2,31,0,False,20,per_checkpoint
alpha05,338,0.01,18,self_attn.k_proj,30,E_math_hard_v2,339,1,False,20,per_checkpoint
alpha05,188,0.025,18,self_attn.k_proj,30,E_math_hard_v2,189,1,False,20,per_checkpoint
alpha05,93,0.05,18,self_attn.k_proj,30,E_math_hard_v2,94,1,False,20,per_checkpoint
alpha05,33,0.1,18,self_attn.k_proj,30,E_math_hard_v2,33,0,False,20,per_checkpoint
alpha05,632,0.01,18,self_attn.v_proj,30,E_math_hard_v2,632,0,False,20,per_checkpoint
alpha05,471,0.025,18,self_attn.v_proj,30,E_math_hard_v2,472,1,False,20,per_checkpoint
alpha05,340,0.05,18,self_attn.v_proj,30,E_math_hard_v2,341,1,False,20,per_checkpoint
alpha05,209,0.1,18,self_attn.v_proj,30,E_math_hard_v2,209,0,False,20,per_checkpoint
alpha05,1126,0.01,18,self_attn.o_proj,30,E_math_hard_v2,1131,5,False,20,per_checkpoint
alpha05,815,0.025,18,self_attn.o_proj,30,E_math_hard_v2,819,4,False,20,per_checkpoint
alpha05,584,0.05,18,self_attn.o_proj,30,E_math_hard_v2,588,4,False,20,per_checkpoint
alpha05,369,0.1,18,self_attn.o_proj,30,E_math_hard_v2,372,3,False,20,per_checkpoint
alpha05,1286,0.01,18,mlp.gate_proj,30,E_math_hard_v2,1287,1,False,20,per_checkpoint
alpha05,889,0.025,18,mlp.gate_proj,30,E_math_hard_v2,890,1,False,20,per_checkpoint
alpha05,586,0.05,18,mlp.gate_proj,30,E_math_hard_v2,586,0,False,20,per_checkpoint
alpha05,309,0.1,18,mlp.gate_proj,30,E_math_hard_v2,309,0,False,20,per_checkpoint
alpha05,1539,0.01,18,mlp.up_proj,30,E_math_hard_v2,1541,2,False,20,per_checkpoint
alpha05,1167,0.025,18,mlp.up_proj,30,E_math_hard_v2,1169,2,False,20,per_checkpoint
alpha05,863,0.05,18,mlp.up_proj,30,E_math_hard_v2,864,1,False,20,per_checkpoint
alpha05,556,0.1,18,mlp.up_proj,30,E_math_hard_v2,558,2,False,20,per_checkpoint
alpha05,1764,0.01,18,mlp.down_proj,30,E_math_hard_v2,1767,3,False,20,per_checkpoint
alpha05,1417,0.025,18,mlp.down_proj,30,E_math_hard_v2,1420,3,False,20,per_checkpoint
alpha05,1117,0.05,18,mlp.down_proj,30,E_math_hard_v2,1120,3,False,20,per_checkpoint
alpha05,795,0.1,18,mlp.down_proj,30,E_math_hard_v2,798,3,False,20,per_checkpoint
alpha05,555,0.01,18,self_attn.q_proj,30,E_math_hard_v2,556,1,False,40,per_checkpoint
alpha05,280,0.025,18,self_attn.q_proj,30,E_math_hard_v2,281,1,False,40,per_checkpoint
alpha05,123,0.05,18,self_attn.q_proj,30,E_math_hard_v2,124,1,False,40,per_checkpoint
alpha05,31,0.1,18,self_attn.q_proj,30,E_math_hard_v2,31,0,False,40,per_checkpoint
alpha05,338,0.01,18,self_attn.k_proj,30,E_math_hard_v2,338,0,False,40,per_checkpoint
alpha05,188,0.025,18,self_attn.k_proj,30,E_math_hard_v2,188,0,False,40,per_checkpoint
alpha05,93,0.05,18,self_attn.k_proj,30,E_math_hard_v2,94,1,False,40,per_checkpoint
alpha05,33,0.1,18,self_attn.k_proj,30,E_math_hard_v2,33,0,False,40,per_checkpoint
alpha05,632,0.01,18,self_attn.v_proj,30,E_math_hard_v2,631,-1,False,40,per_checkpoint
alpha05,471,0.025,18,self_attn.v_proj,30,E_math_hard_v2,471,0,False,40,per_checkpoint
alpha05,340,0.05,18,self_attn.v_proj,30,E_math_hard_v2,339,-1,False,40,per_checkpoint
alpha05,209,0.1,18,self_attn.v_proj,30,E_math_hard_v2,208,-1,False,40,per_checkpoint
alpha05,1126,0.01,18,self_attn.o_proj,30,E_math_hard_v2,1129,3,False,40,per_checkpoint
alpha05,815,0.025,18,self_attn.o_proj,30,E_math_hard_v2,818,3,False,40,per_checkpoint
alpha05,584,0.05,18,self_attn.o_proj,30,E_math_hard_v2,587,3,False,40,per_checkpoint
alpha05,369,0.1,18,self_attn.o_proj,30,E_math_hard_v2,372,3,False,40,per_checkpoint
alpha05,1286,0.01,18,mlp.gate_proj,30,E_math_hard_v2,1286,0,False,40,per_checkpoint
alpha05,889,0.025,18,mlp.gate_proj,30,E_math_hard_v2,889,0,False,40,per_checkpoint
alpha05,586,0.05,18,mlp.gate_proj,30,E_math_hard_v2,585,-1,False,40,per_checkpoint
alpha05,309,0.1,18,mlp.gate_proj,30,E_math_hard_v2,308,-1,False,40,per_checkpoint
alpha05,1539,0.01,18,mlp.up_proj,30,E_math_hard_v2,1540,1,False,40,per_checkpoint
alpha05,1167,0.025,18,mlp.up_proj,30,E_math_hard_v2,1168,1,False,40,per_checkpoint
alpha05,863,0.05,18,mlp.up_proj,30,E_math_hard_v2,864,1,False,40,per_checkpoint
alpha05,556,0.1,18,mlp.up_proj,30,E_math_hard_v2,557,1,False,40,per_checkpoint
alpha05,1764,0.01,18,mlp.down_proj,30,E_math_hard_v2,1766,2,False,40,per_checkpoint
alpha05,1417,0.025,18,mlp.down_proj,30,E_math_hard_v2,1420,3,False,40,per_checkpoint
alpha05,1117,0.05,18,mlp.down_proj,30,E_math_hard_v2,1119,2,False,40,per_checkpoint
alpha05,795,0.1,18,mlp.down_proj,30,E_math_hard_v2,797,2,False,40,per_checkpoint
alpha05,555,0.01,18,self_attn.q_proj,30,E_math_hard_v2,552,-3,False,80,per_checkpoint
alpha05,280,0.025,18,self_attn.q_proj,30,E_math_hard_v2,278,-2,False,80,per_checkpoint
alpha05,123,0.05,18,self_attn.q_proj,30,E_math_hard_v2,122,-1,False,80,per_checkpoint
alpha05,31,0.1,18,self_attn.q_proj,30,E_math_hard_v2,30,-1,False,80,per_checkpoint
alpha05,338,0.01,18,self_attn.k_proj,30,E_math_hard_v2,337,-1,False,80,per_checkpoint
alpha05,188,0.025,18,self_attn.k_proj,30,E_math_hard_v2,187,-1,False,80,per_checkpoint
alpha05,93,0.05,18,self_attn.k_proj,30,E_math_hard_v2,93,0,False,80,per_checkpoint
alpha05,33,0.1,18,self_attn.k_proj,30,E_math_hard_v2,33,0,False,80,per_checkpoint
alpha05,632,0.01,18,self_attn.v_proj,30,E_math_hard_v2,630,-2,False,80,per_checkpoint
alpha05,471,0.025,18,self_attn.v_proj,30,E_math_hard_v2,469,-2,False,80,per_checkpoint
alpha05,340,0.05,18,self_attn.v_proj,30,E_math_hard_v2,338,-2,False,80,per_checkpoint
alpha05,209,0.1,18,self_attn.v_proj,30,E_math_hard_v2,207,-2,False,80,per_checkpoint
alpha05,1126,0.01,18,self_attn.o_proj,30,E_math_hard_v2,1126,0,False,80,per_checkpoint
alpha05,815,0.025,18,self_attn.o_proj,30,E_math_hard_v2,815,0,False,80,per_checkpoint
alpha05,584,0.05,18,self_attn.o_proj,30,E_math_hard_v2,585,1,False,80,per_checkpoint
alpha05,369,0.1,18,self_attn.o_proj,30,E_math_hard_v2,370,1,False,80,per_checkpoint
alpha05,1286,0.01,18,mlp.gate_proj,30,E_math_hard_v2,1285,-1,False,80,per_checkpoint
alpha05,889,0.025,18,mlp.gate_proj,30,E_math_hard_v2,888,-1,False,80,per_checkpoint
alpha05,586,0.05,18,mlp.gate_proj,30,E_math_hard_v2,584,-2,False,80,per_checkpoint
alpha05,309,0.1,18,mlp.gate_proj,30,E_math_hard_v2,308,-1,False,80,per_checkpoint
alpha05,1539,0.01,18,mlp.up_proj,30,E_math_hard_v2,1540,1,False,80,per_checkpoint
alpha05,1167,0.025,18,mlp.up_proj,30,E_math_hard_v2,1168,1,False,80,per_checkpoint
alpha05,863,0.05,18,mlp.up_proj,30,E_math_hard_v2,863,0,False,80,per_checkpoint
alpha05,556,0.1,18,mlp.up_proj,30,E_math_hard_v2,557,1,False,80,per_checkpoint
alpha05,1764,0.01,18,mlp.down_proj,30,E_math_hard_v2,1766,2,False,80,per_checkpoint
alpha05,1417,0.025,18,mlp.down_proj,30,E_math_hard_v2,1419,2,False,80,per_checkpoint
alpha05,1117,0.05,18,mlp.down_proj,30,E_math_hard_v2,1118,1,False,80,per_checkpoint
alpha05,795,0.1,18,mlp.down_proj,30,E_math_hard_v2,796,1,False,80,per_checkpoint
alpha05,555,0.01,18,self_attn.q_proj,30,E_math_hard_v2,540,-15,False,160,per_checkpoint
alpha05,280,0.025,18,self_attn.q_proj,30,E_math_hard_v2,269,-11,False,160,per_checkpoint
alpha05,123,0.05,18,self_attn.q_proj,30,E_math_hard_v2,116,-7,False,160,per_checkpoint
alpha05,31,0.1,18,self_attn.q_proj,30,E_math_hard_v2,28,-3,False,160,per_checkpoint
alpha05,338,0.01,18,self_attn.k_proj,30,E_math_hard_v2,332,-6,False,160,per_checkpoint
alpha05,188,0.025,18,self_attn.k_proj,30,E_math_hard_v2,183,-5,False,160,per_checkpoint
alpha05,93,0.05,18,self_attn.k_proj,30,E_math_hard_v2,91,-2,False,160,per_checkpoint
alpha05,33,0.1,18,self_attn.k_proj,30,E_math_hard_v2,32,-1,False,160,per_checkpoint
alpha05,632,0.01,18,self_attn.v_proj,30,E_math_hard_v2,625,-7,False,160,per_checkpoint
alpha05,471,0.025,18,self_attn.v_proj,30,E_math_hard_v2,464,-7,False,160,per_checkpoint
alpha05,340,0.05,18,self_attn.v_proj,30,E_math_hard_v2,333,-7,False,160,per_checkpoint
alpha05,209,0.1,18,self_attn.v_proj,30,E_math_hard_v2,203,-6,False,160,per_checkpoint
alpha05,1126,0.01,18,self_attn.o_proj,30,E_math_hard_v2,1118,-8,False,160,per_checkpoint
alpha05,815,0.025,18,self_attn.o_proj,30,E_math_hard_v2,807,-8,False,160,per_checkpoint
alpha05,584,0.05,18,self_attn.o_proj,30,E_math_hard_v2,577,-7,False,160,per_checkpoint
alpha05,369,0.1,18,self_attn.o_proj,30,E_math_hard_v2,364,-5,False,160,per_checkpoint
alpha05,1286,0.01,18,mlp.gate_proj,30,E_math_hard_v2,1276,-10,False,160,per_checkpoint
alpha05,889,0.025,18,mlp.gate_proj,30,E_math_hard_v2,878,-11,False,160,per_checkpoint
alpha05,586,0.05,18,mlp.gate_proj,30,E_math_hard_v2,575,-11,False,160,per_checkpoint
alpha05,309,0.1,18,mlp.gate_proj,30,E_math_hard_v2,300,-9,False,160,per_checkpoint
alpha05,1539,0.01,18,mlp.up_proj,30,E_math_hard_v2,1535,-4,False,160,per_checkpoint
alpha05,1167,0.025,18,mlp.up_proj,30,E_math_hard_v2,1162,-5,False,160,per_checkpoint
alpha05,863,0.05,18,mlp.up_proj,30,E_math_hard_v2,857,-6,False,160,per_checkpoint
alpha05,556,0.1,18,mlp.up_proj,30,E_math_hard_v2,551,-5,False,160,per_checkpoint
alpha05,1764,0.01,18,mlp.down_proj,30,E_math_hard_v2,1761,-3,False,160,per_checkpoint
alpha05,1417,0.025,18,mlp.down_proj,30,E_math_hard_v2,1413,-4,False,160,per_checkpoint
alpha05,1117,0.05,18,mlp.down_proj,30,E_math_hard_v2,1112,-5,False,160,per_checkpoint
alpha05,795,0.1,18,mlp.down_proj,30,E_math_hard_v2,790,-5,False,160,per_checkpoint
alpha05,555,0.01,18,self_attn.q_proj,30,E_math_hard_v2,531,-24,False,320,per_checkpoint
alpha05,280,0.025,18,self_attn.q_proj,30,E_math_hard_v2,262,-18,False,320,per_checkpoint
alpha05,123,0.05,18,self_attn.q_proj,30,E_math_hard_v2,112,-11,False,320,per_checkpoint
alpha05,31,0.1,18,self_attn.q_proj,30,E_math_hard_v2,26,-5,False,320,per_checkpoint
alpha05,338,0.01,18,self_attn.k_proj,30,E_math_hard_v2,327,-11,False,320,per_checkpoint
alpha05,188,0.025,18,self_attn.k_proj,30,E_math_hard_v2,179,-9,False,320,per_checkpoint
alpha05,93,0.05,18,self_attn.k_proj,30,E_math_hard_v2,88,-5,False,320,per_checkpoint
alpha05,33,0.1,18,self_attn.k_proj,30,E_math_hard_v2,31,-2,False,320,per_checkpoint
alpha05,632,0.01,18,self_attn.v_proj,30,E_math_hard_v2,620,-12,False,320,per_checkpoint
alpha05,471,0.025,18,self_attn.v_proj,30,E_math_hard_v2,459,-12,False,320,per_checkpoint
alpha05,340,0.05,18,self_attn.v_proj,30,E_math_hard_v2,327,-13,False,320,per_checkpoint
alpha05,209,0.1,18,self_attn.v_proj,30,E_math_hard_v2,198,-11,False,320,per_checkpoint
alpha05,1126,0.01,18,self_attn.o_proj,30,E_math_hard_v2,1111,-15,False,320,per_checkpoint
alpha05,815,0.025,18,self_attn.o_proj,30,E_math_hard_v2,801,-14,False,320,per_checkpoint
alpha05,584,0.05,18,self_attn.o_proj,30,E_math_hard_v2,572,-12,False,320,per_checkpoint
alpha05,369,0.1,18,self_attn.o_proj,30,E_math_hard_v2,359,-10,False,320,per_checkpoint
alpha05,1286,0.01,18,mlp.gate_proj,30,E_math_hard_v2,1269,-17,False,320,per_checkpoint
alpha05,889,0.025,18,mlp.gate_proj,30,E_math_hard_v2,871,-18,False,320,per_checkpoint
alpha05,586,0.05,18,mlp.gate_proj,30,E_math_hard_v2,569,-17,False,320,per_checkpoint
alpha05,309,0.1,18,mlp.gate_proj,30,E_math_hard_v2,295,-14,False,320,per_checkpoint
alpha05,1539,0.01,18,mlp.up_proj,30,E_math_hard_v2,1531,-8,False,320,per_checkpoint
alpha05,1167,0.025,18,mlp.up_proj,30,E_math_hard_v2,1158,-9,False,320,per_checkpoint
alpha05,863,0.05,18,mlp.up_proj,30,E_math_hard_v2,853,-10,False,320,per_checkpoint
alpha05,556,0.1,18,mlp.up_proj,30,E_math_hard_v2,548,-8,False,320,per_checkpoint
alpha05,1764,0.01,18,mlp.down_proj,30,E_math_hard_v2,1756,-8,False,320,per_checkpoint
alpha05,1417,0.025,18,mlp.down_proj,30,E_math_hard_v2,1407,-10,False,320,per_checkpoint
alpha05,1117,0.05,18,mlp.down_proj,30,E_math_hard_v2,1106,-11,False,320,per_checkpoint
alpha05,795,0.1,18,mlp.down_proj,30,E_math_hard_v2,784,-11,False,320,per_checkpoint
alpha05,686,0.01,18,self_attn.q_proj,128,E_ood,686,0,True,0,per_checkpoint
alpha05,319,0.025,18,self_attn.q_proj,128,E_ood,319,0,True,0,per_checkpoint
alpha05,121,0.05,18,self_attn.q_proj,128,E_ood,121,0,True,0,per_checkpoint
alpha05,26,0.1,18,self_attn.q_proj,128,E_ood,26,0,True,0,per_checkpoint
alpha05,402,0.01,18,self_attn.k_proj,128,E_ood,402,0,True,0,per_checkpoint
alpha05,230,0.025,18,self_attn.k_proj,128,E_ood,230,0,True,0,per_checkpoint
alpha05,116,0.05,18,self_attn.k_proj,128,E_ood,116,0,True,0,per_checkpoint
alpha05,40,0.1,18,self_attn.k_proj,128,E_ood,40,0,True,0,per_checkpoint
alpha05,729,0.01,18,self_attn.v_proj,128,E_ood,729,0,True,0,per_checkpoint
alpha05,572,0.025,18,self_attn.v_proj,128,E_ood,572,0,True,0,per_checkpoint
alpha05,431,0.05,18,self_attn.v_proj,128,E_ood,431,0,True,0,per_checkpoint
alpha05,278,0.1,18,self_attn.v_proj,128,E_ood,278,0,True,0,per_checkpoint
alpha05,1471,0.01,18,self_attn.o_proj,128,E_ood,1471,0,True,0,per_checkpoint
alpha05,1106,0.025,18,self_attn.o_proj,128,E_ood,1106,0,True,0,per_checkpoint
alpha05,811,0.05,18,self_attn.o_proj,128,E_ood,811,0,True,0,per_checkpoint
alpha05,518,0.1,18,self_attn.o_proj,128,E_ood,518,0,True,0,per_checkpoint
alpha05,1668,0.01,18,mlp.gate_proj,128,E_ood,1668,0,True,0,per_checkpoint
alpha05,1164,0.025,18,mlp.gate_proj,128,E_ood,1164,0,True,0,per_checkpoint
alpha05,732,0.05,18,mlp.gate_proj,128,E_ood,732,0,True,0,per_checkpoint
alpha05,328,0.1,18,mlp.gate_proj,128,E_ood,328,0,True,0,per_checkpoint
alpha05,2030,0.01,18,mlp.up_proj,128,E_ood,2030,0,True,0,per_checkpoint
alpha05,1656,0.025,18,mlp.up_proj,128,E_ood,1656,0,True,0,per_checkpoint
alpha05,1282,0.05,18,mlp.up_proj,128,E_ood,1282,0,True,0,per_checkpoint
alpha05,851,0.1,18,mlp.up_proj,128,E_ood,851,0,True,0,per_checkpoint
alpha05,2156,0.01,18,mlp.down_proj,128,E_ood,2156,0,True,0,per_checkpoint
alpha05,1847,0.025,18,mlp.down_proj,128,E_ood,1847,0,True,0,per_checkpoint
alpha05,1519,0.05,18,mlp.down_proj,128,E_ood,1519,0,True,0,per_checkpoint
alpha05,1115,0.1,18,mlp.down_proj,128,E_ood,1115,0,True,0,per_checkpoint
alpha05,686,0.01,18,self_attn.q_proj,128,E_ood,688,2,False,5,per_checkpoint
alpha05,319,0.025,18,self_attn.q_proj,128,E_ood,320,1,False,5,per_checkpoint
alpha05,121,0.05,18,self_attn.q_proj,128,E_ood,122,1,False,5,per_checkpoint
alpha05,26,0.1,18,self_attn.q_proj,128,E_ood,26,0,False,5,per_checkpoint
alpha05,402,0.01,18,self_attn.k_proj,128,E_ood,403,1,False,5,per_checkpoint
alpha05,230,0.025,18,self_attn.k_proj,128,E_ood,230,0,False,5,per_checkpoint
alpha05,116,0.05,18,self_attn.k_proj,128,E_ood,116,0,False,5,per_checkpoint
alpha05,40,0.1,18,self_attn.k_proj,128,E_ood,41,1,False,5,per_checkpoint
alpha05,729,0.01,18,self_attn.v_proj,128,E_ood,729,0,False,5,per_checkpoint
alpha05,572,0.025,18,self_attn.v_proj,128,E_ood,572,0,False,5,per_checkpoint
alpha05,431,0.05,18,self_attn.v_proj,128,E_ood,431,0,False,5,per_checkpoint
alpha05,278,0.1,18,self_attn.v_proj,128,E_ood,278,0,False,5,per_checkpoint
alpha05,1471,0.01,18,self_attn.o_proj,128,E_ood,1473,2,False,5,per_checkpoint
alpha05,1106,0.025,18,self_attn.o_proj,128,E_ood,1108,2,False,5,per_checkpoint
alpha05,811,0.05,18,self_attn.o_proj,128,E_ood,813,2,False,5,per_checkpoint
alpha05,518,0.1,18,self_attn.o_proj,128,E_ood,520,2,False,5,per_checkpoint
alpha05,1668,0.01,18,mlp.gate_proj,128,E_ood,1668,0,False,5,per_checkpoint
alpha05,1164,0.025,18,mlp.gate_proj,128,E_ood,1165,1,False,5,per_checkpoint
alpha05,732,0.05,18,mlp.gate_proj,128,E_ood,733,1,False,5,per_checkpoint
alpha05,328,0.1,18,mlp.gate_proj,128,E_ood,328,0,False,5,per_checkpoint
alpha05,2030,0.01,18,mlp.up_proj,128,E_ood,2030,0,False,5,per_checkpoint
alpha05,1656,0.025,18,mlp.up_proj,128,E_ood,1656,0,False,5,per_checkpoint
alpha05,1282,0.05,18,mlp.up_proj,128,E_ood,1282,0,False,5,per_checkpoint
alpha05,851,0.1,18,mlp.up_proj,128,E_ood,852,1,False,5,per_checkpoint
alpha05,2156,0.01,18,mlp.down_proj,128,E_ood,2156,0,False,5,per_checkpoint
alpha05,1847,0.025,18,mlp.down_proj,128,E_ood,1847,0,False,5,per_checkpoint
alpha05,1519,0.05,18,mlp.down_proj,128,E_ood,1519,0,False,5,per_checkpoint
alpha05,1115,0.1,18,mlp.down_proj,128,E_ood,1114,-1,False,5,per_checkpoint
alpha05,686,0.01,18,self_attn.q_proj,128,E_ood,688,2,False,20,per_checkpoint
alpha05,319,0.025,18,self_attn.q_proj,128,E_ood,321,2,False,20,per_checkpoint
alpha05,121,0.05,18,self_attn.q_proj,128,E_ood,123,2,False,20,per_checkpoint
alpha05,26,0.1,18,self_attn.q_proj,128,E_ood,26,0,False,20,per_checkpoint
alpha05,402,0.01,18,self_attn.k_proj,128,E_ood,403,1,False,20,per_checkpoint
alpha05,230,0.025,18,self_attn.k_proj,128,E_ood,231,1,False,20,per_checkpoint
alpha05,116,0.05,18,self_attn.k_proj,128,E_ood,117,1,False,20,per_checkpoint
alpha05,40,0.1,18,self_attn.k_proj,128,E_ood,41,1,False,20,per_checkpoint
alpha05,729,0.01,18,self_attn.v_proj,128,E_ood,729,0,False,20,per_checkpoint
alpha05,572,0.025,18,self_attn.v_proj,128,E_ood,572,0,False,20,per_checkpoint
alpha05,431,0.05,18,self_attn.v_proj,128,E_ood,431,0,False,20,per_checkpoint
alpha05,278,0.1,18,self_attn.v_proj,128,E_ood,278,0,False,20,per_checkpoint
alpha05,1471,0.01,18,self_attn.o_proj,128,E_ood,1475,4,False,20,per_checkpoint
alpha05,1106,0.025,18,self_attn.o_proj,128,E_ood,1109,3,False,20,per_checkpoint
alpha05,811,0.05,18,self_attn.o_proj,128,E_ood,814,3,False,20,per_checkpoint
alpha05,518,0.1,18,self_attn.o_proj,128,E_ood,521,3,False,20,per_checkpoint
alpha05,1668,0.01,18,mlp.gate_proj,128,E_ood,1666,-2,False,20,per_checkpoint
alpha05,1164,0.025,18,mlp.gate_proj,128,E_ood,1163,-1,False,20,per_checkpoint
alpha05,732,0.05,18,mlp.gate_proj,128,E_ood,731,-1,False,20,per_checkpoint
alpha05,328,0.1,18,mlp.gate_proj,128,E_ood,327,-1,False,20,per_checkpoint
alpha05,2030,0.01,18,mlp.up_proj,128,E_ood,2029,-1,False,20,per_checkpoint
alpha05,1656,0.025,18,mlp.up_proj,128,E_ood,1656,0,False,20,per_checkpoint
alpha05,1282,0.05,18,mlp.up_proj,128,E_ood,1283,1,False,20,per_checkpoint
alpha05,851,0.1,18,mlp.up_proj,128,E_ood,852,1,False,20,per_checkpoint
alpha05,2156,0.01,18,mlp.down_proj,128,E_ood,2157,1,False,20,per_checkpoint
alpha05,1847,0.025,18,mlp.down_proj,128,E_ood,1849,2,False,20,per_checkpoint
alpha05,1519,0.05,18,mlp.down_proj,128,E_ood,1521,2,False,20,per_checkpoint
alpha05,1115,0.1,18,mlp.down_proj,128,E_ood,1117,2,False,20,per_checkpoint
alpha05,686,0.01,18,self_attn.q_proj,128,E_ood,683,-3,False,40,per_checkpoint
alpha05,319,0.025,18,self_attn.q_proj,128,E_ood,318,-1,False,40,per_checkpoint
alpha05,121,0.05,18,self_attn.q_proj,128,E_ood,121,0,False,40,per_checkpoint
alpha05,26,0.1,18,self_attn.q_proj,128,E_ood,26,0,False,40,per_checkpoint
alpha05,402,0.01,18,self_attn.k_proj,128,E_ood,401,-1,False,40,per_checkpoint
alpha05,230,0.025,18,self_attn.k_proj,128,E_ood,230,0,False,40,per_checkpoint
alpha05,116,0.05,18,self_attn.k_proj,128,E_ood,116,0,False,40,per_checkpoint
alpha05,40,0.1,18,self_attn.k_proj,128,E_ood,41,1,False,40,per_checkpoint
alpha05,729,0.01,18,self_attn.v_proj,128,E_ood,727,-2,False,40,per_checkpoint
alpha05,572,0.025,18,self_attn.v_proj,128,E_ood,569,-3,False,40,per_checkpoint
alpha05,431,0.05,18,self_attn.v_proj,128,E_ood,428,-3,False,40,per_checkpoint
alpha05,278,0.1,18,self_attn.v_proj,128,E_ood,275,-3,False,40,per_checkpoint
alpha05,1471,0.01,18,self_attn.o_proj,128,E_ood,1471,0,False,40,per_checkpoint
alpha05,1106,0.025,18,self_attn.o_proj,128,E_ood,1106,0,False,40,per_checkpoint
alpha05,811,0.05,18,self_attn.o_proj,128,E_ood,811,0,False,40,per_checkpoint
alpha05,518,0.1,18,self_attn.o_proj,128,E_ood,518,0,False,40,per_checkpoint
alpha05,1668,0.01,18,mlp.gate_proj,128,E_ood,1662,-6,False,40,per_checkpoint
alpha05,1164,0.025,18,mlp.gate_proj,128,E_ood,1158,-6,False,40,per_checkpoint
alpha05,732,0.05,18,mlp.gate_proj,128,E_ood,726,-6,False,40,per_checkpoint
alpha05,328,0.1,18,mlp.gate_proj,128,E_ood,323,-5,False,40,per_checkpoint
alpha05,2030,0.01,18,mlp.up_proj,128,E_ood,2027,-3,False,40,per_checkpoint
alpha05,1656,0.025,18,mlp.up_proj,128,E_ood,1652,-4,False,40,per_checkpoint
alpha05,1282,0.05,18,mlp.up_proj,128,E_ood,1279,-3,False,40,per_checkpoint
alpha05,851,0.1,18,mlp.up_proj,128,E_ood,849,-2,False,40,per_checkpoint
alpha05,2156,0.01,18,mlp.down_proj,128,E_ood,2156,0,False,40,per_checkpoint
alpha05,1847,0.025,18,mlp.down_proj,128,E_ood,1847,0,False,40,per_checkpoint
alpha05,1519,0.05,18,mlp.down_proj,128,E_ood,1519,0,False,40,per_checkpoint
alpha05,1115,0.1,18,mlp.down_proj,128,E_ood,1115,0,False,40,per_checkpoint
alpha05,686,0.01,18,self_attn.q_proj,128,E_ood,676,-10,False,80,per_checkpoint
alpha05,319,0.025,18,self_attn.q_proj,128,E_ood,313,-6,False,80,per_checkpoint
alpha05,121,0.05,18,self_attn.q_proj,128,E_ood,119,-2,False,80,per_checkpoint
alpha05,26,0.1,18,self_attn.q_proj,128,E_ood,25,-1,False,80,per_checkpoint
alpha05,402,0.01,18,self_attn.k_proj,128,E_ood,400,-2,False,80,per_checkpoint
alpha05,230,0.025,18,self_attn.k_proj,128,E_ood,229,-1,False,80,per_checkpoint
alpha05,116,0.05,18,self_attn.k_proj,128,E_ood,116,0,False,80,per_checkpoint
alpha05,40,0.1,18,self_attn.k_proj,128,E_ood,41,1,False,80,per_checkpoint
alpha05,729,0.01,18,self_attn.v_proj,128,E_ood,725,-4,False,80,per_checkpoint
alpha05,572,0.025,18,self_attn.v_proj,128,E_ood,567,-5,False,80,per_checkpoint
alpha05,431,0.05,18,self_attn.v_proj,128,E_ood,426,-5,False,80,per_checkpoint
alpha05,278,0.1,18,self_attn.v_proj,128,E_ood,273,-5,False,80,per_checkpoint
alpha05,1471,0.01,18,self_attn.o_proj,128,E_ood,1469,-2,False,80,per_checkpoint
alpha05,1106,0.025,18,self_attn.o_proj,128,E_ood,1104,-2,False,80,per_checkpoint
alpha05,811,0.05,18,self_attn.o_proj,128,E_ood,809,-2,False,80,per_checkpoint
alpha05,518,0.1,18,self_attn.o_proj,128,E_ood,517,-1,False,80,per_checkpoint
alpha05,1668,0.01,18,mlp.gate_proj,128,E_ood,1660,-8,False,80,per_checkpoint
alpha05,1164,0.025,18,mlp.gate_proj,128,E_ood,1156,-8,False,80,per_checkpoint
alpha05,732,0.05,18,mlp.gate_proj,128,E_ood,724,-8,False,80,per_checkpoint
alpha05,328,0.1,18,mlp.gate_proj,128,E_ood,322,-6,False,80,per_checkpoint
alpha05,2030,0.01,18,mlp.up_proj,128,E_ood,2025,-5,False,80,per_checkpoint
alpha05,1656,0.025,18,mlp.up_proj,128,E_ood,1650,-6,False,80,per_checkpoint
alpha05,1282,0.05,18,mlp.up_proj,128,E_ood,1276,-6,False,80,per_checkpoint
alpha05,851,0.1,18,mlp.up_proj,128,E_ood,846,-5,False,80,per_checkpoint
alpha05,2156,0.01,18,mlp.down_proj,128,E_ood,2155,-1,False,80,per_checkpoint
alpha05,1847,0.025,18,mlp.down_proj,128,E_ood,1845,-2,False,80,per_checkpoint
alpha05,1519,0.05,18,mlp.down_proj,128,E_ood,1517,-2,False,80,per_checkpoint
alpha05,1115,0.1,18,mlp.down_proj,128,E_ood,1112,-3,False,80,per_checkpoint
alpha05,686,0.01,18,self_attn.q_proj,128,E_ood,659,-27,False,160,per_checkpoint
alpha05,319,0.025,18,self_attn.q_proj,128,E_ood,299,-20,False,160,per_checkpoint
alpha05,121,0.05,18,self_attn.q_proj,128,E_ood,111,-10,False,160,per_checkpoint
alpha05,26,0.1,18,self_attn.q_proj,128,E_ood,23,-3,False,160,per_checkpoint
alpha05,402,0.01,18,self_attn.k_proj,128,E_ood,395,-7,False,160,per_checkpoint
alpha05,230,0.025,18,self_attn.k_proj,128,E_ood,224,-6,False,160,per_checkpoint
alpha05,116,0.05,18,self_attn.k_proj,128,E_ood,113,-3,False,160,per_checkpoint
alpha05,40,0.1,18,self_attn.k_proj,128,E_ood,40,0,False,160,per_checkpoint
alpha05,729,0.01,18,self_attn.v_proj,128,E_ood,720,-9,False,160,per_checkpoint
alpha05,572,0.025,18,self_attn.v_proj,128,E_ood,561,-11,False,160,per_checkpoint
alpha05,431,0.05,18,self_attn.v_proj,128,E_ood,420,-11,False,160,per_checkpoint
alpha05,278,0.1,18,self_attn.v_proj,128,E_ood,267,-11,False,160,per_checkpoint
alpha05,1471,0.01,18,self_attn.o_proj,128,E_ood,1456,-15,False,160,per_checkpoint
alpha05,1106,0.025,18,self_attn.o_proj,128,E_ood,1090,-16,False,160,per_checkpoint
alpha05,811,0.05,18,self_attn.o_proj,128,E_ood,795,-16,False,160,per_checkpoint
alpha05,518,0.1,18,self_attn.o_proj,128,E_ood,504,-14,False,160,per_checkpoint
alpha05,1668,0.01,18,mlp.gate_proj,128,E_ood,1649,-19,False,160,per_checkpoint
alpha05,1164,0.025,18,mlp.gate_proj,128,E_ood,1142,-22,False,160,per_checkpoint
alpha05,732,0.05,18,mlp.gate_proj,128,E_ood,710,-22,False,160,per_checkpoint
alpha05,328,0.1,18,mlp.gate_proj,128,E_ood,311,-17,False,160,per_checkpoint
alpha05,2030,0.01,18,mlp.up_proj,128,E_ood,2020,-10,False,160,per_checkpoint
alpha05,1656,0.025,18,mlp.up_proj,128,E_ood,1642,-14,False,160,per_checkpoint
alpha05,1282,0.05,18,mlp.up_proj,128,E_ood,1267,-15,False,160,per_checkpoint
alpha05,851,0.1,18,mlp.up_proj,128,E_ood,836,-15,False,160,per_checkpoint
alpha05,2156,0.01,18,mlp.down_proj,128,E_ood,2149,-7,False,160,per_checkpoint
alpha05,1847,0.025,18,mlp.down_proj,128,E_ood,1836,-11,False,160,per_checkpoint
alpha05,1519,0.05,18,mlp.down_proj,128,E_ood,1506,-13,False,160,per_checkpoint
alpha05,1115,0.1,18,mlp.down_proj,128,E_ood,1099,-16,False,160,per_checkpoint
alpha05,686,0.01,18,self_attn.q_proj,128,E_ood,645,-41,False,320,per_checkpoint
alpha05,319,0.025,18,self_attn.q_proj,128,E_ood,289,-30,False,320,per_checkpoint
alpha05,121,0.05,18,self_attn.q_proj,128,E_ood,106,-15,False,320,per_checkpoint
alpha05,26,0.1,18,self_attn.q_proj,128,E_ood,21,-5,False,320,per_checkpoint
alpha05,402,0.01,18,self_attn.k_proj,128,E_ood,390,-12,False,320,per_checkpoint
alpha05,230,0.025,18,self_attn.k_proj,128,E_ood,220,-10,False,320,per_checkpoint
alpha05,116,0.05,18,self_attn.k_proj,128,E_ood,109,-7,False,320,per_checkpoint
alpha05,40,0.1,18,self_attn.k_proj,128,E_ood,38,-2,False,320,per_checkpoint
alpha05,729,0.01,18,self_attn.v_proj,128,E_ood,716,-13,False,320,per_checkpoint
alpha05,572,0.025,18,self_attn.v_proj,128,E_ood,556,-16,False,320,per_checkpoint
alpha05,431,0.05,18,self_attn.v_proj,128,E_ood,414,-17,False,320,per_checkpoint
alpha05,278,0.1,18,self_attn.v_proj,128,E_ood,261,-17,False,320,per_checkpoint
alpha05,1471,0.01,18,self_attn.o_proj,128,E_ood,1449,-22,False,320,per_checkpoint
alpha05,1106,0.025,18,self_attn.o_proj,128,E_ood,1082,-24,False,320,per_checkpoint
alpha05,811,0.05,18,self_attn.o_proj,128,E_ood,788,-23,False,320,per_checkpoint
alpha05,518,0.1,18,self_attn.o_proj,128,E_ood,498,-20,False,320,per_checkpoint
alpha05,1668,0.01,18,mlp.gate_proj,128,E_ood,1643,-25,False,320,per_checkpoint
alpha05,1164,0.025,18,mlp.gate_proj,128,E_ood,1134,-30,False,320,per_checkpoint
alpha05,732,0.05,18,mlp.gate_proj,128,E_ood,703,-29,False,320,per_checkpoint
alpha05,328,0.1,18,mlp.gate_proj,128,E_ood,306,-22,False,320,per_checkpoint
alpha05,2030,0.01,18,mlp.up_proj,128,E_ood,2017,-13,False,320,per_checkpoint
alpha05,1656,0.025,18,mlp.up_proj,128,E_ood,1638,-18,False,320,per_checkpoint
alpha05,1282,0.05,18,mlp.up_proj,128,E_ood,1261,-21,False,320,per_checkpoint
alpha05,851,0.1,18,mlp.up_proj,128,E_ood,831,-20,False,320,per_checkpoint
alpha05,2156,0.01,18,mlp.down_proj,128,E_ood,2146,-10,False,320,per_checkpoint
alpha05,1847,0.025,18,mlp.down_proj,128,E_ood,1831,-16,False,320,per_checkpoint
alpha05,1519,0.05,18,mlp.down_proj,128,E_ood,1499,-20,False,320,per_checkpoint
alpha05,1115,0.1,18,mlp.down_proj,128,E_ood,1092,-23,False,320,per_checkpoint
alpha05,525,0.01,18,self_attn.q_proj,541,E_if,525,0,True,0,per_checkpoint
alpha05,210,0.025,18,self_attn.q_proj,541,E_if,210,0,True,0,per_checkpoint
alpha05,70,0.05,18,self_attn.q_proj,541,E_if,70,0,True,0,per_checkpoint
alpha05,11,0.1,18,self_attn.q_proj,541,E_if,11,0,True,0,per_checkpoint
alpha05,273,0.01,18,self_attn.k_proj,541,E_if,273,0,True,0,per_checkpoint
alpha05,123,0.025,18,self_attn.k_proj,541,E_if,123,0,True,0,per_checkpoint
alpha05,50,0.05,18,self_attn.k_proj,541,E_if,50,0,True,0,per_checkpoint
alpha05,16,0.1,18,self_attn.k_proj,541,E_if,16,0,True,0,per_checkpoint
alpha05,589,0.01,18,self_attn.v_proj,541,E_if,589,0,True,0,per_checkpoint
alpha05,404,0.025,18,self_attn.v_proj,541,E_if,404,0,True,0,per_checkpoint
alpha05,253,0.05,18,self_attn.v_proj,541,E_if,253,0,True,0,per_checkpoint
alpha05,116,0.1,18,self_attn.v_proj,541,E_if,116,0,True,0,per_checkpoint
alpha05,1349,0.01,18,self_attn.o_proj,541,E_if,1349,0,True,0,per_checkpoint
alpha05,971,0.025,18,self_attn.o_proj,541,E_if,971,0,True,0,per_checkpoint
alpha05,673,0.05,18,self_attn.o_proj,541,E_if,673,0,True,0,per_checkpoint
alpha05,388,0.1,18,self_attn.o_proj,541,E_if,388,0,True,0,per_checkpoint
alpha05,1529,0.01,18,mlp.gate_proj,541,E_if,1529,0,True,0,per_checkpoint
alpha05,1006,0.025,18,mlp.gate_proj,541,E_if,1006,0,True,0,per_checkpoint
alpha05,584,0.05,18,mlp.gate_proj,541,E_if,584,0,True,0,per_checkpoint
alpha05,228,0.1,18,mlp.gate_proj,541,E_if,228,0,True,0,per_checkpoint
alpha05,1934,0.01,18,mlp.up_proj,541,E_if,1934,0,True,0,per_checkpoint
alpha05,1522,0.025,18,mlp.up_proj,541,E_if,1522,0,True,0,per_checkpoint
alpha05,1128,0.05,18,mlp.up_proj,541,E_if,1128,0,True,0,per_checkpoint
alpha05,696,0.1,18,mlp.up_proj,541,E_if,696,0,True,0,per_checkpoint
alpha05,2024,0.01,18,mlp.down_proj,541,E_if,2024,0,True,0,per_checkpoint
alpha05,1649,0.025,18,mlp.down_proj,541,E_if,1649,0,True,0,per_checkpoint
alpha05,1274,0.05,18,mlp.down_proj,541,E_if,1274,0,True,0,per_checkpoint
alpha05,839,0.1,18,mlp.down_proj,541,E_if,839,0,True,0,per_checkpoint
alpha05,525,0.01,18,self_attn.q_proj,541,E_if,526,1,False,5,per_checkpoint
alpha05,210,0.025,18,self_attn.q_proj,541,E_if,210,0,False,5,per_checkpoint
alpha05,70,0.05,18,self_attn.q_proj,541,E_if,70,0,False,5,per_checkpoint
alpha05,11,0.1,18,self_attn.q_proj,541,E_if,11,0,False,5,per_checkpoint
alpha05,273,0.01,18,self_attn.k_proj,541,E_if,272,-1,False,5,per_checkpoint
alpha05,123,0.025,18,self_attn.k_proj,541,E_if,123,0,False,5,per_checkpoint
alpha05,50,0.05,18,self_attn.k_proj,541,E_if,50,0,False,5,per_checkpoint
alpha05,16,0.1,18,self_attn.k_proj,541,E_if,16,0,False,5,per_checkpoint
alpha05,589,0.01,18,self_attn.v_proj,541,E_if,589,0,False,5,per_checkpoint
alpha05,404,0.025,18,self_attn.v_proj,541,E_if,403,-1,False,5,per_checkpoint
alpha05,253,0.05,18,self_attn.v_proj,541,E_if,253,0,False,5,per_checkpoint
alpha05,116,0.1,18,self_attn.v_proj,541,E_if,116,0,False,5,per_checkpoint
alpha05,1349,0.01,18,self_attn.o_proj,541,E_if,1349,0,False,5,per_checkpoint
alpha05,971,0.025,18,self_attn.o_proj,541,E_if,972,1,False,5,per_checkpoint
alpha05,673,0.05,18,self_attn.o_proj,541,E_if,674,1,False,5,per_checkpoint
alpha05,388,0.1,18,self_attn.o_proj,541,E_if,389,1,False,5,per_checkpoint
alpha05,1529,0.01,18,mlp.gate_proj,541,E_if,1528,-1,False,5,per_checkpoint
alpha05,1006,0.025,18,mlp.gate_proj,541,E_if,1004,-2,False,5,per_checkpoint
alpha05,584,0.05,18,mlp.gate_proj,541,E_if,583,-1,False,5,per_checkpoint
alpha05,228,0.1,18,mlp.gate_proj,541,E_if,227,-1,False,5,per_checkpoint
alpha05,1934,0.01,18,mlp.up_proj,541,E_if,1934,0,False,5,per_checkpoint
alpha05,1522,0.025,18,mlp.up_proj,541,E_if,1522,0,False,5,per_checkpoint
alpha05,1128,0.05,18,mlp.up_proj,541,E_if,1128,0,False,5,per_checkpoint
alpha05,696,0.1,18,mlp.up_proj,541,E_if,696,0,False,5,per_checkpoint
alpha05,2024,0.01,18,mlp.down_proj,541,E_if,2024,0,False,5,per_checkpoint
alpha05,1649,0.025,18,mlp.down_proj,541,E_if,1649,0,False,5,per_checkpoint
alpha05,1274,0.05,18,mlp.down_proj,541,E_if,1274,0,False,5,per_checkpoint
alpha05,839,0.1,18,mlp.down_proj,541,E_if,839,0,False,5,per_checkpoint
alpha05,525,0.01,18,self_attn.q_proj,541,E_if,530,5,False,20,per_checkpoint
alpha05,210,0.025,18,self_attn.q_proj,541,E_if,213,3,False,20,per_checkpoint
alpha05,70,0.05,18,self_attn.q_proj,541,E_if,72,2,False,20,per_checkpoint
alpha05,11,0.1,18,self_attn.q_proj,541,E_if,12,1,False,20,per_checkpoint
alpha05,273,0.01,18,self_attn.k_proj,541,E_if,273,0,False,20,per_checkpoint
alpha05,123,0.025,18,self_attn.k_proj,541,E_if,124,1,False,20,per_checkpoint
alpha05,50,0.05,18,self_attn.k_proj,541,E_if,51,1,False,20,per_checkpoint
alpha05,16,0.1,18,self_attn.k_proj,541,E_if,16,0,False,20,per_checkpoint
alpha05,589,0.01,18,self_attn.v_proj,541,E_if,589,0,False,20,per_checkpoint
alpha05,404,0.025,18,self_attn.v_proj,541,E_if,404,0,False,20,per_checkpoint
alpha05,253,0.05,18,self_attn.v_proj,541,E_if,254,1,False,20,per_checkpoint
alpha05,116,0.1,18,self_attn.v_proj,541,E_if,117,1,False,20,per_checkpoint
alpha05,1349,0.01,18,self_attn.o_proj,541,E_if,1356,7,False,20,per_checkpoint
alpha05,971,0.025,18,self_attn.o_proj,541,E_if,978,7,False,20,per_checkpoint
alpha05,673,0.05,18,self_attn.o_proj,541,E_if,680,7,False,20,per_checkpoint
alpha05,388,0.1,18,self_attn.o_proj,541,E_if,395,7,False,20,per_checkpoint
alpha05,1529,0.01,18,mlp.gate_proj,541,E_if,1527,-2,False,20,per_checkpoint
alpha05,1006,0.025,18,mlp.gate_proj,541,E_if,1003,-3,False,20,per_checkpoint
alpha05,584,0.05,18,mlp.gate_proj,541,E_if,582,-2,False,20,per_checkpoint
alpha05,228,0.1,18,mlp.gate_proj,541,E_if,226,-2,False,20,per_checkpoint
alpha05,1934,0.01,18,mlp.up_proj,541,E_if,1934,0,False,20,per_checkpoint
alpha05,1522,0.025,18,mlp.up_proj,541,E_if,1522,0,False,20,per_checkpoint
alpha05,1128,0.05,18,mlp.up_proj,541,E_if,1129,1,False,20,per_checkpoint
alpha05,696,0.1,18,mlp.up_proj,541,E_if,697,1,False,20,per_checkpoint
alpha05,2024,0.01,18,mlp.down_proj,541,E_if,2026,2,False,20,per_checkpoint
alpha05,1649,0.025,18,mlp.down_proj,541,E_if,1653,4,False,20,per_checkpoint
alpha05,1274,0.05,18,mlp.down_proj,541,E_if,1279,5,False,20,per_checkpoint
alpha05,839,0.1,18,mlp.down_proj,541,E_if,844,5,False,20,per_checkpoint
alpha05,525,0.01,18,self_attn.q_proj,541,E_if,525,0,False,40,per_checkpoint
alpha05,210,0.025,18,self_attn.q_proj,541,E_if,211,1,False,40,per_checkpoint
alpha05,70,0.05,18,self_attn.q_proj,541,E_if,70,0,False,40,per_checkpoint
alpha05,11,0.1,18,self_attn.q_proj,541,E_if,11,0,False,40,per_checkpoint
alpha05,273,0.01,18,self_attn.k_proj,541,E_if,271,-2,False,40,per_checkpoint
alpha05,123,0.025,18,self_attn.k_proj,541,E_if,123,0,False,40,per_checkpoint
alpha05,50,0.05,18,self_attn.k_proj,541,E_if,50,0,False,40,per_checkpoint
alpha05,16,0.1,18,self_attn.k_proj,541,E_if,16,0,False,40,per_checkpoint
alpha05,589,0.01,18,self_attn.v_proj,541,E_if,586,-3,False,40,per_checkpoint
alpha05,404,0.025,18,self_attn.v_proj,541,E_if,401,-3,False,40,per_checkpoint
alpha05,253,0.05,18,self_attn.v_proj,541,E_if,251,-2,False,40,per_checkpoint
alpha05,116,0.1,18,self_attn.v_proj,541,E_if,115,-1,False,40,per_checkpoint
alpha05,1349,0.01,18,self_attn.o_proj,541,E_if,1350,1,False,40,per_checkpoint
alpha05,971,0.025,18,self_attn.o_proj,541,E_if,973,2,False,40,per_checkpoint
alpha05,673,0.05,18,self_attn.o_proj,541,E_if,675,2,False,40,per_checkpoint
alpha05,388,0.1,18,self_attn.o_proj,541,E_if,390,2,False,40,per_checkpoint
alpha05,1529,0.01,18,mlp.gate_proj,541,E_if,1519,-10,False,40,per_checkpoint
alpha05,1006,0.025,18,mlp.gate_proj,541,E_if,994,-12,False,40,per_checkpoint
alpha05,584,0.05,18,mlp.gate_proj,541,E_if,574,-10,False,40,per_checkpoint
alpha05,228,0.1,18,mlp.gate_proj,541,E_if,221,-7,False,40,per_checkpoint
alpha05,1934,0.01,18,mlp.up_proj,541,E_if,1929,-5,False,40,per_checkpoint
alpha05,1522,0.025,18,mlp.up_proj,541,E_if,1517,-5,False,40,per_checkpoint
alpha05,1128,0.05,18,mlp.up_proj,541,E_if,1123,-5,False,40,per_checkpoint
alpha05,696,0.1,18,mlp.up_proj,541,E_if,692,-4,False,40,per_checkpoint
alpha05,2024,0.01,18,mlp.down_proj,541,E_if,2022,-2,False,40,per_checkpoint
alpha05,1649,0.025,18,mlp.down_proj,541,E_if,1647,-2,False,40,per_checkpoint
alpha05,1274,0.05,18,mlp.down_proj,541,E_if,1272,-2,False,40,per_checkpoint
alpha05,839,0.1,18,mlp.down_proj,541,E_if,837,-2,False,40,per_checkpoint
alpha05,525,0.01,18,self_attn.q_proj,541,E_if,520,-5,False,80,per_checkpoint
alpha05,210,0.025,18,self_attn.q_proj,541,E_if,207,-3,False,80,per_checkpoint
alpha05,70,0.05,18,self_attn.q_proj,541,E_if,69,-1,False,80,per_checkpoint
alpha05,11,0.1,18,self_attn.q_proj,541,E_if,11,0,False,80,per_checkpoint
alpha05,273,0.01,18,self_attn.k_proj,541,E_if,270,-3,False,80,per_checkpoint
alpha05,123,0.025,18,self_attn.k_proj,541,E_if,122,-1,False,80,per_checkpoint
alpha05,50,0.05,18,self_attn.k_proj,541,E_if,50,0,False,80,per_checkpoint
alpha05,16,0.1,18,self_attn.k_proj,541,E_if,15,-1,False,80,per_checkpoint
alpha05,589,0.01,18,self_attn.v_proj,541,E_if,584,-5,False,80,per_checkpoint
alpha05,404,0.025,18,self_attn.v_proj,541,E_if,399,-5,False,80,per_checkpoint
alpha05,253,0.05,18,self_attn.v_proj,541,E_if,249,-4,False,80,per_checkpoint
alpha05,116,0.1,18,self_attn.v_proj,541,E_if,113,-3,False,80,per_checkpoint
alpha05,1349,0.01,18,self_attn.o_proj,541,E_if,1342,-7,False,80,per_checkpoint
alpha05,971,0.025,18,self_attn.o_proj,541,E_if,964,-7,False,80,per_checkpoint
alpha05,673,0.05,18,self_attn.o_proj,541,E_if,668,-5,False,80,per_checkpoint
alpha05,388,0.1,18,self_attn.o_proj,541,E_if,383,-5,False,80,per_checkpoint
alpha05,1529,0.01,18,mlp.gate_proj,541,E_if,1515,-14,False,80,per_checkpoint
alpha05,1006,0.025,18,mlp.gate_proj,541,E_if,990,-16,False,80,per_checkpoint
alpha05,584,0.05,18,mlp.gate_proj,541,E_if,570,-14,False,80,per_checkpoint
alpha05,228,0.1,18,mlp.gate_proj,541,E_if,219,-9,False,80,per_checkpoint
alpha05,1934,0.01,18,mlp.up_proj,541,E_if,1926,-8,False,80,per_checkpoint
alpha05,1522,0.025,18,mlp.up_proj,541,E_if,1513,-9,False,80,per_checkpoint
alpha05,1128,0.05,18,mlp.up_proj,541,E_if,1118,-10,False,80,per_checkpoint
alpha05,696,0.1,18,mlp.up_proj,541,E_if,687,-9,False,80,per_checkpoint
alpha05,2024,0.01,18,mlp.down_proj,541,E_if,2019,-5,False,80,per_checkpoint
alpha05,1649,0.025,18,mlp.down_proj,541,E_if,1643,-6,False,80,per_checkpoint
alpha05,1274,0.05,18,mlp.down_proj,541,E_if,1267,-7,False,80,per_checkpoint
alpha05,839,0.1,18,mlp.down_proj,541,E_if,832,-7,False,80,per_checkpoint
alpha05,525,0.01,18,self_attn.q_proj,541,E_if,511,-14,False,160,per_checkpoint
alpha05,210,0.025,18,self_attn.q_proj,541,E_if,202,-8,False,160,per_checkpoint
alpha05,70,0.05,18,self_attn.q_proj,541,E_if,66,-4,False,160,per_checkpoint
alpha05,11,0.1,18,self_attn.q_proj,541,E_if,10,-1,False,160,per_checkpoint
alpha05,273,0.01,18,self_attn.k_proj,541,E_if,267,-6,False,160,per_checkpoint
alpha05,123,0.025,18,self_attn.k_proj,541,E_if,120,-3,False,160,per_checkpoint
alpha05,50,0.05,18,self_attn.k_proj,541,E_if,49,-1,False,160,per_checkpoint
alpha05,16,0.1,18,self_attn.k_proj,541,E_if,15,-1,False,160,per_checkpoint
alpha05,589,0.01,18,self_attn.v_proj,541,E_if,581,-8,False,160,per_checkpoint
alpha05,404,0.025,18,self_attn.v_proj,541,E_if,396,-8,False,160,per_checkpoint
alpha05,253,0.05,18,self_attn.v_proj,541,E_if,246,-7,False,160,per_checkpoint
alpha05,116,0.1,18,self_attn.v_proj,541,E_if,111,-5,False,160,per_checkpoint
alpha05,1349,0.01,18,self_attn.o_proj,541,E_if,1333,-16,False,160,per_checkpoint
alpha05,971,0.025,18,self_attn.o_proj,541,E_if,956,-15,False,160,per_checkpoint
alpha05,673,0.05,18,self_attn.o_proj,541,E_if,659,-14,False,160,per_checkpoint
alpha05,388,0.1,18,self_attn.o_proj,541,E_if,376,-12,False,160,per_checkpoint
alpha05,1529,0.01,18,mlp.gate_proj,541,E_if,1511,-18,False,160,per_checkpoint
alpha05,1006,0.025,18,mlp.gate_proj,541,E_if,985,-21,False,160,per_checkpoint
alpha05,584,0.05,18,mlp.gate_proj,541,E_if,566,-18,False,160,per_checkpoint
alpha05,228,0.1,18,mlp.gate_proj,541,E_if,216,-12,False,160,per_checkpoint
alpha05,1934,0.01,18,mlp.up_proj,541,E_if,1923,-11,False,160,per_checkpoint
alpha05,1522,0.025,18,mlp.up_proj,541,E_if,1509,-13,False,160,per_checkpoint
alpha05,1128,0.05,18,mlp.up_proj,541,E_if,1114,-14,False,160,per_checkpoint
alpha05,696,0.1,18,mlp.up_proj,541,E_if,683,-13,False,160,per_checkpoint
alpha05,2024,0.01,18,mlp.down_proj,541,E_if,2014,-10,False,160,per_checkpoint
alpha05,1649,0.025,18,mlp.down_proj,541,E_if,1635,-14,False,160,per_checkpoint
alpha05,1274,0.05,18,mlp.down_proj,541,E_if,1258,-16,False,160,per_checkpoint
alpha05,839,0.1,18,mlp.down_proj,541,E_if,823,-16,False,160,per_checkpoint
alpha05,525,0.01,18,self_attn.q_proj,541,E_if,500,-25,False,320,per_checkpoint
alpha05,210,0.025,18,self_attn.q_proj,541,E_if,194,-16,False,320,per_checkpoint
alpha05,70,0.05,18,self_attn.q_proj,541,E_if,63,-7,False,320,per_checkpoint
alpha05,11,0.1,18,self_attn.q_proj,541,E_if,9,-2,False,320,per_checkpoint
alpha05,273,0.01,18,self_attn.k_proj,541,E_if,262,-11,False,320,per_checkpoint
alpha05,123,0.025,18,self_attn.k_proj,541,E_if,117,-6,False,320,per_checkpoint
alpha05,50,0.05,18,self_attn.k_proj,541,E_if,47,-3,False,320,per_checkpoint
alpha05,16,0.1,18,self_attn.k_proj,541,E_if,14,-2,False,320,per_checkpoint
alpha05,589,0.01,18,self_attn.v_proj,541,E_if,576,-13,False,320,per_checkpoint
alpha05,404,0.025,18,self_attn.v_proj,541,E_if,390,-14,False,320,per_checkpoint
alpha05,253,0.05,18,self_attn.v_proj,541,E_if,240,-13,False,320,per_checkpoint
alpha05,116,0.1,18,self_attn.v_proj,541,E_if,107,-9,False,320,per_checkpoint
alpha05,1349,0.01,18,self_attn.o_proj,541,E_if,1324,-25,False,320,per_checkpoint
alpha05,971,0.025,18,self_attn.o_proj,541,E_if,946,-25,False,320,per_checkpoint
alpha05,673,0.05,18,self_attn.o_proj,541,E_if,650,-23,False,320,per_checkpoint
alpha05,388,0.1,18,self_attn.o_proj,541,E_if,369,-19,False,320,per_checkpoint
alpha05,1529,0.01,18,mlp.gate_proj,541,E_if,1509,-20,False,320,per_checkpoint
alpha05,1006,0.025,18,mlp.gate_proj,541,E_if,984,-22,False,320,per_checkpoint
alpha05,584,0.05,18,mlp.gate_proj,541,E_if,565,-19,False,320,per_checkpoint
alpha05,228,0.1,18,mlp.gate_proj,541,E_if,216,-12,False,320,per_checkpoint
alpha05,1934,0.01,18,mlp.up_proj,541,E_if,1922,-12,False,320,per_checkpoint
alpha05,1522,0.025,18,mlp.up_proj,541,E_if,1507,-15,False,320,per_checkpoint
alpha05,1128,0.05,18,mlp.up_proj,541,E_if,1111,-17,False,320,per_checkpoint
alpha05,696,0.1,18,mlp.up_proj,541,E_if,680,-16,False,320,per_checkpoint
alpha05,2024,0.01,18,mlp.down_proj,541,E_if,2006,-18,False,320,per_checkpoint
alpha05,1649,0.025,18,mlp.down_proj,541,E_if,1624,-25,False,320,per_checkpoint
alpha05,1274,0.05,18,mlp.down_proj,541,E_if,1245,-29,False,320,per_checkpoint
alpha05,839,0.1,18,mlp.down_proj,541,E_if,809,-30,False,320,per_checkpoint
alpha05,728,0.01,18,self_attn.q_proj,128,E_general,728,0,True,0,per_checkpoint
alpha05,355,0.025,18,self_attn.q_proj,128,E_general,355,0,True,0,per_checkpoint
alpha05,144,0.05,18,self_attn.q_proj,128,E_general,144,0,True,0,per_checkpoint
alpha05,33,0.1,18,self_attn.q_proj,128,E_general,33,0,True,0,per_checkpoint
alpha05,400,0.01,18,self_attn.k_proj,128,E_general,400,0,True,0,per_checkpoint
alpha05,227,0.025,18,self_attn.k_proj,128,E_general,227,0,True,0,per_checkpoint
alpha05,113,0.05,18,self_attn.k_proj,128,E_general,113,0,True,0,per_checkpoint
alpha05,39,0.1,18,self_attn.k_proj,128,E_general,39,0,True,0,per_checkpoint
alpha05,731,0.01,18,self_attn.v_proj,128,E_general,731,0,True,0,per_checkpoint
alpha05,573,0.025,18,self_attn.v_proj,128,E_general,573,0,True,0,per_checkpoint
alpha05,431,0.05,18,self_attn.v_proj,128,E_general,431,0,True,0,per_checkpoint
alpha05,277,0.1,18,self_attn.v_proj,128,E_general,277,0,True,0,per_checkpoint
alpha05,1546,0.01,18,self_attn.o_proj,128,E_general,1546,0,True,0,per_checkpoint
alpha05,1186,0.025,18,self_attn.o_proj,128,E_general,1186,0,True,0,per_checkpoint
alpha05,890,0.05,18,self_attn.o_proj,128,E_general,890,0,True,0,per_checkpoint
alpha05,589,0.1,18,self_attn.o_proj,128,E_general,589,0,True,0,per_checkpoint
alpha05,1641,0.01,18,mlp.gate_proj,128,E_general,1641,0,True,0,per_checkpoint
alpha05,1133,0.025,18,mlp.gate_proj,128,E_general,1133,0,True,0,per_checkpoint
alpha05,701,0.05,18,mlp.gate_proj,128,E_general,701,0,True,0,per_checkpoint
alpha05,300,0.1,18,mlp.gate_proj,128,E_general,300,0,True,0,per_checkpoint
alpha05,2064,0.01,18,mlp.up_proj,128,E_general,2064,0,True,0,per_checkpoint
alpha05,1706,0.025,18,mlp.up_proj,128,E_general,1706,0,True,0,per_checkpoint
alpha05,1344,0.05,18,mlp.up_proj,128,E_general,1344,0,True,0,per_checkpoint
alpha05,921,0.1,18,mlp.up_proj,128,E_general,921,0,True,0,per_checkpoint
alpha05,2190,0.01,18,mlp.down_proj,128,E_general,2190,0,True,0,per_checkpoint
alpha05,1901,0.025,18,mlp.down_proj,128,E_general,1901,0,True,0,per_checkpoint
alpha05,1590,0.05,18,mlp.down_proj,128,E_general,1590,0,True,0,per_checkpoint
alpha05,1200,0.1,18,mlp.down_proj,128,E_general,1200,0,True,0,per_checkpoint
alpha05,728,0.01,18,self_attn.q_proj,128,E_general,727,-1,False,5,per_checkpoint
alpha05,355,0.025,18,self_attn.q_proj,128,E_general,354,-1,False,5,per_checkpoint
alpha05,144,0.05,18,self_attn.q_proj,128,E_general,144,0,False,5,per_checkpoint
alpha05,33,0.1,18,self_attn.q_proj,128,E_general,33,0,False,5,per_checkpoint
alpha05,400,0.01,18,self_attn.k_proj,128,E_general,399,-1,False,5,per_checkpoint
alpha05,227,0.025,18,self_attn.k_proj,128,E_general,226,-1,False,5,per_checkpoint
alpha05,113,0.05,18,self_attn.k_proj,128,E_general,113,0,False,5,per_checkpoint
alpha05,39,0.1,18,self_attn.k_proj,128,E_general,39,0,False,5,per_checkpoint
alpha05,731,0.01,18,self_attn.v_proj,128,E_general,731,0,False,5,per_checkpoint
alpha05,573,0.025,18,self_attn.v_proj,128,E_general,572,-1,False,5,per_checkpoint
alpha05,431,0.05,18,self_attn.v_proj,128,E_general,430,-1,False,5,per_checkpoint
alpha05,277,0.1,18,self_attn.v_proj,128,E_general,277,0,False,5,per_checkpoint
alpha05,1546,0.01,18,self_attn.o_proj,128,E_general,1546,0,False,5,per_checkpoint
alpha05,1186,0.025,18,self_attn.o_proj,128,E_general,1186,0,False,5,per_checkpoint
alpha05,890,0.05,18,self_attn.o_proj,128,E_general,890,0,False,5,per_checkpoint
alpha05,589,0.1,18,self_attn.o_proj,128,E_general,589,0,False,5,per_checkpoint
alpha05,1641,0.01,18,mlp.gate_proj,128,E_general,1639,-2,False,5,per_checkpoint
alpha05,1133,0.025,18,mlp.gate_proj,128,E_general,1131,-2,False,5,per_checkpoint
alpha05,701,0.05,18,mlp.gate_proj,128,E_general,699,-2,False,5,per_checkpoint
alpha05,300,0.1,18,mlp.gate_proj,128,E_general,298,-2,False,5,per_checkpoint
alpha05,2064,0.01,18,mlp.up_proj,128,E_general,2063,-1,False,5,per_checkpoint
alpha05,1706,0.025,18,mlp.up_proj,128,E_general,1705,-1,False,5,per_checkpoint
alpha05,1344,0.05,18,mlp.up_proj,128,E_general,1343,-1,False,5,per_checkpoint
alpha05,921,0.1,18,mlp.up_proj,128,E_general,919,-2,False,5,per_checkpoint
alpha05,2190,0.01,18,mlp.down_proj,128,E_general,2189,-1,False,5,per_checkpoint
alpha05,1901,0.025,18,mlp.down_proj,128,E_general,1899,-2,False,5,per_checkpoint
alpha05,1590,0.05,18,mlp.down_proj,128,E_general,1589,-1,False,5,per_checkpoint
alpha05,1200,0.1,18,mlp.down_proj,128,E_general,1199,-1,False,5,per_checkpoint
alpha05,728,0.01,18,self_attn.q_proj,128,E_general,723,-5,False,20,per_checkpoint
alpha05,355,0.025,18,self_attn.q_proj,128,E_general,352,-3,False,20,per_checkpoint
alpha05,144,0.05,18,self_attn.q_proj,128,E_general,143,-1,False,20,per_checkpoint
alpha05,33,0.1,18,self_attn.q_proj,128,E_general,33,0,False,20,per_checkpoint
alpha05,400,0.01,18,self_attn.k_proj,128,E_general,399,-1,False,20,per_checkpoint
alpha05,227,0.025,18,self_attn.k_proj,128,E_general,226,-1,False,20,per_checkpoint
alpha05,113,0.05,18,self_attn.k_proj,128,E_general,113,0,False,20,per_checkpoint
alpha05,39,0.1,18,self_attn.k_proj,128,E_general,39,0,False,20,per_checkpoint
alpha05,731,0.01,18,self_attn.v_proj,128,E_general,730,-1,False,20,per_checkpoint
alpha05,573,0.025,18,self_attn.v_proj,128,E_general,571,-2,False,20,per_checkpoint
alpha05,431,0.05,18,self_attn.v_proj,128,E_general,429,-2,False,20,per_checkpoint
alpha05,277,0.1,18,self_attn.v_proj,128,E_general,276,-1,False,20,per_checkpoint
alpha05,1546,0.01,18,self_attn.o_proj,128,E_general,1545,-1,False,20,per_checkpoint
alpha05,1186,0.025,18,self_attn.o_proj,128,E_general,1185,-1,False,20,per_checkpoint
alpha05,890,0.05,18,self_attn.o_proj,128,E_general,888,-2,False,20,per_checkpoint
alpha05,589,0.1,18,self_attn.o_proj,128,E_general,588,-1,False,20,per_checkpoint
alpha05,1641,0.01,18,mlp.gate_proj,128,E_general,1635,-6,False,20,per_checkpoint
alpha05,1133,0.025,18,mlp.gate_proj,128,E_general,1126,-7,False,20,per_checkpoint
alpha05,701,0.05,18,mlp.gate_proj,128,E_general,694,-7,False,20,per_checkpoint
alpha05,300,0.1,18,mlp.gate_proj,128,E_general,295,-5,False,20,per_checkpoint
alpha05,2064,0.01,18,mlp.up_proj,128,E_general,2061,-3,False,20,per_checkpoint
alpha05,1706,0.025,18,mlp.up_proj,128,E_general,1702,-4,False,20,per_checkpoint
alpha05,1344,0.05,18,mlp.up_proj,128,E_general,1340,-4,False,20,per_checkpoint
alpha05,921,0.1,18,mlp.up_proj,128,E_general,917,-4,False,20,per_checkpoint
alpha05,2190,0.01,18,mlp.down_proj,128,E_general,2189,-1,False,20,per_checkpoint
alpha05,1901,0.025,18,mlp.down_proj,128,E_general,1899,-2,False,20,per_checkpoint
alpha05,1590,0.05,18,mlp.down_proj,128,E_general,1588,-2,False,20,per_checkpoint
alpha05,1200,0.1,18,mlp.down_proj,128,E_general,1199,-1,False,20,per_checkpoint
alpha05,728,0.01,18,self_attn.q_proj,128,E_general,721,-7,False,40,per_checkpoint
alpha05,355,0.025,18,self_attn.q_proj,128,E_general,350,-5,False,40,per_checkpoint
alpha05,144,0.05,18,self_attn.q_proj,128,E_general,142,-2,False,40,per_checkpoint
alpha05,33,0.1,18,self_attn.q_proj,128,E_general,33,0,False,40,per_checkpoint
alpha05,400,0.01,18,self_attn.k_proj,128,E_general,398,-2,False,40,per_checkpoint
alpha05,227,0.025,18,self_attn.k_proj,128,E_general,226,-1,False,40,per_checkpoint
alpha05,113,0.05,18,self_attn.k_proj,128,E_general,113,0,False,40,per_checkpoint
alpha05,39,0.1,18,self_attn.k_proj,128,E_general,39,0,False,40,per_checkpoint
alpha05,731,0.01,18,self_attn.v_proj,128,E_general,729,-2,False,40,per_checkpoint
alpha05,573,0.025,18,self_attn.v_proj,128,E_general,570,-3,False,40,per_checkpoint
alpha05,431,0.05,18,self_attn.v_proj,128,E_general,428,-3,False,40,per_checkpoint
alpha05,277,0.1,18,self_attn.v_proj,128,E_general,274,-3,False,40,per_checkpoint
alpha05,1546,0.01,18,self_attn.o_proj,128,E_general,1543,-3,False,40,per_checkpoint
alpha05,1186,0.025,18,self_attn.o_proj,128,E_general,1183,-3,False,40,per_checkpoint
alpha05,890,0.05,18,self_attn.o_proj,128,E_general,887,-3,False,40,per_checkpoint
alpha05,589,0.1,18,self_attn.o_proj,128,E_general,586,-3,False,40,per_checkpoint
alpha05,1641,0.01,18,mlp.gate_proj,128,E_general,1633,-8,False,40,per_checkpoint
alpha05,1133,0.025,18,mlp.gate_proj,128,E_general,1124,-9,False,40,per_checkpoint
alpha05,701,0.05,18,mlp.gate_proj,128,E_general,692,-9,False,40,per_checkpoint
alpha05,300,0.1,18,mlp.gate_proj,128,E_general,294,-6,False,40,per_checkpoint
alpha05,2064,0.01,18,mlp.up_proj,128,E_general,2060,-4,False,40,per_checkpoint
alpha05,1706,0.025,18,mlp.up_proj,128,E_general,1701,-5,False,40,per_checkpoint
alpha05,1344,0.05,18,mlp.up_proj,128,E_general,1338,-6,False,40,per_checkpoint
alpha05,921,0.1,18,mlp.up_proj,128,E_general,915,-6,False,40,per_checkpoint
alpha05,2190,0.01,18,mlp.down_proj,128,E_general,2188,-2,False,40,per_checkpoint
alpha05,1901,0.025,18,mlp.down_proj,128,E_general,1898,-3,False,40,per_checkpoint
alpha05,1590,0.05,18,mlp.down_proj,128,E_general,1586,-4,False,40,per_checkpoint
alpha05,1200,0.1,18,mlp.down_proj,128,E_general,1196,-4,False,40,per_checkpoint
alpha05,728,0.01,18,self_attn.q_proj,128,E_general,716,-12,False,80,per_checkpoint
alpha05,355,0.025,18,self_attn.q_proj,128,E_general,346,-9,False,80,per_checkpoint
alpha05,144,0.05,18,self_attn.q_proj,128,E_general,140,-4,False,80,per_checkpoint
alpha05,33,0.1,18,self_attn.q_proj,128,E_general,32,-1,False,80,per_checkpoint
alpha05,400,0.01,18,self_attn.k_proj,128,E_general,397,-3,False,80,per_checkpoint
alpha05,227,0.025,18,self_attn.k_proj,128,E_general,225,-2,False,80,per_checkpoint
alpha05,113,0.05,18,self_attn.k_proj,128,E_general,112,-1,False,80,per_checkpoint
alpha05,39,0.1,18,self_attn.k_proj,128,E_general,39,0,False,80,per_checkpoint
alpha05,731,0.01,18,self_attn.v_proj,128,E_general,728,-3,False,80,per_checkpoint
alpha05,573,0.025,18,self_attn.v_proj,128,E_general,569,-4,False,80,per_checkpoint
alpha05,431,0.05,18,self_attn.v_proj,128,E_general,426,-5,False,80,per_checkpoint
alpha05,277,0.1,18,self_attn.v_proj,128,E_general,273,-4,False,80,per_checkpoint
alpha05,1546,0.01,18,self_attn.o_proj,128,E_general,1541,-5,False,80,per_checkpoint
alpha05,1186,0.025,18,self_attn.o_proj,128,E_general,1181,-5,False,80,per_checkpoint
alpha05,890,0.05,18,self_attn.o_proj,128,E_general,885,-5,False,80,per_checkpoint
alpha05,589,0.1,18,self_attn.o_proj,128,E_general,585,-4,False,80,per_checkpoint
alpha05,1641,0.01,18,mlp.gate_proj,128,E_general,1633,-8,False,80,per_checkpoint
alpha05,1133,0.025,18,mlp.gate_proj,128,E_general,1123,-10,False,80,per_checkpoint
alpha05,701,0.05,18,mlp.gate_proj,128,E_general,692,-9,False,80,per_checkpoint
alpha05,300,0.1,18,mlp.gate_proj,128,E_general,293,-7,False,80,per_checkpoint
alpha05,2064,0.01,18,mlp.up_proj,128,E_general,2060,-4,False,80,per_checkpoint
alpha05,1706,0.025,18,mlp.up_proj,128,E_general,1701,-5,False,80,per_checkpoint
alpha05,1344,0.05,18,mlp.up_proj,128,E_general,1338,-6,False,80,per_checkpoint
alpha05,921,0.1,18,mlp.up_proj,128,E_general,914,-7,False,80,per_checkpoint
alpha05,2190,0.01,18,mlp.down_proj,128,E_general,2187,-3,False,80,per_checkpoint
alpha05,1901,0.025,18,mlp.down_proj,128,E_general,1896,-5,False,80,per_checkpoint
alpha05,1590,0.05,18,mlp.down_proj,128,E_general,1584,-6,False,80,per_checkpoint
alpha05,1200,0.1,18,mlp.down_proj,128,E_general,1194,-6,False,80,per_checkpoint
alpha05,728,0.01,18,self_attn.q_proj,128,E_general,709,-19,False,160,per_checkpoint
alpha05,355,0.025,18,self_attn.q_proj,128,E_general,340,-15,False,160,per_checkpoint
alpha05,144,0.05,18,self_attn.q_proj,128,E_general,136,-8,False,160,per_checkpoint
alpha05,33,0.1,18,self_attn.q_proj,128,E_general,30,-3,False,160,per_checkpoint
alpha05,400,0.01,18,self_attn.k_proj,128,E_general,395,-5,False,160,per_checkpoint
alpha05,227,0.025,18,self_attn.k_proj,128,E_general,223,-4,False,160,per_checkpoint
alpha05,113,0.05,18,self_attn.k_proj,128,E_general,111,-2,False,160,per_checkpoint
alpha05,39,0.1,18,self_attn.k_proj,128,E_general,38,-1,False,160,per_checkpoint
alpha05,731,0.01,18,self_attn.v_proj,128,E_general,726,-5,False,160,per_checkpoint
alpha05,573,0.025,18,self_attn.v_proj,128,E_general,566,-7,False,160,per_checkpoint
alpha05,431,0.05,18,self_attn.v_proj,128,E_general,423,-8,False,160,per_checkpoint
alpha05,277,0.1,18,self_attn.v_proj,128,E_general,270,-7,False,160,per_checkpoint
alpha05,1546,0.01,18,self_attn.o_proj,128,E_general,1536,-10,False,160,per_checkpoint
alpha05,1186,0.025,18,self_attn.o_proj,128,E_general,1176,-10,False,160,per_checkpoint
alpha05,890,0.05,18,self_attn.o_proj,128,E_general,880,-10,False,160,per_checkpoint
alpha05,589,0.1,18,self_attn.o_proj,128,E_general,580,-9,False,160,per_checkpoint
alpha05,1641,0.01,18,mlp.gate_proj,128,E_general,1632,-9,False,160,per_checkpoint
alpha05,1133,0.025,18,mlp.gate_proj,128,E_general,1121,-12,False,160,per_checkpoint
alpha05,701,0.05,18,mlp.gate_proj,128,E_general,689,-12,False,160,per_checkpoint
alpha05,300,0.1,18,mlp.gate_proj,128,E_general,291,-9,False,160,per_checkpoint
alpha05,2064,0.01,18,mlp.up_proj,128,E_general,2060,-4,False,160,per_checkpoint
alpha05,1706,0.025,18,mlp.up_proj,128,E_general,1700,-6,False,160,per_checkpoint
alpha05,1344,0.05,18,mlp.up_proj,128,E_general,1338,-6,False,160,per_checkpoint
alpha05,921,0.1,18,mlp.up_proj,128,E_general,914,-7,False,160,per_checkpoint
alpha05,2190,0.01,18,mlp.down_proj,128,E_general,2185,-5,False,160,per_checkpoint
alpha05,1901,0.025,18,mlp.down_proj,128,E_general,1893,-8,False,160,per_checkpoint
alpha05,1590,0.05,18,mlp.down_proj,128,E_general,1581,-9,False,160,per_checkpoint
alpha05,1200,0.1,18,mlp.down_proj,128,E_general,1189,-11,False,160,per_checkpoint
alpha05,728,0.01,18,self_attn.q_proj,128,E_general,701,-27,False,320,per_checkpoint
alpha05,355,0.025,18,self_attn.q_proj,128,E_general,334,-21,False,320,per_checkpoint
alpha05,144,0.05,18,self_attn.q_proj,128,E_general,132,-12,False,320,per_checkpoint
alpha05,33,0.1,18,self_attn.q_proj,128,E_general,29,-4,False,320,per_checkpoint
alpha05,400,0.01,18,self_attn.k_proj,128,E_general,391,-9,False,320,per_checkpoint
alpha05,227,0.025,18,self_attn.k_proj,128,E_general,220,-7,False,320,per_checkpoint
alpha05,113,0.05,18,self_attn.k_proj,128,E_general,108,-5,False,320,per_checkpoint
alpha05,39,0.1,18,self_attn.k_proj,128,E_general,37,-2,False,320,per_checkpoint
alpha05,731,0.01,18,self_attn.v_proj,128,E_general,723,-8,False,320,per_checkpoint
alpha05,573,0.025,18,self_attn.v_proj,128,E_general,562,-11,False,320,per_checkpoint
alpha05,431,0.05,18,self_attn.v_proj,128,E_general,419,-12,False,320,per_checkpoint
alpha05,277,0.1,18,self_attn.v_proj,128,E_general,266,-11,False,320,per_checkpoint
alpha05,1546,0.01,18,self_attn.o_proj,128,E_general,1530,-16,False,320,per_checkpoint
alpha05,1186,0.025,18,self_attn.o_proj,128,E_general,1170,-16,False,320,per_checkpoint
alpha05,890,0.05,18,self_attn.o_proj,128,E_general,874,-16,False,320,per_checkpoint
alpha05,589,0.1,18,self_attn.o_proj,128,E_general,574,-15,False,320,per_checkpoint
alpha05,1641,0.01,18,mlp.gate_proj,128,E_general,1628,-13,False,320,per_checkpoint
alpha05,1133,0.025,18,mlp.gate_proj,128,E_general,1117,-16,False,320,per_checkpoint
alpha05,701,0.05,18,mlp.gate_proj,128,E_general,685,-16,False,320,per_checkpoint
alpha05,300,0.1,18,mlp.gate_proj,128,E_general,288,-12,False,320,per_checkpoint
alpha05,2064,0.01,18,mlp.up_proj,128,E_general,2059,-5,False,320,per_checkpoint
alpha05,1706,0.025,18,mlp.up_proj,128,E_general,1698,-8,False,320,per_checkpoint
alpha05,1344,0.05,18,mlp.up_proj,128,E_general,1335,-9,False,320,per_checkpoint
alpha05,921,0.1,18,mlp.up_proj,128,E_general,911,-10,False,320,per_checkpoint
alpha05,2190,0.01,18,mlp.down_proj,128,E_general,2182,-8,False,320,per_checkpoint
alpha05,1901,0.025,18,mlp.down_proj,128,E_general,1889,-12,False,320,per_checkpoint
alpha05,1590,0.05,18,mlp.down_proj,128,E_general,1575,-15,False,320,per_checkpoint
alpha05,1200,0.1,18,mlp.down_proj,128,E_general,1183,-17,False,320,per_checkpoint
