association_type,aggregation,model,arm,epsilon,feature,target,n_cells,pearson,spearman
within_model_arm,equal5_non_qk,llama,offkd,0.01,c_equal5,cumulative_kl_base_to_current,24,0.835443284257745,0.8810611210672619
within_model_arm,equal5_non_qk,llama,offkd,0.01,c_equal5,absolute_delta_nll_cumulative,24,0.7939444323138182,0.8084366357670483
within_model_arm,equal5_non_qk,llama,offkd,0.01,c_equal5,delta_nll_cumulative,24,-0.3717766346151141,-0.3744292325957119
within_model_arm,equal5_non_qk,llama,offkd,0.025,c_equal5,cumulative_kl_base_to_current,24,0.816781974517102,0.8539130434782608
within_model_arm,equal5_non_qk,llama,offkd,0.025,c_equal5,absolute_delta_nll_cumulative,24,0.7721849278484169,0.7608695652173912
within_model_arm,equal5_non_qk,llama,offkd,0.025,c_equal5,delta_nll_cumulative,24,-0.24593427447918093,-0.34956521739130436
within_model_arm,equal5_non_qk,llama,offkd,0.05,c_equal5,cumulative_kl_base_to_current,24,0.8098030057997293,0.8906284185319606
within_model_arm,equal5_non_qk,llama,offkd,0.05,c_equal5,absolute_delta_nll_cumulative,24,0.7693209033770525,0.8075668814520758
within_model_arm,equal5_non_qk,llama,offkd,0.05,c_equal5,delta_nll_cumulative,24,-0.18300746756405442,-0.2500543655546276
within_model_arm,equal5_non_qk,llama,offkd,0.1,c_equal5,cumulative_kl_base_to_current,24,0.8147255790048047,0.8723635779175358
within_model_arm,equal5_non_qk,llama,offkd,0.1,c_equal5,absolute_delta_nll_cumulative,24,0.7741253736097106,0.7919113037825687
within_model_arm,equal5_non_qk,llama,offkd,0.1,c_equal5,delta_nll_cumulative,24,-0.21192593196697243,-0.2648401889091621
within_model_arm,equal5_non_qk,llama,opd,0.01,c_equal5,cumulative_kl_base_to_current,24,0.9452154825357206,0.9417391304347826
within_model_arm,equal5_non_qk,llama,opd,0.01,c_equal5,absolute_delta_nll_cumulative,24,0.9502238176292882,0.9452173913043478
within_model_arm,equal5_non_qk,llama,opd,0.01,c_equal5,delta_nll_cumulative,24,0.8073428951578063,0.8104347826086956
within_model_arm,equal5_non_qk,llama,opd,0.025,c_equal5,cumulative_kl_base_to_current,24,0.9412386338486292,0.9417391304347826
within_model_arm,equal5_non_qk,llama,opd,0.025,c_equal5,absolute_delta_nll_cumulative,24,0.9555576993991503,0.9399999999999998
within_model_arm,equal5_non_qk,llama,opd,0.025,c_equal5,delta_nll_cumulative,24,0.8260161060630966,0.8313043478260868
within_model_arm,equal5_non_qk,llama,opd,0.05,c_equal5,cumulative_kl_base_to_current,24,0.92642818648431,0.946086956521739
within_model_arm,equal5_non_qk,llama,opd,0.05,c_equal5,absolute_delta_nll_cumulative,24,0.9516856165079537,0.9539130434782607
within_model_arm,equal5_non_qk,llama,opd,0.05,c_equal5,delta_nll_cumulative,24,0.8213351569280383,0.8443478260869565
within_model_arm,equal5_non_qk,llama,opd,0.1,c_equal5,cumulative_kl_base_to_current,24,0.9151656715711839,0.9217391304347825
within_model_arm,equal5_non_qk,llama,opd,0.1,c_equal5,absolute_delta_nll_cumulative,24,0.9439906756506327,0.9269565217391305
within_model_arm,equal5_non_qk,llama,opd,0.1,c_equal5,delta_nll_cumulative,24,0.8147093948082308,0.826086956521739
within_model_arm,equal5_non_qk,llama,seqkd,0.01,c_equal5,cumulative_kl_base_to_current,24,0.5812364847418766,0.5834782608695652
within_model_arm,equal5_non_qk,llama,seqkd,0.01,c_equal5,absolute_delta_nll_cumulative,24,0.5683566233413494,0.5208695652173913
within_model_arm,equal5_non_qk,llama,seqkd,0.01,c_equal5,delta_nll_cumulative,24,-0.039241834969251384,-0.10782608695652172
within_model_arm,equal5_non_qk,llama,seqkd,0.025,c_equal5,cumulative_kl_base_to_current,24,0.5783389058877078,0.5895652173913043
within_model_arm,equal5_non_qk,llama,seqkd,0.025,c_equal5,absolute_delta_nll_cumulative,24,0.5761322835145999,0.5295652173913042
within_model_arm,equal5_non_qk,llama,seqkd,0.025,c_equal5,delta_nll_cumulative,24,0.023945275928915145,-0.07913043478260869
within_model_arm,equal5_non_qk,llama,seqkd,0.05,c_equal5,cumulative_kl_base_to_current,24,0.6074340956525124,0.6799999999999999
within_model_arm,equal5_non_qk,llama,seqkd,0.05,c_equal5,absolute_delta_nll_cumulative,24,0.6113603687591994,0.6191304347826087
within_model_arm,equal5_non_qk,llama,seqkd,0.05,c_equal5,delta_nll_cumulative,24,0.07516671307480824,-0.03304347826086956
within_model_arm,equal5_non_qk,llama,seqkd,0.1,c_equal5,cumulative_kl_base_to_current,24,0.6220000864309667,0.7026086956521739
within_model_arm,equal5_non_qk,llama,seqkd,0.1,c_equal5,absolute_delta_nll_cumulative,24,0.6186989196931519,0.6278260869565216
within_model_arm,equal5_non_qk,llama,seqkd,0.1,c_equal5,delta_nll_cumulative,24,0.025912535028829,-0.04608695652173912
within_model_arm,equal5_non_qk,llama,sft,0.01,c_equal5,cumulative_kl_base_to_current,24,0.9599751568794899,0.9504347826086955
within_model_arm,equal5_non_qk,llama,sft,0.01,c_equal5,absolute_delta_nll_cumulative,24,0.8832150520624235,0.9086956521739129
within_model_arm,equal5_non_qk,llama,sft,0.01,c_equal5,delta_nll_cumulative,24,0.16103402128981115,0.09304347826086956
within_model_arm,equal5_non_qk,llama,sft,0.025,c_equal5,cumulative_kl_base_to_current,24,0.9696540034217395,0.9521739130434782
within_model_arm,equal5_non_qk,llama,sft,0.025,c_equal5,absolute_delta_nll_cumulative,24,0.8951459827461081,0.9008695652173913
within_model_arm,equal5_non_qk,llama,sft,0.025,c_equal5,delta_nll_cumulative,24,0.22150612075941228,0.09478260869565217
within_model_arm,equal5_non_qk,llama,sft,0.05,c_equal5,cumulative_kl_base_to_current,24,0.9682744989331237,0.957391304347826
within_model_arm,equal5_non_qk,llama,sft,0.05,c_equal5,absolute_delta_nll_cumulative,24,0.8993154986277185,0.9069565217391303
within_model_arm,equal5_non_qk,llama,sft,0.05,c_equal5,delta_nll_cumulative,24,0.270816353316241,0.14782608695652172
within_model_arm,equal5_non_qk,llama,sft,0.1,c_equal5,cumulative_kl_base_to_current,24,0.9593378095157464,0.9530434782608694
within_model_arm,equal5_non_qk,llama,sft,0.1,c_equal5,absolute_delta_nll_cumulative,24,0.8838887497987674,0.9008695652173913
within_model_arm,equal5_non_qk,llama,sft,0.1,c_equal5,delta_nll_cumulative,24,0.2673714560837136,0.15826086956521737
within_model_arm,equal5_non_qk,qwen,offkd,0.01,c_equal5,cumulative_kl_base_to_current,72,0.8228307171851121,0.8187902187902186
within_model_arm,equal5_non_qk,qwen,offkd,0.01,c_equal5,absolute_delta_nll_cumulative,72,0.8001196722628269,0.7637065637065636
within_model_arm,equal5_non_qk,qwen,offkd,0.01,c_equal5,delta_nll_cumulative,72,0.7360523919691014,0.8015444015444013
within_model_arm,equal5_non_qk,qwen,offkd,0.025,c_equal5,cumulative_kl_base_to_current,72,0.831523196630873,0.8138996138996138
within_model_arm,equal5_non_qk,qwen,offkd,0.025,c_equal5,absolute_delta_nll_cumulative,72,0.8091781495775402,0.7585585585585585
within_model_arm,equal5_non_qk,qwen,offkd,0.025,c_equal5,delta_nll_cumulative,72,0.7452961727292899,0.8149292149292148
within_model_arm,equal5_non_qk,qwen,offkd,0.05,c_equal5,cumulative_kl_base_to_current,72,0.829209256992613,0.8198198198198198
within_model_arm,equal5_non_qk,qwen,offkd,0.05,c_equal5,absolute_delta_nll_cumulative,72,0.8056640018016819,0.7683397683397681
within_model_arm,equal5_non_qk,qwen,offkd,0.05,c_equal5,delta_nll_cumulative,72,0.7499924925905276,0.8223938223938223
within_model_arm,equal5_non_qk,qwen,offkd,0.1,c_equal5,cumulative_kl_base_to_current,72,0.8293561701556282,0.8123552123552122
within_model_arm,equal5_non_qk,qwen,offkd,0.1,c_equal5,absolute_delta_nll_cumulative,72,0.8185780274050503,0.7662805662805663
within_model_arm,equal5_non_qk,qwen,offkd,0.1,c_equal5,delta_nll_cumulative,72,0.7469774519843743,0.8187902187902186
within_model_arm,equal5_non_qk,qwen,opd,0.01,c_equal5,cumulative_kl_base_to_current,72,0.7437343927888649,0.7873873873873872
within_model_arm,equal5_non_qk,qwen,opd,0.01,c_equal5,absolute_delta_nll_cumulative,72,0.7415024079439971,0.7315315315315315
within_model_arm,equal5_non_qk,qwen,opd,0.01,c_equal5,delta_nll_cumulative,72,0.5430000165006243,0.7078507078507078
within_model_arm,equal5_non_qk,qwen,opd,0.025,c_equal5,cumulative_kl_base_to_current,72,0.7568742762393103,0.7943371943371943
within_model_arm,equal5_non_qk,qwen,opd,0.025,c_equal5,absolute_delta_nll_cumulative,72,0.7471329177818451,0.7377091377091376
within_model_arm,equal5_non_qk,qwen,opd,0.025,c_equal5,delta_nll_cumulative,72,0.5588500537591403,0.7078507078507078
within_model_arm,equal5_non_qk,qwen,opd,0.05,c_equal5,cumulative_kl_base_to_current,72,0.7552859948610179,0.7984555984555983
within_model_arm,equal5_non_qk,qwen,opd,0.05,c_equal5,absolute_delta_nll_cumulative,72,0.7443308051933963,0.7462033462033462
within_model_arm,equal5_non_qk,qwen,opd,0.05,c_equal5,delta_nll_cumulative,72,0.5572130891654753,0.7117117117117117
within_model_arm,equal5_non_qk,qwen,opd,0.1,c_equal5,cumulative_kl_base_to_current,72,0.7464258300309927,0.790990990990991
within_model_arm,equal5_non_qk,qwen,opd,0.1,c_equal5,absolute_delta_nll_cumulative,72,0.7381662466774139,0.7343629343629342
within_model_arm,equal5_non_qk,qwen,opd,0.1,c_equal5,delta_nll_cumulative,72,0.5479594370310797,0.7114543114543114
within_model_arm,equal5_non_qk,qwen,seqkd,0.01,c_equal5,cumulative_kl_base_to_current,72,0.8688611257161735,0.8283140283140282
within_model_arm,equal5_non_qk,qwen,seqkd,0.01,c_equal5,absolute_delta_nll_cumulative,72,0.8290759820501524,0.7848133848133847
within_model_arm,equal5_non_qk,qwen,seqkd,0.01,c_equal5,delta_nll_cumulative,72,0.7635978714109477,0.8028314028314028
within_model_arm,equal5_non_qk,qwen,seqkd,0.025,c_equal5,cumulative_kl_base_to_current,72,0.8809887854097644,0.8308880308880309
within_model_arm,equal5_non_qk,qwen,seqkd,0.025,c_equal5,absolute_delta_nll_cumulative,72,0.8343059353086902,0.7925353925353924
within_model_arm,equal5_non_qk,qwen,seqkd,0.025,c_equal5,delta_nll_cumulative,72,0.7746804027105804,0.8020592020592021
within_model_arm,equal5_non_qk,qwen,seqkd,0.05,c_equal5,cumulative_kl_base_to_current,72,0.8786500284938864,0.8316602316602316
within_model_arm,equal5_non_qk,qwen,seqkd,0.05,c_equal5,absolute_delta_nll_cumulative,72,0.8373768094522848,0.7953667953667954
within_model_arm,equal5_non_qk,qwen,seqkd,0.05,c_equal5,delta_nll_cumulative,72,0.777456690300572,0.8059202059202057
within_model_arm,equal5_non_qk,qwen,seqkd,0.1,c_equal5,cumulative_kl_base_to_current,72,0.877044828922889,0.8319176319176318
within_model_arm,equal5_non_qk,qwen,seqkd,0.1,c_equal5,absolute_delta_nll_cumulative,72,0.8462061374936419,0.8038610038610037
within_model_arm,equal5_non_qk,qwen,seqkd,0.1,c_equal5,delta_nll_cumulative,72,0.7735690533662242,0.8005148005148004
within_model_arm,equal5_non_qk,qwen,sft,0.01,c_equal5,cumulative_kl_base_to_current,72,0.8228960534638945,0.7514833811324729
within_model_arm,equal5_non_qk,qwen,sft,0.01,c_equal5,absolute_delta_nll_cumulative,72,0.809519301253469,0.72676608721198
within_model_arm,equal5_non_qk,qwen,sft,0.01,c_equal5,delta_nll_cumulative,72,0.7445131940324561,0.7664949313669084
within_model_arm,equal5_non_qk,qwen,sft,0.025,c_equal5,cumulative_kl_base_to_current,72,0.8343059110507494,0.8034760635020749
within_model_arm,equal5_non_qk,qwen,sft,0.025,c_equal5,absolute_delta_nll_cumulative,72,0.8186418700022273,0.7800450999453729
within_model_arm,equal5_non_qk,qwen,sft,0.025,c_equal5,delta_nll_cumulative,72,0.7626625453342843,0.7819762233154307
within_model_arm,equal5_non_qk,qwen,sft,0.05,c_equal5,cumulative_kl_base_to_current,72,0.8254683534856382,0.7338660718896233
within_model_arm,equal5_non_qk,qwen,sft,0.05,c_equal5,absolute_delta_nll_cumulative,72,0.8108935814077299,0.7247201194402353
within_model_arm,equal5_non_qk,qwen,sft,0.05,c_equal5,delta_nll_cumulative,72,0.7575109324950932,0.6940618563000335
within_model_arm,equal5_non_qk,qwen,sft,0.1,c_equal5,cumulative_kl_base_to_current,72,0.8308354956671394,0.71209643794982
within_model_arm,equal5_non_qk,qwen,sft,0.1,c_equal5,absolute_delta_nll_cumulative,72,0.8161946607195403,0.6792284577137206
within_model_arm,equal5_non_qk,qwen,sft,0.1,c_equal5,delta_nll_cumulative,72,0.760587831401447,0.7154608768716254
within_model_arm,equal7,llama,offkd,0.01,c_equal7,cumulative_kl_base_to_current,24,0.882671723755716,0.9313043478260868
within_model_arm,equal7,llama,offkd,0.01,c_equal7,absolute_delta_nll_cumulative,24,0.8448178255444795,0.8469565217391304
within_model_arm,equal7,llama,offkd,0.01,c_equal7,delta_nll_cumulative,24,-0.24967067277938634,-0.2817391304347826
within_model_arm,equal7,llama,offkd,0.025,c_equal7,cumulative_kl_base_to_current,24,0.8483067460810082,0.9199999999999999
within_model_arm,equal7,llama,offkd,0.025,c_equal7,absolute_delta_nll_cumulative,24,0.8097844646207705,0.8252173913043478
within_model_arm,equal7,llama,offkd,0.025,c_equal7,delta_nll_cumulative,24,-0.13544719489725454,-0.21130434782608692
within_model_arm,equal7,llama,offkd,0.05,c_equal7,cumulative_kl_base_to_current,24,0.8442015750716103,0.9008695652173913
within_model_arm,equal7,llama,offkd,0.05,c_equal7,absolute_delta_nll_cumulative,24,0.8078236196726153,0.8078260869565217
within_model_arm,equal7,llama,offkd,0.05,c_equal7,delta_nll_cumulative,24,-0.1489906846945633,-0.18086956521739128
within_model_arm,equal7,llama,offkd,0.1,c_equal7,cumulative_kl_base_to_current,24,0.7869786035383757,0.8408695652173912
within_model_arm,equal7,llama,offkd,0.1,c_equal7,absolute_delta_nll_cumulative,24,0.7620117932042425,0.7643478260869565
within_model_arm,equal7,llama,offkd,0.1,c_equal7,delta_nll_cumulative,24,0.006047151575529272,-0.04434782608695652
within_model_arm,equal7,llama,opd,0.01,c_equal7,cumulative_kl_base_to_current,24,0.942704713414138,0.9260869565217391
within_model_arm,equal7,llama,opd,0.01,c_equal7,absolute_delta_nll_cumulative,24,0.9628925945173958,0.96
within_model_arm,equal7,llama,opd,0.01,c_equal7,delta_nll_cumulative,24,0.7891284538279647,0.7817391304347826
within_model_arm,equal7,llama,opd,0.025,c_equal7,cumulative_kl_base_to_current,24,0.9362267244202548,0.9521739130434782
within_model_arm,equal7,llama,opd,0.025,c_equal7,absolute_delta_nll_cumulative,24,0.9668014507495842,0.9652173913043477
within_model_arm,equal7,llama,opd,0.025,c_equal7,delta_nll_cumulative,24,0.8041261506555639,0.837391304347826
within_model_arm,equal7,llama,opd,0.05,c_equal7,cumulative_kl_base_to_current,24,0.9246399026086664,0.9539130434782607
within_model_arm,equal7,llama,opd,0.05,c_equal7,absolute_delta_nll_cumulative,24,0.963654433929036,0.9591304347826086
within_model_arm,equal7,llama,opd,0.05,c_equal7,delta_nll_cumulative,24,0.799906314745797,0.8460869565217389
within_model_arm,equal7,llama,opd,0.1,c_equal7,cumulative_kl_base_to_current,24,0.9016892732796896,0.9208695652173912
within_model_arm,equal7,llama,opd,0.1,c_equal7,absolute_delta_nll_cumulative,24,0.9610676082786773,0.9652173913043477
within_model_arm,equal7,llama,opd,0.1,c_equal7,delta_nll_cumulative,24,0.7601480251992355,0.7730434782608695
within_model_arm,equal7,llama,seqkd,0.01,c_equal7,cumulative_kl_base_to_current,24,0.7773026182722099,0.8408695652173912
within_model_arm,equal7,llama,seqkd,0.01,c_equal7,absolute_delta_nll_cumulative,24,0.7539509355129447,0.7565217391304346
within_model_arm,equal7,llama,seqkd,0.01,c_equal7,delta_nll_cumulative,24,0.07923686922298272,0.01826086956521739
within_model_arm,equal7,llama,seqkd,0.025,c_equal7,cumulative_kl_base_to_current,24,0.7572761993807617,0.8443478260869565
within_model_arm,equal7,llama,seqkd,0.025,c_equal7,absolute_delta_nll_cumulative,24,0.7348176911369599,0.7547826086956521
within_model_arm,equal7,llama,seqkd,0.025,c_equal7,delta_nll_cumulative,24,0.11903394056368913,0.07130434782608694
within_model_arm,equal7,llama,seqkd,0.05,c_equal7,cumulative_kl_base_to_current,24,0.7456455050202291,0.8295652173913043
within_model_arm,equal7,llama,seqkd,0.05,c_equal7,absolute_delta_nll_cumulative,24,0.72974916809894,0.7513043478260868
within_model_arm,equal7,llama,seqkd,0.05,c_equal7,delta_nll_cumulative,24,0.10484227530384634,0.06521739130434781
within_model_arm,equal7,llama,seqkd,0.1,c_equal7,cumulative_kl_base_to_current,24,0.6387471045565098,0.6765217391304347
within_model_arm,equal7,llama,seqkd,0.1,c_equal7,absolute_delta_nll_cumulative,24,0.643885470336379,0.6243478260869564
within_model_arm,equal7,llama,seqkd,0.1,c_equal7,delta_nll_cumulative,24,0.265380940014778,0.27478260869565213
within_model_arm,equal7,llama,sft,0.01,c_equal7,cumulative_kl_base_to_current,24,0.9679549484596323,0.9504347826086955
within_model_arm,equal7,llama,sft,0.01,c_equal7,absolute_delta_nll_cumulative,24,0.895730190521274,0.9191304347826086
within_model_arm,equal7,llama,sft,0.01,c_equal7,delta_nll_cumulative,24,0.20181221158671606,0.1252173913043478
within_model_arm,equal7,llama,sft,0.025,c_equal7,cumulative_kl_base_to_current,24,0.9700366999524044,0.9513043478260867
within_model_arm,equal7,llama,sft,0.025,c_equal7,absolute_delta_nll_cumulative,24,0.9002971587133667,0.9226086956521738
within_model_arm,equal7,llama,sft,0.025,c_equal7,delta_nll_cumulative,24,0.25176717346148636,0.1469565217391304
within_model_arm,equal7,llama,sft,0.05,c_equal7,cumulative_kl_base_to_current,24,0.9697710215537196,0.9539130434782607
within_model_arm,equal7,llama,sft,0.05,c_equal7,absolute_delta_nll_cumulative,24,0.9054515292865004,0.9278260869565217
within_model_arm,equal7,llama,sft,0.05,c_equal7,delta_nll_cumulative,24,0.253061979598335,0.15217391304347824
within_model_arm,equal7,llama,sft,0.1,c_equal7,cumulative_kl_base_to_current,24,0.9542034273525816,0.9286956521739129
within_model_arm,equal7,llama,sft,0.1,c_equal7,absolute_delta_nll_cumulative,24,0.8825829158669255,0.9017391304347826
within_model_arm,equal7,llama,sft,0.1,c_equal7,delta_nll_cumulative,24,0.25756692554804256,0.2252173913043478
within_model_arm,equal7,qwen,offkd,0.01,c_equal7,cumulative_kl_base_to_current,72,0.8419147755000689,0.8272844272844272
within_model_arm,equal7,qwen,offkd,0.01,c_equal7,absolute_delta_nll_cumulative,72,0.7831219475078176,0.7469755469755469
within_model_arm,equal7,qwen,offkd,0.01,c_equal7,delta_nll_cumulative,72,0.7433650061437824,0.8097812097812096
within_model_arm,equal7,qwen,offkd,0.025,c_equal7,cumulative_kl_base_to_current,72,0.839291216633686,0.8082368082368081
within_model_arm,equal7,qwen,offkd,0.025,c_equal7,absolute_delta_nll_cumulative,72,0.7679693856733367,0.7145431145431145
within_model_arm,equal7,qwen,offkd,0.025,c_equal7,delta_nll_cumulative,72,0.7471120183778324,0.8169884169884168
within_model_arm,equal7,qwen,offkd,0.05,c_equal7,cumulative_kl_base_to_current,72,0.8410766124993493,0.8069498069498069
within_model_arm,equal7,qwen,offkd,0.05,c_equal7,absolute_delta_nll_cumulative,72,0.7723854071128698,0.729214929214929
within_model_arm,equal7,qwen,offkd,0.05,c_equal7,delta_nll_cumulative,72,0.7432293448485687,0.8018018018018017
within_model_arm,equal7,qwen,offkd,0.1,c_equal7,cumulative_kl_base_to_current,72,0.8721795340074395,0.847104247104247
within_model_arm,equal7,qwen,offkd,0.1,c_equal7,absolute_delta_nll_cumulative,72,0.8177673119317596,0.7915057915057914
within_model_arm,equal7,qwen,offkd,0.1,c_equal7,delta_nll_cumulative,72,0.7719296222101942,0.8177606177606177
within_model_arm,equal7,qwen,opd,0.01,c_equal7,cumulative_kl_base_to_current,72,0.7827211830307933,0.8095238095238094
within_model_arm,equal7,qwen,opd,0.01,c_equal7,absolute_delta_nll_cumulative,72,0.7419541442114762,0.7253539253539253
within_model_arm,equal7,qwen,opd,0.01,c_equal7,delta_nll_cumulative,72,0.6126471256423381,0.7374517374517373
within_model_arm,equal7,qwen,opd,0.025,c_equal7,cumulative_kl_base_to_current,72,0.7858916540778559,0.8048906048906048
within_model_arm,equal7,qwen,opd,0.025,c_equal7,absolute_delta_nll_cumulative,72,0.7277984901586583,0.7132561132561133
within_model_arm,equal7,qwen,opd,0.025,c_equal7,delta_nll_cumulative,72,0.6385964417347402,0.7444015444015443
within_model_arm,equal7,qwen,opd,0.05,c_equal7,cumulative_kl_base_to_current,72,0.7837228698120037,0.8043758043758042
within_model_arm,equal7,qwen,opd,0.05,c_equal7,absolute_delta_nll_cumulative,72,0.7176938948527015,0.7104247104247103
within_model_arm,equal7,qwen,opd,0.05,c_equal7,delta_nll_cumulative,72,0.649127729454714,0.7459459459459459
within_model_arm,equal7,qwen,opd,0.1,c_equal7,cumulative_kl_base_to_current,72,0.7969965186887745,0.8398970398970397
within_model_arm,equal7,qwen,opd,0.1,c_equal7,absolute_delta_nll_cumulative,72,0.7373110377618886,0.7518661518661518
within_model_arm,equal7,qwen,opd,0.1,c_equal7,delta_nll_cumulative,72,0.6363324044658925,0.7462033462033462
within_model_arm,equal7,qwen,seqkd,0.01,c_equal7,cumulative_kl_base_to_current,72,0.8779127536184009,0.8324324324324324
within_model_arm,equal7,qwen,seqkd,0.01,c_equal7,absolute_delta_nll_cumulative,72,0.8016809989204118,0.7552123552123552
within_model_arm,equal7,qwen,seqkd,0.01,c_equal7,delta_nll_cumulative,72,0.7654140426565541,0.8069498069498069
within_model_arm,equal7,qwen,seqkd,0.025,c_equal7,cumulative_kl_base_to_current,72,0.8817569722646026,0.8211068211068211
within_model_arm,equal7,qwen,seqkd,0.025,c_equal7,absolute_delta_nll_cumulative,72,0.792770725284088,0.7379665379665379
within_model_arm,equal7,qwen,seqkd,0.025,c_equal7,delta_nll_cumulative,72,0.7683560756921287,0.8059202059202057
within_model_arm,equal7,qwen,seqkd,0.05,c_equal7,cumulative_kl_base_to_current,72,0.8804347244627563,0.8195624195624196
within_model_arm,equal7,qwen,seqkd,0.05,c_equal7,absolute_delta_nll_cumulative,72,0.7957691746575409,0.7505791505791505
within_model_arm,equal7,qwen,seqkd,0.05,c_equal7,delta_nll_cumulative,72,0.7668351037439718,0.7912483912483912
within_model_arm,equal7,qwen,seqkd,0.1,c_equal7,cumulative_kl_base_to_current,72,0.9061353499687396,0.8545688545688545
within_model_arm,equal7,qwen,seqkd,0.1,c_equal7,absolute_delta_nll_cumulative,72,0.8518795126962131,0.8157014157014155
within_model_arm,equal7,qwen,seqkd,0.1,c_equal7,delta_nll_cumulative,72,0.8046509799023785,0.8028314028314028
within_model_arm,equal7,qwen,sft,0.01,c_equal7,cumulative_kl_base_to_current,72,0.746180392715656,0.7638902968375345
within_model_arm,equal7,qwen,sft,0.01,c_equal7,absolute_delta_nll_cumulative,72,0.7268601568159596,0.7406403385300004
within_model_arm,equal7,qwen,sft,0.01,c_equal7,delta_nll_cumulative,72,0.6552557822847034,0.7930819111569938
within_model_arm,equal7,qwen,sft,0.025,c_equal7,cumulative_kl_base_to_current,72,0.7354515733407279,0.6837464145584874
within_model_arm,equal7,qwen,sft,0.025,c_equal7,absolute_delta_nll_cumulative,72,0.712122110033775,0.660572934117793
within_model_arm,equal7,qwen,sft,0.025,c_equal7,delta_nll_cumulative,72,0.6490119439640191,0.7348568130860189
within_model_arm,equal7,qwen,sft,0.05,c_equal7,cumulative_kl_base_to_current,72,0.7353391419840175,0.7168623293076627
within_model_arm,equal7,qwen,sft,0.05,c_equal7,absolute_delta_nll_cumulative,72,0.7116134160021368,0.7064282145414593
within_model_arm,equal7,qwen,sft,0.05,c_equal7,delta_nll_cumulative,72,0.6476180594022559,0.7002450354207465
within_model_arm,equal7,qwen,sft,0.1,c_equal7,cumulative_kl_base_to_current,72,0.83464701452353,0.7167548918415505
within_model_arm,equal7,qwen,sft,0.1,c_equal7,absolute_delta_nll_cumulative,72,0.8235230422717381,0.6836281086114663
within_model_arm,equal7,qwen,sft,0.1,c_equal7,delta_nll_cumulative,72,0.7592982095844724,0.7105436199859096
logstep_progress_residual,equal5_non_qk,llama,offkd,0.01,c_equal5_residual_logstep,cumulative_kl_base_to_current,24,0.7272942395441366,0.6991304347826087
logstep_progress_residual,equal5_non_qk,llama,offkd,0.01,c_equal5_residual_logstep,absolute_delta_nll_cumulative,24,0.6457312619548797,0.5921739130434782
logstep_progress_residual,equal5_non_qk,llama,offkd,0.01,c_equal5_residual_logstep,delta_nll_cumulative,24,-0.4450180339894527,-0.4052173913043478
logstep_progress_residual,equal5_non_qk,llama,offkd,0.025,c_equal5_residual_logstep,cumulative_kl_base_to_current,24,0.6514618388830619,0.6269565217391303
logstep_progress_residual,equal5_non_qk,llama,offkd,0.025,c_equal5_residual_logstep,absolute_delta_nll_cumulative,24,0.5548441544348182,0.4878260869565217
logstep_progress_residual,equal5_non_qk,llama,offkd,0.025,c_equal5_residual_logstep,delta_nll_cumulative,24,-0.2982883161519678,-0.2652173913043478
logstep_progress_residual,equal5_non_qk,llama,offkd,0.05,c_equal5_residual_logstep,cumulative_kl_base_to_current,24,0.6250788312586287,0.5826086956521739
logstep_progress_residual,equal5_non_qk,llama,offkd,0.05,c_equal5_residual_logstep,absolute_delta_nll_cumulative,24,0.5344653739742177,0.4495652173913043
logstep_progress_residual,equal5_non_qk,llama,offkd,0.05,c_equal5_residual_logstep,delta_nll_cumulative,24,-0.21818405905134794,-0.23478260869565212
logstep_progress_residual,equal5_non_qk,llama,offkd,0.1,c_equal5_residual_logstep,cumulative_kl_base_to_current,24,0.605615887411021,0.5973913043478261
logstep_progress_residual,equal5_non_qk,llama,offkd,0.1,c_equal5_residual_logstep,absolute_delta_nll_cumulative,24,0.5083158664974426,0.45217391304347826
logstep_progress_residual,equal5_non_qk,llama,offkd,0.1,c_equal5_residual_logstep,delta_nll_cumulative,24,-0.2666115095960999,-0.268695652173913
logstep_progress_residual,equal5_non_qk,llama,opd,0.01,c_equal5_residual_logstep,cumulative_kl_base_to_current,24,0.869684391995436,0.7826086956521738
logstep_progress_residual,equal5_non_qk,llama,opd,0.01,c_equal5_residual_logstep,absolute_delta_nll_cumulative,24,0.9185828505060613,0.9113043478260868
logstep_progress_residual,equal5_non_qk,llama,opd,0.01,c_equal5_residual_logstep,delta_nll_cumulative,24,0.5425836562126117,0.5443478260869564
logstep_progress_residual,equal5_non_qk,llama,opd,0.025,c_equal5_residual_logstep,cumulative_kl_base_to_current,24,0.8333208535652483,0.7678260869565217
logstep_progress_residual,equal5_non_qk,llama,opd,0.025,c_equal5_residual_logstep,absolute_delta_nll_cumulative,24,0.8903546172604752,0.9034782608695651
logstep_progress_residual,equal5_non_qk,llama,opd,0.025,c_equal5_residual_logstep,delta_nll_cumulative,24,0.5566613136402825,0.5460869565217391
logstep_progress_residual,equal5_non_qk,llama,opd,0.05,c_equal5_residual_logstep,cumulative_kl_base_to_current,24,0.7777321039615317,0.7113043478260868
logstep_progress_residual,equal5_non_qk,llama,opd,0.05,c_equal5_residual_logstep,absolute_delta_nll_cumulative,24,0.8550264293187998,0.8852173913043477
logstep_progress_residual,equal5_non_qk,llama,opd,0.05,c_equal5_residual_logstep,delta_nll_cumulative,24,0.5297847982869024,0.537391304347826
logstep_progress_residual,equal5_non_qk,llama,opd,0.1,c_equal5_residual_logstep,cumulative_kl_base_to_current,24,0.7449053627451503,0.6069565217391303
logstep_progress_residual,equal5_non_qk,llama,opd,0.1,c_equal5_residual_logstep,absolute_delta_nll_cumulative,24,0.8293276791700295,0.8330434782608694
logstep_progress_residual,equal5_non_qk,llama,opd,0.1,c_equal5_residual_logstep,delta_nll_cumulative,24,0.5135533126981199,0.43478260869565216
logstep_progress_residual,equal5_non_qk,llama,seqkd,0.01,c_equal5_residual_logstep,cumulative_kl_base_to_current,24,0.5589318164556001,0.588695652173913
logstep_progress_residual,equal5_non_qk,llama,seqkd,0.01,c_equal5_residual_logstep,absolute_delta_nll_cumulative,24,0.5447042861154698,0.4991304347826086
logstep_progress_residual,equal5_non_qk,llama,seqkd,0.01,c_equal5_residual_logstep,delta_nll_cumulative,24,-0.10302098727588092,-0.1269565217391304
logstep_progress_residual,equal5_non_qk,llama,seqkd,0.025,c_equal5_residual_logstep,cumulative_kl_base_to_current,24,0.5096586973056446,0.5478260869565217
logstep_progress_residual,equal5_non_qk,llama,seqkd,0.025,c_equal5_residual_logstep,absolute_delta_nll_cumulative,24,0.5116980441223515,0.45652173913043476
logstep_progress_residual,equal5_non_qk,llama,seqkd,0.025,c_equal5_residual_logstep,delta_nll_cumulative,24,-0.043131630888489834,-0.05739130434782608
logstep_progress_residual,equal5_non_qk,llama,seqkd,0.05,c_equal5_residual_logstep,cumulative_kl_base_to_current,24,0.4964616232058673,0.5704347826086955
logstep_progress_residual,equal5_non_qk,llama,seqkd,0.05,c_equal5_residual_logstep,absolute_delta_nll_cumulative,24,0.5076737300137781,0.46956521739130425
logstep_progress_residual,equal5_non_qk,llama,seqkd,0.05,c_equal5_residual_logstep,delta_nll_cumulative,24,0.0020227049420204896,-0.07130434782608694
logstep_progress_residual,equal5_non_qk,llama,seqkd,0.1,c_equal5_residual_logstep,cumulative_kl_base_to_current,24,0.470368589187838,0.5156521739130434
logstep_progress_residual,equal5_non_qk,llama,seqkd,0.1,c_equal5_residual_logstep,absolute_delta_nll_cumulative,24,0.4660901355249878,0.43478260869565216
logstep_progress_residual,equal5_non_qk,llama,seqkd,0.1,c_equal5_residual_logstep,delta_nll_cumulative,24,-0.06354000658100363,-0.06521739130434781
logstep_progress_residual,equal5_non_qk,llama,sft,0.01,c_equal5_residual_logstep,cumulative_kl_base_to_current,24,0.9060992782248867,0.8643478260869566
logstep_progress_residual,equal5_non_qk,llama,sft,0.01,c_equal5_residual_logstep,absolute_delta_nll_cumulative,24,0.7038326630862165,0.7104347826086955
logstep_progress_residual,equal5_non_qk,llama,sft,0.01,c_equal5_residual_logstep,delta_nll_cumulative,24,-0.37557270713946006,-0.31652173913043474
logstep_progress_residual,equal5_non_qk,llama,sft,0.025,c_equal5_residual_logstep,cumulative_kl_base_to_current,24,0.9142778841285362,0.8895652173913042
logstep_progress_residual,equal5_non_qk,llama,sft,0.025,c_equal5_residual_logstep,absolute_delta_nll_cumulative,24,0.6874467632199387,0.7165217391304347
logstep_progress_residual,equal5_non_qk,llama,sft,0.025,c_equal5_residual_logstep,delta_nll_cumulative,24,-0.3480138347177264,-0.25478260869565217
logstep_progress_residual,equal5_non_qk,llama,sft,0.05,c_equal5_residual_logstep,cumulative_kl_base_to_current,24,0.9077718471712729,0.8539130434782608
logstep_progress_residual,equal5_non_qk,llama,sft,0.05,c_equal5_residual_logstep,absolute_delta_nll_cumulative,24,0.6807140982557242,0.6695652173913044
logstep_progress_residual,equal5_non_qk,llama,sft,0.05,c_equal5_residual_logstep,delta_nll_cumulative,24,-0.2884645261031904,-0.16695652173913042
logstep_progress_residual,equal5_non_qk,llama,sft,0.1,c_equal5_residual_logstep,cumulative_kl_base_to_current,24,0.8807012161442903,0.8026086956521737
logstep_progress_residual,equal5_non_qk,llama,sft,0.1,c_equal5_residual_logstep,absolute_delta_nll_cumulative,24,0.6261442044414023,0.5904347826086956
logstep_progress_residual,equal5_non_qk,llama,sft,0.1,c_equal5_residual_logstep,delta_nll_cumulative,24,-0.30600376808261753,-0.2417391304347826
logstep_progress_residual,equal5_non_qk,qwen,offkd,0.01,c_equal5_residual_logstep,cumulative_kl_base_to_current,72,0.3288852707911293,0.38507078507078507
logstep_progress_residual,equal5_non_qk,qwen,offkd,0.01,c_equal5_residual_logstep,absolute_delta_nll_cumulative,72,0.1262297039410863,0.1817245817245817
logstep_progress_residual,equal5_non_qk,qwen,offkd,0.01,c_equal5_residual_logstep,delta_nll_cumulative,72,0.26922407796701703,0.2942084942084942
logstep_progress_residual,equal5_non_qk,qwen,offkd,0.025,c_equal5_residual_logstep,cumulative_kl_base_to_current,72,0.3720443823371498,0.4404118404118404
logstep_progress_residual,equal5_non_qk,qwen,offkd,0.025,c_equal5_residual_logstep,absolute_delta_nll_cumulative,72,0.1785973888621898,0.24401544401544398
logstep_progress_residual,equal5_non_qk,qwen,offkd,0.025,c_equal5_residual_logstep,delta_nll_cumulative,72,0.3068647052993723,0.3235521235521235
logstep_progress_residual,equal5_non_qk,qwen,offkd,0.05,c_equal5_residual_logstep,cumulative_kl_base_to_current,72,0.3668753019509384,0.45173745173745167
logstep_progress_residual,equal5_non_qk,qwen,offkd,0.05,c_equal5_residual_logstep,absolute_delta_nll_cumulative,72,0.1731642139561865,0.2499356499356499
logstep_progress_residual,equal5_non_qk,qwen,offkd,0.05,c_equal5_residual_logstep,delta_nll_cumulative,72,0.32710511575603013,0.358043758043758
logstep_progress_residual,equal5_non_qk,qwen,offkd,0.1,c_equal5_residual_logstep,cumulative_kl_base_to_current,72,0.369343730818511,0.4296010296010295
logstep_progress_residual,equal5_non_qk,qwen,offkd,0.1,c_equal5_residual_logstep,absolute_delta_nll_cumulative,72,0.23655427989019157,0.2628056628056628
logstep_progress_residual,equal5_non_qk,qwen,offkd,0.1,c_equal5_residual_logstep,delta_nll_cumulative,72,0.3170658260474169,0.3297297297297297
logstep_progress_residual,equal5_non_qk,qwen,opd,0.01,c_equal5_residual_logstep,cumulative_kl_base_to_current,72,-0.11742036256939371,-0.05482625482625482
logstep_progress_residual,equal5_non_qk,qwen,opd,0.01,c_equal5_residual_logstep,absolute_delta_nll_cumulative,72,-0.039341818601154356,-0.19999999999999996
logstep_progress_residual,equal5_non_qk,qwen,opd,0.01,c_equal5_residual_logstep,delta_nll_cumulative,72,-0.3042154154384524,-0.10012870012870012
logstep_progress_residual,equal5_non_qk,qwen,opd,0.025,c_equal5_residual_logstep,cumulative_kl_base_to_current,72,-0.07612286078543838,-0.016216216216216214
logstep_progress_residual,equal5_non_qk,qwen,opd,0.025,c_equal5_residual_logstep,absolute_delta_nll_cumulative,72,-0.030454895300082597,-0.18429858429858428
logstep_progress_residual,equal5_non_qk,qwen,opd,0.025,c_equal5_residual_logstep,delta_nll_cumulative,72,-0.26783669537083515,-0.0906048906048906
logstep_progress_residual,equal5_non_qk,qwen,opd,0.05,c_equal5_residual_logstep,cumulative_kl_base_to_current,72,-0.07320632758965327,-0.0007722007722007721
logstep_progress_residual,equal5_non_qk,qwen,opd,0.05,c_equal5_residual_logstep,absolute_delta_nll_cumulative,72,-0.03335156503882453,-0.19742599742599737
logstep_progress_residual,equal5_non_qk,qwen,opd,0.05,c_equal5_residual_logstep,delta_nll_cumulative,72,-0.2648160900132587,-0.07516087516087515
logstep_progress_residual,equal5_non_qk,qwen,opd,0.1,c_equal5_residual_logstep,cumulative_kl_base_to_current,72,-0.09427610657493825,-0.020077220077220077
logstep_progress_residual,equal5_non_qk,qwen,opd,0.1,c_equal5_residual_logstep,absolute_delta_nll_cumulative,72,-0.04310827955927991,-0.2175032175032175
logstep_progress_residual,equal5_non_qk,qwen,opd,0.1,c_equal5_residual_logstep,delta_nll_cumulative,72,-0.2793425715960408,-0.07696267696267696
logstep_progress_residual,equal5_non_qk,qwen,seqkd,0.01,c_equal5_residual_logstep,cumulative_kl_base_to_current,72,0.4837299744417084,0.5536679536679536
logstep_progress_residual,equal5_non_qk,qwen,seqkd,0.01,c_equal5_residual_logstep,absolute_delta_nll_cumulative,72,0.2314913136624255,0.32329472329472325
logstep_progress_residual,equal5_non_qk,qwen,seqkd,0.01,c_equal5_residual_logstep,delta_nll_cumulative,72,0.319478376092562,0.3598455598455598
logstep_progress_residual,equal5_non_qk,qwen,seqkd,0.025,c_equal5_residual_logstep,cumulative_kl_base_to_current,72,0.5415155016010926,0.5853281853281852
logstep_progress_residual,equal5_non_qk,qwen,seqkd,0.025,c_equal5_residual_logstep,absolute_delta_nll_cumulative,72,0.2646932874434783,0.3526383526383526
logstep_progress_residual,equal5_non_qk,qwen,seqkd,0.025,c_equal5_residual_logstep,delta_nll_cumulative,72,0.363906753051805,0.3835263835263835
logstep_progress_residual,equal5_non_qk,qwen,seqkd,0.05,c_equal5_residual_logstep,cumulative_kl_base_to_current,72,0.5322658509317857,0.5768339768339767
logstep_progress_residual,equal5_non_qk,qwen,seqkd,0.05,c_equal5_residual_logstep,absolute_delta_nll_cumulative,72,0.28482698363145725,0.35727155727155724
logstep_progress_residual,equal5_non_qk,qwen,seqkd,0.05,c_equal5_residual_logstep,delta_nll_cumulative,72,0.37564930274446856,0.38326898326898323
logstep_progress_residual,equal5_non_qk,qwen,seqkd,0.1,c_equal5_residual_logstep,cumulative_kl_base_to_current,72,0.5277134435773161,0.5804375804375803
logstep_progress_residual,equal5_non_qk,qwen,seqkd,0.1,c_equal5_residual_logstep,absolute_delta_nll_cumulative,72,0.33459518444696024,0.3799227799227799
logstep_progress_residual,equal5_non_qk,qwen,seqkd,0.1,c_equal5_residual_logstep,delta_nll_cumulative,72,0.3636969361949786,0.38661518661518657
logstep_progress_residual,equal5_non_qk,qwen,sft,0.01,c_equal5_residual_logstep,cumulative_kl_base_to_current,72,0.6182853155076874,0.5351026264050369
logstep_progress_residual,equal5_non_qk,qwen,sft,0.01,c_equal5_residual_logstep,absolute_delta_nll_cumulative,72,0.5580573857023395,0.45369076798231583
logstep_progress_residual,equal5_non_qk,qwen,sft,0.01,c_equal5_residual_logstep,delta_nll_cumulative,72,0.5404760159317885,0.47533189490481137
logstep_progress_residual,equal5_non_qk,qwen,sft,0.025,c_equal5_residual_logstep,cumulative_kl_base_to_current,72,0.6470936106134786,0.5535748772644594
logstep_progress_residual,equal5_non_qk,qwen,sft,0.025,c_equal5_residual_logstep,absolute_delta_nll_cumulative,72,0.5863125127026327,0.4744192042773303
logstep_progress_residual,equal5_non_qk,qwen,sft,0.025,c_equal5_residual_logstep,delta_nll_cumulative,72,0.5767496186248351,0.5013192622518181
logstep_progress_residual,equal5_non_qk,qwen,sft,0.05,c_equal5_residual_logstep,cumulative_kl_base_to_current,72,0.6324156838023179,0.5539966579552463
logstep_progress_residual,equal5_non_qk,qwen,sft,0.05,c_equal5_residual_logstep,absolute_delta_nll_cumulative,72,0.5749093333618492,0.4832024753633817
logstep_progress_residual,equal5_non_qk,qwen,sft,0.05,c_equal5_residual_logstep,delta_nll_cumulative,72,0.5691903735885877,0.4938859610999722
logstep_progress_residual,equal5_non_qk,qwen,sft,0.1,c_equal5_residual_logstep,cumulative_kl_base_to_current,72,0.6523773588285343,0.5464384547930108
logstep_progress_residual,equal5_non_qk,qwen,sft,0.1,c_equal5_residual_logstep,absolute_delta_nll_cumulative,72,0.6005014946435162,0.4642536989802006
logstep_progress_residual,equal5_non_qk,qwen,sft,0.1,c_equal5_residual_logstep,delta_nll_cumulative,72,0.5793228005831864,0.48537956097596996
equal5_minus_equal7_correlation_delta,paired_delta,llama,offkd,0.01,c_equal5_minus_c_equal7,cumulative_kl_base_to_current,24,-0.047228439497971064,-0.05024322675882498
equal5_minus_equal7_correlation_delta,paired_delta,llama,offkd,0.01,c_equal5_minus_c_equal7,absolute_delta_nll_cumulative,24,-0.05087339323066131,-0.03851988597208211
equal5_minus_equal7_correlation_delta,paired_delta,llama,offkd,0.01,c_equal5_minus_c_equal7,delta_nll_cumulative,24,-0.12210596183572778,-0.09269010216092932
equal5_minus_equal7_correlation_delta,paired_delta,llama,offkd,0.025,c_equal5_minus_c_equal7,cumulative_kl_base_to_current,24,-0.031524771563906206,-0.06608695652173913
equal5_minus_equal7_correlation_delta,paired_delta,llama,offkd,0.025,c_equal5_minus_c_equal7,absolute_delta_nll_cumulative,24,-0.037599536772353614,-0.06434782608695655
equal5_minus_equal7_correlation_delta,paired_delta,llama,offkd,0.025,c_equal5_minus_c_equal7,delta_nll_cumulative,24,-0.11048707958192638,-0.13826086956521744
equal5_minus_equal7_correlation_delta,paired_delta,llama,offkd,0.05,c_equal5_minus_c_equal7,cumulative_kl_base_to_current,24,-0.03439856927188101,-0.010241146685430635
equal5_minus_equal7_correlation_delta,paired_delta,llama,offkd,0.05,c_equal5_minus_c_equal7,absolute_delta_nll_cumulative,24,-0.03850271629556279,-0.00025920550444591406
equal5_minus_equal7_correlation_delta,paired_delta,llama,offkd,0.05,c_equal5_minus_c_equal7,delta_nll_cumulative,24,-0.03401678286949111,-0.06918480033723634
equal5_minus_equal7_correlation_delta,paired_delta,llama,offkd,0.1,c_equal5_minus_c_equal7,cumulative_kl_base_to_current,24,0.027746975466429014,0.031494012700144625
equal5_minus_equal7_correlation_delta,paired_delta,llama,offkd,0.1,c_equal5_minus_c_equal7,absolute_delta_nll_cumulative,24,0.01211358040546806,0.027563477695612182
equal5_minus_equal7_correlation_delta,paired_delta,llama,offkd,0.1,c_equal5_minus_c_equal7,delta_nll_cumulative,24,-0.2179730835425017,-0.22049236282220558
equal5_minus_equal7_correlation_delta,paired_delta,llama,opd,0.01,c_equal5_minus_c_equal7,cumulative_kl_base_to_current,24,0.0025107691215826566,0.01565217391304352
equal5_minus_equal7_correlation_delta,paired_delta,llama,opd,0.01,c_equal5_minus_c_equal7,absolute_delta_nll_cumulative,24,-0.012668776888107636,-0.014782608695652177
equal5_minus_equal7_correlation_delta,paired_delta,llama,opd,0.01,c_equal5_minus_c_equal7,delta_nll_cumulative,24,0.018214441329841624,0.02869565217391301
equal5_minus_equal7_correlation_delta,paired_delta,llama,opd,0.025,c_equal5_minus_c_equal7,cumulative_kl_base_to_current,24,0.005011909428374373,-0.01043478260869557
equal5_minus_equal7_correlation_delta,paired_delta,llama,opd,0.025,c_equal5_minus_c_equal7,absolute_delta_nll_cumulative,24,-0.011243751350433984,-0.025217391304347858
equal5_minus_equal7_correlation_delta,paired_delta,llama,opd,0.025,c_equal5_minus_c_equal7,delta_nll_cumulative,24,0.02188995540753269,-0.006086956521739295
equal5_minus_equal7_correlation_delta,paired_delta,llama,opd,0.05,c_equal5_minus_c_equal7,cumulative_kl_base_to_current,24,0.0017882838756436703,-0.00782608695652165
equal5_minus_equal7_correlation_delta,paired_delta,llama,opd,0.05,c_equal5_minus_c_equal7,absolute_delta_nll_cumulative,24,-0.011968817421082356,-0.005217391304347951
equal5_minus_equal7_correlation_delta,paired_delta,llama,opd,0.05,c_equal5_minus_c_equal7,delta_nll_cumulative,24,0.02142884218224128,-0.0017391304347824654
equal5_minus_equal7_correlation_delta,paired_delta,llama,opd,0.1,c_equal5_minus_c_equal7,cumulative_kl_base_to_current,24,0.013476398291494274,0.0008695652173913437
equal5_minus_equal7_correlation_delta,paired_delta,llama,opd,0.1,c_equal5_minus_c_equal7,absolute_delta_nll_cumulative,24,-0.01707693262804466,-0.03826086956521724
equal5_minus_equal7_correlation_delta,paired_delta,llama,opd,0.1,c_equal5_minus_c_equal7,delta_nll_cumulative,24,0.05456136960899527,0.053043478260869525
equal5_minus_equal7_correlation_delta,paired_delta,llama,seqkd,0.01,c_equal5_minus_c_equal7,cumulative_kl_base_to_current,24,-0.1960661335303333,-0.257391304347826
equal5_minus_equal7_correlation_delta,paired_delta,llama,seqkd,0.01,c_equal5_minus_c_equal7,absolute_delta_nll_cumulative,24,-0.18559431217159528,-0.23565217391304338
equal5_minus_equal7_correlation_delta,paired_delta,llama,seqkd,0.01,c_equal5_minus_c_equal7,delta_nll_cumulative,24,-0.11847870419223411,-0.12608695652173912
equal5_minus_equal7_correlation_delta,paired_delta,llama,seqkd,0.025,c_equal5_minus_c_equal7,cumulative_kl_base_to_current,24,-0.17893729349305398,-0.25478260869565217
equal5_minus_equal7_correlation_delta,paired_delta,llama,seqkd,0.025,c_equal5_minus_c_equal7,absolute_delta_nll_cumulative,24,-0.15868540762236005,-0.2252173913043478
equal5_minus_equal7_correlation_delta,paired_delta,llama,seqkd,0.025,c_equal5_minus_c_equal7,delta_nll_cumulative,24,-0.09508866463477399,-0.15043478260869564
equal5_minus_equal7_correlation_delta,paired_delta,llama,seqkd,0.05,c_equal5_minus_c_equal7,cumulative_kl_base_to_current,24,-0.1382114093677167,-0.14956521739130435
equal5_minus_equal7_correlation_delta,paired_delta,llama,seqkd,0.05,c_equal5_minus_c_equal7,absolute_delta_nll_cumulative,24,-0.11838879933974056,-0.13217391304347814
equal5_minus_equal7_correlation_delta,paired_delta,llama,seqkd,0.05,c_equal5_minus_c_equal7,delta_nll_cumulative,24,-0.029675562229038097,-0.09826086956521737
equal5_minus_equal7_correlation_delta,paired_delta,llama,seqkd,0.1,c_equal5_minus_c_equal7,cumulative_kl_base_to_current,24,-0.016747018125543134,0.026086956521739202
equal5_minus_equal7_correlation_delta,paired_delta,llama,seqkd,0.1,c_equal5_minus_c_equal7,absolute_delta_nll_cumulative,24,-0.025186550643227057,0.003478260869565264
equal5_minus_equal7_correlation_delta,paired_delta,llama,seqkd,0.1,c_equal5_minus_c_equal7,delta_nll_cumulative,24,-0.239468404985949,-0.32086956521739124
equal5_minus_equal7_correlation_delta,paired_delta,llama,sft,0.01,c_equal5_minus_c_equal7,cumulative_kl_base_to_current,24,-0.007979791580142392,0.0
equal5_minus_equal7_correlation_delta,paired_delta,llama,sft,0.01,c_equal5_minus_c_equal7,absolute_delta_nll_cumulative,24,-0.01251513845885055,-0.01043478260869568
equal5_minus_equal7_correlation_delta,paired_delta,llama,sft,0.01,c_equal5_minus_c_equal7,delta_nll_cumulative,24,-0.04077819029690491,-0.03217391304347825
equal5_minus_equal7_correlation_delta,paired_delta,llama,sft,0.025,c_equal5_minus_c_equal7,cumulative_kl_base_to_current,24,-0.0003826965306649166,0.0008695652173914548
equal5_minus_equal7_correlation_delta,paired_delta,llama,sft,0.025,c_equal5_minus_c_equal7,absolute_delta_nll_cumulative,24,-0.005151175967258559,-0.021739130434782594
equal5_minus_equal7_correlation_delta,paired_delta,llama,sft,0.025,c_equal5_minus_c_equal7,delta_nll_cumulative,24,-0.030261052702074076,-0.05217391304347824
equal5_minus_equal7_correlation_delta,paired_delta,llama,sft,0.05,c_equal5_minus_c_equal7,cumulative_kl_base_to_current,24,-0.0014965226205959636,0.003478260869565375
equal5_minus_equal7_correlation_delta,paired_delta,llama,sft,0.05,c_equal5_minus_c_equal7,absolute_delta_nll_cumulative,24,-0.006136030658781877,-0.02086956521739136
equal5_minus_equal7_correlation_delta,paired_delta,llama,sft,0.05,c_equal5_minus_c_equal7,delta_nll_cumulative,24,0.017754373717906002,-0.004347826086956524
equal5_minus_equal7_correlation_delta,paired_delta,llama,sft,0.1,c_equal5_minus_c_equal7,cumulative_kl_base_to_current,24,0.005134382163164863,0.024347826086956514
equal5_minus_equal7_correlation_delta,paired_delta,llama,sft,0.1,c_equal5_minus_c_equal7,absolute_delta_nll_cumulative,24,0.0013058339318419154,-0.0008695652173913437
equal5_minus_equal7_correlation_delta,paired_delta,llama,sft,0.1,c_equal5_minus_c_equal7,delta_nll_cumulative,24,0.009804530535671041,-0.06695652173913044
equal5_minus_equal7_correlation_delta,paired_delta,qwen,offkd,0.01,c_equal5_minus_c_equal7,cumulative_kl_base_to_current,72,-0.019084058314956742,-0.008494208494208566
equal5_minus_equal7_correlation_delta,paired_delta,qwen,offkd,0.01,c_equal5_minus_c_equal7,absolute_delta_nll_cumulative,72,0.01699772475500927,0.016731016731016735
equal5_minus_equal7_correlation_delta,paired_delta,qwen,offkd,0.01,c_equal5_minus_c_equal7,delta_nll_cumulative,72,-0.007312614174680987,-0.00823680823680828
equal5_minus_equal7_correlation_delta,paired_delta,qwen,offkd,0.025,c_equal5_minus_c_equal7,cumulative_kl_base_to_current,72,-0.007768020002812959,0.005662805662805748
equal5_minus_equal7_correlation_delta,paired_delta,qwen,offkd,0.025,c_equal5_minus_c_equal7,absolute_delta_nll_cumulative,72,0.04120876390420347,0.044015444015443994
equal5_minus_equal7_correlation_delta,paired_delta,qwen,offkd,0.025,c_equal5_minus_c_equal7,delta_nll_cumulative,72,-0.0018158456485424246,-0.00205920205920207
equal5_minus_equal7_correlation_delta,paired_delta,qwen,offkd,0.05,c_equal5_minus_c_equal7,cumulative_kl_base_to_current,72,-0.011867355506736232,0.012870012870012881
equal5_minus_equal7_correlation_delta,paired_delta,qwen,offkd,0.05,c_equal5_minus_c_equal7,absolute_delta_nll_cumulative,72,0.033278594688812,0.039124839124839106
equal5_minus_equal7_correlation_delta,paired_delta,qwen,offkd,0.05,c_equal5_minus_c_equal7,delta_nll_cumulative,72,0.006763147741958853,0.020592020592020588
equal5_minus_equal7_correlation_delta,paired_delta,qwen,offkd,0.1,c_equal5_minus_c_equal7,cumulative_kl_base_to_current,72,-0.04282336385181129,-0.03474903474903479
equal5_minus_equal7_correlation_delta,paired_delta,qwen,offkd,0.1,c_equal5_minus_c_equal7,absolute_delta_nll_cumulative,72,0.0008107154732907018,-0.02522522522522508
equal5_minus_equal7_correlation_delta,paired_delta,qwen,offkd,0.1,c_equal5_minus_c_equal7,delta_nll_cumulative,72,-0.02495217022581997,0.001029601029600924
equal5_minus_equal7_correlation_delta,paired_delta,qwen,opd,0.01,c_equal5_minus_c_equal7,cumulative_kl_base_to_current,72,-0.038986790241928415,-0.022136422136422196
equal5_minus_equal7_correlation_delta,paired_delta,qwen,opd,0.01,c_equal5_minus_c_equal7,absolute_delta_nll_cumulative,72,-0.0004517362674790748,0.00617760617760621
equal5_minus_equal7_correlation_delta,paired_delta,qwen,opd,0.01,c_equal5_minus_c_equal7,delta_nll_cumulative,72,-0.06964710914171379,-0.029601029601029505
equal5_minus_equal7_correlation_delta,paired_delta,qwen,opd,0.025,c_equal5_minus_c_equal7,cumulative_kl_base_to_current,72,-0.029017377838545633,-0.010553410553410525
equal5_minus_equal7_correlation_delta,paired_delta,qwen,opd,0.025,c_equal5_minus_c_equal7,absolute_delta_nll_cumulative,72,0.019334427623186823,0.02445302445302433
equal5_minus_equal7_correlation_delta,paired_delta,qwen,opd,0.025,c_equal5_minus_c_equal7,delta_nll_cumulative,72,-0.07974638797559985,-0.03655083655083646
equal5_minus_equal7_correlation_delta,paired_delta,qwen,opd,0.05,c_equal5_minus_c_equal7,cumulative_kl_base_to_current,72,-0.02843687495098579,-0.005920205920205923
equal5_minus_equal7_correlation_delta,paired_delta,qwen,opd,0.05,c_equal5_minus_c_equal7,absolute_delta_nll_cumulative,72,0.02663691034069482,0.035778635778635826
equal5_minus_equal7_correlation_delta,paired_delta,qwen,opd,0.05,c_equal5_minus_c_equal7,delta_nll_cumulative,72,-0.09191464028923868,-0.03423423423423422
equal5_minus_equal7_correlation_delta,paired_delta,qwen,opd,0.1,c_equal5_minus_c_equal7,cumulative_kl_base_to_current,72,-0.050570688657781804,-0.04890604890604866
equal5_minus_equal7_correlation_delta,paired_delta,qwen,opd,0.1,c_equal5_minus_c_equal7,absolute_delta_nll_cumulative,72,0.0008552089155253739,-0.017503217503217594
equal5_minus_equal7_correlation_delta,paired_delta,qwen,opd,0.1,c_equal5_minus_c_equal7,delta_nll_cumulative,72,-0.08837296743481271,-0.03474903474903479
equal5_minus_equal7_correlation_delta,paired_delta,qwen,seqkd,0.01,c_equal5_minus_c_equal7,cumulative_kl_base_to_current,72,-0.009051627902227466,-0.00411840411840414
equal5_minus_equal7_correlation_delta,paired_delta,qwen,seqkd,0.01,c_equal5_minus_c_equal7,absolute_delta_nll_cumulative,72,0.027394983129740647,0.029601029601029505
equal5_minus_equal7_correlation_delta,paired_delta,qwen,seqkd,0.01,c_equal5_minus_c_equal7,delta_nll_cumulative,72,-0.0018161712456064016,-0.00411840411840414
equal5_minus_equal7_correlation_delta,paired_delta,qwen,seqkd,0.025,c_equal5_minus_c_equal7,cumulative_kl_base_to_current,72,-0.0007681868548381487,0.009781209781209776
equal5_minus_equal7_correlation_delta,paired_delta,qwen,seqkd,0.025,c_equal5_minus_c_equal7,absolute_delta_nll_cumulative,72,0.041535210024602254,0.05456885456885452
equal5_minus_equal7_correlation_delta,paired_delta,qwen,seqkd,0.025,c_equal5_minus_c_equal7,delta_nll_cumulative,72,0.006324327018451648,-0.0038610038610036312
equal5_minus_equal7_correlation_delta,paired_delta,qwen,seqkd,0.05,c_equal5_minus_c_equal7,cumulative_kl_base_to_current,72,-0.001784695968869876,0.012097812097812022
equal5_minus_equal7_correlation_delta,paired_delta,qwen,seqkd,0.05,c_equal5_minus_c_equal7,absolute_delta_nll_cumulative,72,0.04160763479474383,0.044787644787644965
equal5_minus_equal7_correlation_delta,paired_delta,qwen,seqkd,0.05,c_equal5_minus_c_equal7,delta_nll_cumulative,72,0.010621586556600171,0.014671814671814554
equal5_minus_equal7_correlation_delta,paired_delta,qwen,seqkd,0.1,c_equal5_minus_c_equal7,cumulative_kl_base_to_current,72,-0.029090521045850526,-0.022651222651222658
equal5_minus_equal7_correlation_delta,paired_delta,qwen,seqkd,0.1,c_equal5_minus_c_equal7,absolute_delta_nll_cumulative,72,-0.005673375202571163,-0.011840411840411846
equal5_minus_equal7_correlation_delta,paired_delta,qwen,seqkd,0.1,c_equal5_minus_c_equal7,delta_nll_cumulative,72,-0.03108192653615438,-0.0023166023166023564
equal5_minus_equal7_correlation_delta,paired_delta,qwen,sft,0.01,c_equal5_minus_c_equal7,cumulative_kl_base_to_current,72,0.07671566074823855,-0.012406915705061583
equal5_minus_equal7_correlation_delta,paired_delta,qwen,sft,0.01,c_equal5_minus_c_equal7,absolute_delta_nll_cumulative,72,0.08265914443750944,-0.013874251318020447
equal5_minus_equal7_correlation_delta,paired_delta,qwen,sft,0.01,c_equal5_minus_c_equal7,delta_nll_cumulative,72,0.0892574117477527,-0.026586979790085397
equal5_minus_equal7_correlation_delta,paired_delta,qwen,sft,0.025,c_equal5_minus_c_equal7,cumulative_kl_base_to_current,72,0.0988543377100215,0.11972964894358751
equal5_minus_equal7_correlation_delta,paired_delta,qwen,sft,0.025,c_equal5_minus_c_equal7,absolute_delta_nll_cumulative,72,0.10651975996845231,0.1194721658275798
equal5_minus_equal7_correlation_delta,paired_delta,qwen,sft,0.025,c_equal5_minus_c_equal7,delta_nll_cumulative,72,0.11365060137026528,0.047119410229411796
equal5_minus_equal7_correlation_delta,paired_delta,qwen,sft,0.05,c_equal5_minus_c_equal7,cumulative_kl_base_to_current,72,0.09012921150162068,0.01700374258196058
equal5_minus_equal7_correlation_delta,paired_delta,qwen,sft,0.05,c_equal5_minus_c_equal7,absolute_delta_nll_cumulative,72,0.09928016540559315,0.018291904898775968
equal5_minus_equal7_correlation_delta,paired_delta,qwen,sft,0.05,c_equal5_minus_c_equal7,delta_nll_cumulative,72,0.10989287309283724,-0.006183179120712978
equal5_minus_equal7_correlation_delta,paired_delta,qwen,sft,0.1,c_equal5_minus_c_equal7,cumulative_kl_base_to_current,72,-0.003811518856390528,-0.004658453891730474
equal5_minus_equal7_correlation_delta,paired_delta,qwen,sft,0.1,c_equal5_minus_c_equal7,absolute_delta_nll_cumulative,72,-0.007328381552197838,-0.004399650897745633
equal5_minus_equal7_correlation_delta,paired_delta,qwen,sft,0.1,c_equal5_minus_c_equal7,delta_nll_cumulative,72,0.0012896218169746732,0.0049172568857157595
