model,checkpoint,probe_name,epsilon,layer,opd_delta_r_equal5,nearest_offline_delta_r_equal5,continuous_margin,nearest_offline_arm,OPD_strict_deepest,OPD_tied_deepest,offline_strictly_deeper
llama,20,E_general,0.01,14,-12.0,-3.8,8.2,sft,True,False,False
llama,20,E_general,0.025,14,-12.8,-4.4,8.4,sft,True,False,False
llama,20,E_general,0.05,14,-12.0,-4.2,7.8,sft,True,False,False
llama,20,E_general,0.1,14,-10.6,-4.0,6.6,sft,True,False,False
llama,20,E_ifeval,0.01,14,-22.4,-8.2,14.2,sft,True,False,False
llama,20,E_ifeval,0.025,14,-23.0,-9.2,13.8,offkd,True,False,False
llama,20,E_ifeval,0.05,14,-21.4,-9.0,12.399999999999999,sft,True,False,False
llama,20,E_ifeval,0.1,14,-17.6,-8.2,9.400000000000002,offkd,True,False,False
llama,20,E_mathHeld,0.01,14,-18.2,-7.2,11.0,sft,True,False,False
llama,20,E_mathHeld,0.025,14,-17.0,-6.6,10.4,sft,True,False,False
llama,20,E_mathHeld,0.05,14,-14.6,-5.8,8.8,sft,True,False,False
llama,20,E_mathHeld,0.1,14,-11.4,-4.6,6.800000000000001,sft,True,False,False
llama,20,E_mmluPro,0.01,14,-21.4,-8.0,13.399999999999999,sft,True,False,False
llama,20,E_mmluPro,0.025,14,-23.2,-9.0,14.2,sft,True,False,False
llama,20,E_mmluPro,0.05,14,-21.0,-8.2,12.8,sft,True,False,False
llama,20,E_mmluPro,0.1,14,-17.2,-6.8,10.399999999999999,sft,True,False,False
llama,40,E_general,0.01,14,-15.0,-4.8,10.2,sft,True,False,False
llama,40,E_general,0.025,14,-15.8,-5.2,10.600000000000001,sft,True,False,False
llama,40,E_general,0.05,14,-15.2,-5.2,10.0,sft,True,False,False
llama,40,E_general,0.1,14,-13.0,-4.8,8.2,sft,True,False,False
llama,40,E_ifeval,0.01,14,-29.0,-9.6,19.4,sft,True,False,False
llama,40,E_ifeval,0.025,14,-30.6,-10.6,20.0,sft,True,False,False
llama,40,E_ifeval,0.05,14,-28.4,-10.6,17.799999999999997,sft,True,False,False
llama,40,E_ifeval,0.1,14,-23.4,-9.2,14.2,sft,True,False,False
llama,40,E_mathHeld,0.01,14,-22.2,-8.0,14.2,sft,True,False,False
llama,40,E_mathHeld,0.025,14,-20.4,-7.6,12.799999999999999,sft,True,False,False
llama,40,E_mathHeld,0.05,14,-17.2,-6.2,11.0,sft,True,False,False
llama,40,E_mathHeld,0.1,14,-13.0,-5.0,8.0,sft,True,False,False
llama,40,E_mmluPro,0.01,14,-28.0,-8.2,19.8,sft,True,False,False
llama,40,E_mmluPro,0.025,14,-30.0,-9.0,21.0,sft,True,False,False
llama,40,E_mmluPro,0.05,14,-27.2,-8.4,18.799999999999997,sft,True,False,False
llama,40,E_mmluPro,0.1,14,-22.2,-7.0,15.2,sft,True,False,False
llama,80,E_general,0.01,14,-16.8,-6.4,10.4,sft,True,False,False
llama,80,E_general,0.025,14,-18.0,-7.4,10.6,sft,True,False,False
llama,80,E_general,0.05,14,-17.0,-7.2,9.8,sft,True,False,False
llama,80,E_general,0.1,14,-14.6,-6.4,8.2,sft,True,False,False
llama,80,E_ifeval,0.01,14,-32.2,-16.2,16.000000000000004,sft,True,False,False
llama,80,E_ifeval,0.025,14,-34.0,-17.8,16.2,sft,True,False,False
llama,80,E_ifeval,0.05,14,-31.6,-17.2,14.400000000000002,sft,True,False,False
llama,80,E_ifeval,0.1,14,-26.0,-14.4,11.6,sft,True,False,False
llama,80,E_mathHeld,0.01,14,-23.0,-12.2,10.8,sft,True,False,False
llama,80,E_mathHeld,0.025,14,-21.0,-11.4,9.6,sft,True,False,False
llama,80,E_mathHeld,0.05,14,-17.8,-10.0,7.800000000000001,sft,True,False,False
llama,80,E_mathHeld,0.1,14,-13.4,-7.8,5.6000000000000005,sft,True,False,False
llama,80,E_mmluPro,0.01,14,-33.4,-12.8,20.599999999999998,sft,True,False,False
llama,80,E_mmluPro,0.025,14,-36.0,-14.2,21.8,sft,True,False,False
llama,80,E_mmluPro,0.05,14,-33.2,-13.4,19.800000000000004,sft,True,False,False
llama,80,E_mmluPro,0.1,14,-27.0,-11.6,15.4,sft,True,False,False
qwen,20,E_general,0.01,18,-7.4,-1.8,5.6000000000000005,seqkd,True,False,False
qwen,20,E_general,0.025,18,-9.0,-2.2,6.8,seqkd,True,False,False
qwen,20,E_general,0.05,18,-9.6,-2.4,7.199999999999999,seqkd,True,False,False
qwen,20,E_general,0.1,18,-8.0,-2.0,6.0,seqkd,True,False,False
qwen,20,E_ifeval,0.01,18,-0.8,0.2,1.0,sft,True,False,False
qwen,20,E_ifeval,0.025,18,-0.4,0.0,0.4,sft,True,False,False
qwen,20,E_ifeval,0.05,18,-0.4,-0.2,0.2,sft,True,False,False
qwen,20,E_ifeval,0.1,18,0.6,-0.2,-0.8,sft,False,False,True
qwen,20,E_mathHeld,0.01,18,-3.4,0.6,4.0,sft,True,False,False
qwen,20,E_mathHeld,0.025,18,-4.2,0.2,4.4,sft,True,False,False
qwen,20,E_mathHeld,0.05,18,-4.2,0.6,4.8,sft,True,False,False
qwen,20,E_mathHeld,0.1,18,-4.0,0.4,4.4,sft,True,False,False
qwen,20,E_mmluPro,0.01,18,-5.0,0.6,5.6,sft,True,False,False
qwen,20,E_mmluPro,0.025,18,-6.0,1.0,7.0,sft,True,False,False
qwen,20,E_mmluPro,0.05,18,-5.8,1.0,6.8,sft,True,False,False
qwen,20,E_mmluPro,0.1,18,-5.2,0.8,6.0,sft,True,False,False
qwen,40,E_general,0.01,18,-9.6,-3.2,6.3999999999999995,seqkd,True,False,False
qwen,40,E_general,0.025,18,-11.6,-3.6,8.0,seqkd,True,False,False
qwen,40,E_general,0.05,18,-12.6,-4.0,8.6,seqkd,True,False,False
qwen,40,E_general,0.1,18,-10.6,-3.2,7.3999999999999995,seqkd,True,False,False
qwen,40,E_ifeval,0.01,18,-8.0,1.4,9.4,seqkd,True,False,False
qwen,40,E_ifeval,0.025,18,-9.2,1.6,10.799999999999999,seqkd,True,False,False
qwen,40,E_ifeval,0.05,18,-8.2,1.8,10.0,seqkd,True,False,False
qwen,40,E_ifeval,0.1,18,-5.8,1.4,7.199999999999999,offkd,True,False,False
qwen,40,E_mathHeld,0.01,18,-5.6,0.8,6.3999999999999995,seqkd,True,False,False
qwen,40,E_mathHeld,0.025,18,-7.2,1.0,8.2,seqkd,True,False,False
qwen,40,E_mathHeld,0.05,18,-7.8,1.2,9.0,seqkd,True,False,False
qwen,40,E_mathHeld,0.1,18,-7.0,1.4,8.4,seqkd,True,False,False
qwen,40,E_mmluPro,0.01,18,-10.4,0.4,10.8,seqkd,True,False,False
qwen,40,E_mmluPro,0.025,18,-12.4,0.8,13.200000000000001,seqkd,True,False,False
qwen,40,E_mmluPro,0.05,18,-12.6,1.0,13.6,seqkd,True,False,False
qwen,40,E_mmluPro,0.1,18,-11.0,1.4,12.4,seqkd,True,False,False
qwen,80,E_general,0.01,18,-7.8,-5.6,2.2,seqkd,True,False,False
qwen,80,E_general,0.025,18,-9.4,-6.8,2.6000000000000005,seqkd,True,False,False
qwen,80,E_general,0.05,18,-10.0,-7.4,2.5999999999999996,seqkd,True,False,False
qwen,80,E_general,0.1,18,-8.6,-6.6,2.0,seqkd,True,False,False
qwen,80,E_ifeval,0.01,18,-7.2,-3.4,3.8000000000000003,seqkd,True,False,False
qwen,80,E_ifeval,0.025,18,-8.2,-4.0,4.199999999999999,seqkd,True,False,False
qwen,80,E_ifeval,0.05,18,-7.6,-4.2,3.3999999999999995,seqkd,True,False,False
qwen,80,E_ifeval,0.1,18,-5.2,-3.4,1.8000000000000003,seqkd,True,False,False
qwen,80,E_mathHeld,0.01,18,-5.4,-3.0,2.4000000000000004,seqkd,True,False,False
qwen,80,E_mathHeld,0.025,18,-7.4,-4.0,3.4000000000000004,seqkd,True,False,False
qwen,80,E_mathHeld,0.05,18,-7.8,-4.2,3.5999999999999996,seqkd,True,False,False
qwen,80,E_mathHeld,0.1,18,-7.0,-4.0,3.0,seqkd,True,False,False
qwen,80,E_mmluPro,0.01,18,-8.6,-4.0,4.6,seqkd,True,False,False
qwen,80,E_mmluPro,0.025,18,-10.4,-4.6,5.800000000000001,seqkd,True,False,False
qwen,80,E_mmluPro,0.05,18,-10.4,-4.2,6.2,seqkd,True,False,False
qwen,80,E_mmluPro,0.1,18,-9.2,-3.6,5.6,seqkd,True,False,False
