r2_oof,mae_oof,spearman_oof,model,target,task_type,feature_block,features,n_common,n_checkpoint_groups,delta_r2_vs_A,mae_reduction_vs_A,delta_spearman_vs_A,delta_r2_vs_C5,mae_reduction_vs_C5,delta_spearman_vs_C5,delta_r2_vs_Pk5,mae_reduction_vs_Pk5,delta_spearman_vs_Pk5,auc_oof,log_loss_oof,balanced_accuracy_oof,delta_auc_vs_A,log_loss_reduction_vs_A,delta_balanced_accuracy_vs_A,delta_auc_vs_C5,log_loss_reduction_vs_C5,delta_balanced_accuracy_vs_C5,delta_auc_vs_Pk5,log_loss_reduction_vs_Pk5,delta_balanced_accuracy_vs_Pk5,equal7_feature_block,r2_oof_equal7,mae_oof_equal7,spearman_oof_equal7,auc_oof_equal7,log_loss_oof_equal7,balanced_accuracy_oof_equal7,delta_r2_oof_vs_equal7,delta_mae_oof_vs_equal7,delta_spearman_oof_vs_equal7,delta_auc_oof_vs_equal7,delta_log_loss_oof_vs_equal7,delta_balanced_accuracy_oof_vs_equal7
0.10434708817706384,0.04177050265410143,0.5270604395604395,llama,cumulative_kl_base_to_current,regression,A,"normalized_entropy_effective_rank,participation_ratio,top1_explained_share,top8_explained_share,top32_explained_share,raw_anisotropy,centered_anisotropy,linear_cka_vs_step0",64,4,0.0,0.0,0.0,-0.6154999116879929,-0.018231630333314243,-0.2438644688644689,0.4532757236914591,0.009270263426920125,-0.27606017843685693,,,,,,,,,,,,,A,0.1043470881770638,0.0417705026541014,0.5270604395604395,,,,4.163336342344337e-17,2.7755575615628914e-17,0.0,,,
0.7198469998650567,0.023538872320787184,0.7709249084249084,llama,cumulative_kl_base_to_current,regression,C5,c_equal5,64,4,0.6154999116879929,0.018231630333314243,0.2438644688644689,0.0,0.0,0.0,1.068775635379452,0.027501893760234368,-0.03219570957238804,,,,,,,,,,,,,C,0.7253185649553784,0.0215114218415554,0.9346153846153844,,,,-0.005471565090321651,0.002027450479231783,-0.16369047619047605,,,
-0.34892863551439524,0.05104076608102155,0.8031206179972964,llama,cumulative_kl_base_to_current,regression,Pk5,"p_k4_equal5,p_k8_equal5,p_k16_equal5,p_k32_equal5",64,4,-0.4532757236914591,-0.009270263426920125,0.27606017843685693,-1.068775635379452,-0.027501893760234368,0.03219570957238804,0.0,0.0,0.0,,,,,,,,,,,,,Pk,0.3908294613543921,0.0293211960271498,0.8486252817540543,,,,-0.7397580968687874,0.02171957005387175,-0.04550466375675788,,,
0.7224694555463279,0.023525266717703976,0.8244047619047619,llama,cumulative_kl_base_to_current,regression,A+C5,"normalized_entropy_effective_rank,participation_ratio,top1_explained_share,top8_explained_share,top32_explained_share,raw_anisotropy,centered_anisotropy,linear_cka_vs_step0,c_equal5",64,4,0.6181223673692641,0.01824523593639745,0.2973443223443224,0.002622455681271174,1.360560308320824e-05,0.05347985347985351,1.0713980910607233,0.027515499363317576,0.02128414390746547,,,,,,,,,,,,,A+C,0.7302327377773876,0.0219043661564233,0.9358974358974358,,,,-0.007763282231059709,0.0016209005612806762,-0.11149267399267393,,,
-0.23974807593168856,0.04721361206857929,0.9039377289377287,llama,cumulative_kl_base_to_current,regression,Pk5+A,"p_k4_equal5,p_k8_equal5,p_k16_equal5,p_k32_equal5,normalized_entropy_effective_rank,participation_ratio,top1_explained_share,top8_explained_share,top32_explained_share,raw_anisotropy,centered_anisotropy,linear_cka_vs_step0",64,4,-0.3440951641087524,-0.005443109414477863,0.37687728937728926,-0.9595950757967453,-0.023674739747792106,0.13301282051282037,0.10918055958270667,0.0038271540124422618,0.10081711094043233,,,,,,,,,,,,,Pk+A,0.5585414084288888,0.0282315810067729,0.8519688644688643,,,,-0.7982894843605773,0.01898203106180639,0.051968864468864395,,,
0.43336559635572647,0.0375437761653813,0.8709706959706958,llama,cumulative_kl_base_to_current,regression,Pk5+C5,"p_k4_equal5,p_k8_equal5,p_k16_equal5,p_k32_equal5,c_equal5",64,4,0.3290185081786626,0.004226726488720127,0.3439102564102563,-0.28648140350933027,-0.014004903844594116,0.10004578754578741,0.7822942318701217,0.013496989915640252,0.06785007797339937,,,,,,,,,,,,,Pk+C,0.6781238402900214,0.0222219547986334,0.9178571428571428,,,,-0.2447582439342949,0.015321821366747899,-0.04688644688644705,,,
0.343106845341429,0.03961363747836576,0.9012820512820511,llama,cumulative_kl_base_to_current,regression,Pk5+A+C5,"p_k4_equal5,p_k8_equal5,p_k16_equal5,p_k32_equal5,normalized_entropy_effective_rank,participation_ratio,top1_explained_share,top8_explained_share,top32_explained_share,raw_anisotropy,centered_anisotropy,linear_cka_vs_step0,c_equal5",64,4,0.23875975716436515,0.00215686517573567,0.3742216117216116,-0.37674015452362775,-0.016074765157578573,0.13035714285714273,0.6920354808558242,0.011427128602655795,0.09816143328475468,,,,,,,,,,,,,Pk+A+C,0.6976270450451516,0.0250141737822793,0.8775641025641024,,,,-0.3545201997037226,0.014599463696086456,0.023717948717948634,,,
0.18141032502322296,0.07869315944257654,0.4168498168498168,llama,absolute_delta_nll_cumulative,regression,A,"normalized_entropy_effective_rank,participation_ratio,top1_explained_share,top8_explained_share,top32_explained_share,raw_anisotropy,centered_anisotropy,linear_cka_vs_step0",64,4,0.0,0.0,0.0,-0.5570668042782698,-0.026434664906858488,-0.24954212454212454,-0.2548371142730116,-0.01084313534703013,-0.4031515635088576,,,,,,,,,,,,,A,0.1814103250232229,0.0786931594425765,0.4168498168498168,,,,5.551115123125783e-17,4.163336342344337e-17,0.0,,,
0.7384771293014928,0.052258494535718056,0.6663919413919414,llama,absolute_delta_nll_cumulative,regression,C5,c_equal5,64,4,0.5570668042782698,0.026434664906858488,0.24954212454212454,0.0,0.0,0.0,0.30222969000525823,0.015591529559828357,-0.15360943896673307,,,,,,,,,,,,,C,0.8455020497260102,0.0400690387061635,0.8757326007326006,,,,-0.10702492042451739,0.012189455829554559,-0.20934065934065926,,,
0.43624743929623455,0.06785002409554641,0.8200013803586744,llama,absolute_delta_nll_cumulative,regression,Pk5,"p_k4_equal5,p_k8_equal5,p_k16_equal5,p_k32_equal5",64,4,0.2548371142730116,0.01084313534703013,0.4031515635088576,-0.30222969000525823,-0.015591529559828357,0.15360943896673307,0.0,0.0,0.0,,,,,,,,,,,,,Pk,0.5099704817626602,0.067090150524796,0.7042213689453104,,,,-0.07372304246642569,0.0007598735707504134,0.11578001141336403,,,
0.651459945334999,0.05834964856463228,0.7060897435897435,llama,absolute_delta_nll_cumulative,regression,A+C5,"normalized_entropy_effective_rank,participation_ratio,top1_explained_share,top8_explained_share,top32_explained_share,raw_anisotropy,centered_anisotropy,linear_cka_vs_step0,c_equal5",64,4,0.470049620311776,0.02034351087794426,0.2892399267399267,-0.08701718396649383,-0.006091154028914227,0.03969780219780217,0.2152125060387644,0.00950037553091413,-0.1139116367689309,,,,,,,,,,,,,A+C,0.8134734767622136,0.0421556641340115,0.8696886446886447,,,,-0.16201353142721464,0.016193984430620784,-0.16359890109890118,,,
0.5067117649150408,0.0623407467075495,0.915018315018315,llama,absolute_delta_nll_cumulative,regression,Pk5+A,"p_k4_equal5,p_k8_equal5,p_k16_equal5,p_k32_equal5,normalized_entropy_effective_rank,participation_ratio,top1_explained_share,top8_explained_share,top32_explained_share,raw_anisotropy,centered_anisotropy,linear_cka_vs_step0",64,4,0.3253014398918178,0.016352412735027043,0.4981684981684982,-0.231765364386452,-0.010082252171831445,0.24862637362637363,0.07046432561880622,0.005509277387996912,0.09501693465964056,,,,,,,,,,,,,Pk+A,0.5911090525403864,0.0574115438843982,0.7985805860805859,,,,-0.0843972876253456,0.004929202823151298,0.11643772893772908,,,
0.7275701995965691,0.047568196971304905,0.8915750915750914,llama,absolute_delta_nll_cumulative,regression,Pk5+C5,"p_k4_equal5,p_k8_equal5,p_k16_equal5,p_k32_equal5,c_equal5",64,4,0.5461598745733461,0.03112496247127164,0.4747252747252746,-0.010906929704923685,0.004690297564413151,0.22518315018315005,0.29132276030033455,0.020281827124241508,0.07157371121641698,,,,,,,,,,,,,Pk+C,0.6864261522710386,0.0542021157119139,0.8419413919413918,,,,0.04114404732553045,-0.006633918740608993,0.04963369963369957,,,
0.705520835193516,0.05158694813938196,0.9277472527472526,llama,absolute_delta_nll_cumulative,regression,Pk5+A+C5,"p_k4_equal5,p_k8_equal5,p_k16_equal5,p_k32_equal5,normalized_entropy_effective_rank,participation_ratio,top1_explained_share,top8_explained_share,top32_explained_share,raw_anisotropy,centered_anisotropy,linear_cka_vs_step0,c_equal5",64,4,0.5241105101702931,0.027106211303194586,0.5108974358974357,-0.032956294107976736,0.0006715463963360979,0.2613553113553112,0.2692733958972815,0.016263075956164455,0.10774587238857813,,,,,,,,,,,,,Pk+A+C,0.6186810512291717,0.0547486514426,0.8415293040293039,,,,0.08683978396434433,-0.0031617033032180428,0.08621794871794863,,,
0.0216730456579165,0.040133019119255806,0.36607142857142855,llama,delta_nll_cumulative,regression,A,"normalized_entropy_effective_rank,participation_ratio,top1_explained_share,top8_explained_share,top32_explained_share,raw_anisotropy,centered_anisotropy,linear_cka_vs_step0",64,4,0.0,0.0,0.0,-0.5190010469493344,-0.009258208103519957,-0.08933150183150179,0.38522286981643605,0.008256284665274685,-0.07980088162583676,,,,,,,,,,,,,A,0.0216730456579165,0.0401330191192558,0.3660714285714285,,,,0.0,6.938893903907228e-18,5.551115123125783e-17,,,
0.5406740926072509,0.03087481101573585,0.45540293040293034,llama,delta_nll_cumulative,regression,C5,c_equal5,64,4,0.5190010469493344,0.009258208103519957,0.08933150183150179,0.0,0.0,0.0,0.9042239167657704,0.017514492768794642,0.00953062020566503,,,,,,,,,,,,,C,0.3499017149021035,0.0329944698129949,0.3914377289377289,,,,0.19077237770514738,-0.0021196587972590504,0.06396520146520146,,,
-0.36354982415851955,0.04838930378453049,0.4458723101972653,llama,delta_nll_cumulative,regression,Pk5,"p_k4_equal5,p_k8_equal5,p_k16_equal5,p_k32_equal5",64,4,-0.38522286981643605,-0.008256284665274685,0.07980088162583676,-0.9042239167657704,-0.017514492768794642,-0.00953062020566503,0.0,0.0,0.0,,,,,,,,,,,,,Pk,0.4187371069562832,0.0287437453207887,0.4961476241865866,,,,-0.7822869311148027,0.019645558463741792,-0.05027531398932128,,,
0.3730747976290685,0.034014293963299844,0.5221153846153845,llama,delta_nll_cumulative,regression,A+C5,"normalized_entropy_effective_rank,participation_ratio,top1_explained_share,top8_explained_share,top32_explained_share,raw_anisotropy,centered_anisotropy,linear_cka_vs_step0,c_equal5",64,4,0.351401751971152,0.006118725155955962,0.156043956043956,-0.16759929497818238,-0.003139482947563995,0.0667124542124542,0.736624621787588,0.014375009821230647,0.07624307441811923,,,,,,,,,,,,,A+C,0.1729883127019507,0.0388187697913974,0.4558150183150182,,,,0.20008648492711778,-0.004804475828097558,0.06630036630036634,,,
-0.2839512796992063,0.04781771344061095,0.4869505494505494,llama,delta_nll_cumulative,regression,Pk5+A,"p_k4_equal5,p_k8_equal5,p_k16_equal5,p_k32_equal5,normalized_entropy_effective_rank,participation_ratio,top1_explained_share,top8_explained_share,top32_explained_share,raw_anisotropy,centered_anisotropy,linear_cka_vs_step0",64,4,-0.3056243253571228,-0.007684694321355143,0.12087912087912084,-0.8246253723064572,-0.0169429024248751,0.03154761904761905,0.07959854445931325,0.0005715903439195424,0.04107823925328408,,,,,,,,,,,,,Pk+A,0.517837299176169,0.0287889648253674,0.4071428571428571,,,,-0.8017885788753754,0.01902874861524355,0.0798076923076923,,,
-0.007656761270093737,0.043574311262759,0.4510073260073259,llama,delta_nll_cumulative,regression,Pk5+C5,"p_k4_equal5,p_k8_equal5,p_k16_equal5,p_k32_equal5,c_equal5",64,4,-0.029329806928010238,-0.003441292143503194,0.08493589743589736,-0.5483308538773446,-0.012699500247023151,-0.0043956043956044355,0.3558930628884258,0.004814992521771491,0.005135015810060595,,,,,,,,,,,,,Pk+C,0.3171238127229496,0.0353635159678837,0.4692307692307691,,,,-0.32478057399304333,0.008210795294875298,-0.018223443223443214,,,
0.15368676107512147,0.04175125665281012,0.4781135531135531,llama,delta_nll_cumulative,regression,Pk5+A+C5,"p_k4_equal5,p_k8_equal5,p_k16_equal5,p_k32_equal5,normalized_entropy_effective_rank,participation_ratio,top1_explained_share,top8_explained_share,top32_explained_share,raw_anisotropy,centered_anisotropy,linear_cka_vs_step0,c_equal5",64,4,0.13201371541720497,-0.0016182375335543134,0.11204212454212453,-0.3869873315321294,-0.01087644563707427,0.02271062271062274,0.517236585233641,0.006638047131720372,0.03224124291628777,,,,,,,,,,,,,Pk+A+C,0.3003389802268591,0.0364973747709719,0.543543956043956,,,,-0.14665221915173765,0.0052538818818382155,-0.06543040293040292,,,
,,,llama,is_opd,classification,A,"normalized_entropy_effective_rank,participation_ratio,top1_explained_share,top8_explained_share,top32_explained_share,raw_anisotropy,centered_anisotropy,linear_cka_vs_step0",64,4,,,,,,,,,,0.5559895833333334,0.5696647833512767,0.5104166666666667,0.0,0.0,0.0,-0.1875,-0.10547445506427727,-0.17708333333333326,-0.13151041666666663,0.11366192069096193,0.01041666666666674,A,,,,0.5559895833333334,0.5696647833512767,0.5104166666666667,,,,0.0,0.0,0.0
,,,llama,is_opd,classification,C5,c_equal5,64,4,,,,,,,,,,0.7434895833333334,0.4641903282869994,0.6875,0.1875,0.10547445506427727,0.17708333333333326,0.0,0.0,0.0,0.05598958333333337,0.2191363757552392,0.1875,C,,,,0.671875,0.5639305562799264,0.5729166666666667,,,,0.07161458333333337,-0.09974022799292698,0.11458333333333326
,,,llama,is_opd,classification,Pk5,"p_k4_equal5,p_k8_equal5,p_k16_equal5,p_k32_equal5",64,4,,,,,,,,,,0.6875,0.6833267040422386,0.5,0.13151041666666663,-0.11366192069096193,-0.01041666666666674,-0.05598958333333337,-0.2191363757552392,-0.1875,0.0,0.0,0.0,Pk,,,,0.7083333333333334,0.6107392101346365,0.625,,,,-0.02083333333333337,0.07258749390760211,-0.125
,,,llama,is_opd,classification,A+C5,"normalized_entropy_effective_rank,participation_ratio,top1_explained_share,top8_explained_share,top32_explained_share,raw_anisotropy,centered_anisotropy,linear_cka_vs_step0,c_equal5",64,4,,,,,,,,,,0.7513020833333334,0.5716025708573629,0.71875,0.1953125,-0.001937787506086197,0.20833333333333326,0.0078125,-0.10741224257036347,0.03125,0.06380208333333337,0.11172413318487573,0.21875,A+C,,,,0.6796875,0.7118805177955947,0.6041666666666667,,,,0.07161458333333337,-0.1402779469382318,0.11458333333333326
,,,llama,is_opd,classification,Pk5+A,"p_k4_equal5,p_k8_equal5,p_k16_equal5,p_k32_equal5,normalized_entropy_effective_rank,participation_ratio,top1_explained_share,top8_explained_share,top32_explained_share,raw_anisotropy,centered_anisotropy,linear_cka_vs_step0",64,4,,,,,,,,,,0.671875,0.6865379896072492,0.5,0.11588541666666663,-0.11687320625597253,-0.01041666666666674,-0.07161458333333337,-0.2223476613202498,-0.1875,-0.015625,-0.003211285565010602,0.0,Pk+A,,,,0.7083333333333334,0.6106554495371259,0.625,,,,-0.03645833333333337,0.0758825400701233,-0.125
,,,llama,is_opd,classification,Pk5+C5,"p_k4_equal5,p_k8_equal5,p_k16_equal5,p_k32_equal5,c_equal5",64,4,,,,,,,,,,0.7239583333333334,0.6057669123000481,0.5,0.16796875,-0.036102128948771406,-0.01041666666666674,-0.01953125,-0.14157658401304868,-0.1875,0.03645833333333337,0.07755979174219052,0.0,Pk+C,,,,0.7200520833333334,0.6155476508282225,0.625,,,,0.00390625,-0.009780738528174404,-0.125
,,,llama,is_opd,classification,Pk5+A+C5,"p_k4_equal5,p_k8_equal5,p_k16_equal5,p_k32_equal5,normalized_entropy_effective_rank,participation_ratio,top1_explained_share,top8_explained_share,top32_explained_share,raw_anisotropy,centered_anisotropy,linear_cka_vs_step0,c_equal5",64,4,,,,,,,,,,0.7135416666666666,0.6401623104969412,0.5625,0.15755208333333326,-0.07049752714566448,0.05208333333333326,-0.02994791666666674,-0.17597198220994176,-0.125,0.02604166666666663,0.04316439354529744,0.0625,Pk+A+C,,,,0.71484375,0.6155412654964882,0.625,,,,-0.0013020833333333703,0.024621045000452924,-0.0625
