model,domain,arm,feature,target,epsilon,n,pearson,spearman
llama,math,offkd,c_equal5,delta_nll_p,0.01,6,0.33151161055788336,0.028571428571428574
llama,math,offkd,c_equal5,delta_nll_p,0.025,6,0.41056183837734467,0.028571428571428574
llama,math,offkd,c_equal5,delta_nll_p,0.05,6,0.3476667367267267,0.028571428571428574
llama,math,offkd,c_equal5,delta_nll_p,0.1,6,0.3872275218597507,0.028571428571428574
llama,math,offkd,c_equal5,delta_nll_c,0.01,6,0.6880275558283387,0.8285714285714287
llama,math,offkd,c_equal5,delta_nll_c,0.025,6,0.7028126432720982,0.8285714285714287
llama,math,offkd,c_equal5,delta_nll_c,0.05,6,0.7012392796058324,0.8285714285714287
llama,math,offkd,c_equal5,delta_nll_c,0.1,6,0.7601681245168161,0.8285714285714287
llama,math,offkd,c_equal5,delta_nll_b,0.01,6,-0.0416463594229976,-0.2571428571428572
llama,math,offkd,c_equal5,delta_nll_b,0.025,6,-0.11952566421606214,-0.2571428571428572
llama,math,offkd,c_equal5,delta_nll_b,0.05,6,-0.07730167391924185,-0.2571428571428572
llama,math,offkd,c_equal5,delta_nll_b,0.1,6,-0.13924606904355943,-0.2571428571428572
llama,math,offkd,c_equal5,delta_nll_t,0.01,6,0.6674293992504639,0.7142857142857143
llama,math,offkd,c_equal5,delta_nll_t,0.025,6,0.7286622821673704,0.7142857142857143
llama,math,offkd,c_equal5,delta_nll_t,0.05,6,0.7016384039338174,0.7142857142857143
llama,math,offkd,c_equal5,delta_nll_t,0.1,6,0.7518025162033708,0.7142857142857143
llama,math,offkd,c_equal5,kl_b,0.01,6,0.8370881467720038,0.942857142857143
llama,math,offkd,c_equal5,kl_b,0.025,6,0.8735275115597483,0.942857142857143
llama,math,offkd,c_equal5,kl_b,0.05,6,0.8328770336196318,0.942857142857143
llama,math,offkd,c_equal5,kl_b,0.1,6,0.9144073196074777,0.942857142857143
llama,math,offkd,c_equal5,kl_t,0.01,6,0.7940655773259138,0.942857142857143
llama,math,offkd,c_equal5,kl_t,0.025,6,0.8338814861174575,0.942857142857143
llama,math,offkd,c_equal5,kl_t,0.05,6,0.788630184640696,0.942857142857143
llama,math,offkd,c_equal5,kl_t,0.1,6,0.876699354430867,0.942857142857143
llama,math,offkd,c_equal5,abs_delta_nll_c,0.01,6,0.8469684471723795,0.942857142857143
llama,math,offkd,c_equal5,abs_delta_nll_c,0.025,6,0.8466306884245268,0.942857142857143
llama,math,offkd,c_equal5,abs_delta_nll_c,0.05,6,0.8265177009549619,0.942857142857143
llama,math,offkd,c_equal5,abs_delta_nll_c,0.1,6,0.8818499468501495,0.942857142857143
llama,math,offkd,c_equal5,abs_delta_nll_b,0.01,6,0.8723679092957076,0.942857142857143
llama,math,offkd,c_equal5,abs_delta_nll_b,0.025,6,0.8750578309324483,0.942857142857143
llama,math,offkd,c_equal5,abs_delta_nll_b,0.05,6,0.8555903592767775,0.942857142857143
llama,math,offkd,c_equal5,abs_delta_nll_b,0.1,6,0.9143589414342644,0.942857142857143
llama,math,offkd,c_equal5,abs_delta_nll_t,0.01,6,0.729407696221795,0.942857142857143
llama,math,offkd,c_equal5,abs_delta_nll_t,0.025,6,0.7885255822192047,0.942857142857143
llama,math,offkd,c_equal5,abs_delta_nll_t,0.05,6,0.746412806431908,0.942857142857143
llama,math,offkd,c_equal5,abs_delta_nll_t,0.1,6,0.8233186441943059,0.942857142857143
llama,math,offkd,c_equal5,delta_nll_b_minus_c,0.01,6,-0.13268111937702312,-0.2571428571428572
llama,math,offkd,c_equal5,delta_nll_b_minus_c,0.025,6,-0.20811072857782523,-0.2571428571428572
llama,math,offkd,c_equal5,delta_nll_b_minus_c,0.05,6,-0.16808966476323325,-0.2571428571428572
llama,math,offkd,c_equal5,delta_nll_b_minus_c,0.1,6,-0.23449004998245562,-0.2571428571428572
llama,math,offkd,c_equal5,delta_nll_b_minus_p,0.01,6,-0.14116490431786224,-0.3142857142857143
llama,math,offkd,c_equal5,delta_nll_b_minus_p,0.025,6,-0.22921579970028422,-0.3142857142857143
llama,math,offkd,c_equal5,delta_nll_b_minus_p,0.05,6,-0.1749599673208921,-0.3142857142857143
llama,math,offkd,c_equal5,delta_nll_b_minus_p,0.1,6,-0.23741121299765658,-0.3142857142857143
llama,math,opd,c_equal5,delta_nll_p,0.01,6,0.967705842723431,0.942857142857143
llama,math,opd,c_equal5,delta_nll_p,0.025,6,0.9587250825728431,0.942857142857143
llama,math,opd,c_equal5,delta_nll_p,0.05,6,0.9499856209182354,0.942857142857143
llama,math,opd,c_equal5,delta_nll_p,0.1,6,0.9410937138649347,0.942857142857143
llama,math,opd,c_equal5,delta_nll_c,0.01,6,0.9600752286484326,0.7714285714285715
llama,math,opd,c_equal5,delta_nll_c,0.025,6,0.9499255090713526,0.7714285714285715
llama,math,opd,c_equal5,delta_nll_c,0.05,6,0.9419988812769412,0.7714285714285715
llama,math,opd,c_equal5,delta_nll_c,0.1,6,0.9357514051662663,0.7714285714285715
llama,math,opd,c_equal5,delta_nll_b,0.01,6,0.703672907807994,0.48571428571428577
llama,math,opd,c_equal5,delta_nll_b,0.025,6,0.6858966405119719,0.48571428571428577
llama,math,opd,c_equal5,delta_nll_b,0.05,6,0.6761947395985521,0.48571428571428577
llama,math,opd,c_equal5,delta_nll_b,0.1,6,0.6717179186517226,0.48571428571428577
llama,math,opd,c_equal5,delta_nll_t,0.01,6,0.9816452813646648,0.7714285714285715
llama,math,opd,c_equal5,delta_nll_t,0.025,6,0.9795967051063373,0.7714285714285715
llama,math,opd,c_equal5,delta_nll_t,0.05,6,0.9758362517699896,0.7714285714285715
llama,math,opd,c_equal5,delta_nll_t,0.1,6,0.9655363087025531,0.7714285714285715
llama,math,opd,c_equal5,kl_b,0.01,6,0.9892315972970742,1.0
llama,math,opd,c_equal5,kl_b,0.025,6,0.9856340023688295,1.0
llama,math,opd,c_equal5,kl_b,0.05,6,0.9815793954601642,1.0
llama,math,opd,c_equal5,kl_b,0.1,6,0.9786608244743127,1.0
llama,math,opd,c_equal5,kl_t,0.01,6,0.9696154026690047,1.0
llama,math,opd,c_equal5,kl_t,0.025,6,0.9656821259355405,1.0
llama,math,opd,c_equal5,kl_t,0.05,6,0.9596347958303488,1.0
llama,math,opd,c_equal5,kl_t,0.1,6,0.9506483560145914,1.0
llama,math,opd,c_equal5,abs_delta_nll_c,0.01,6,0.9596035437167487,0.7714285714285715
llama,math,opd,c_equal5,abs_delta_nll_c,0.025,6,0.9493853065971276,0.7714285714285715
llama,math,opd,c_equal5,abs_delta_nll_c,0.05,6,0.9413904081187706,0.7714285714285715
llama,math,opd,c_equal5,abs_delta_nll_c,0.1,6,0.9350639409552809,0.7714285714285715
llama,math,opd,c_equal5,abs_delta_nll_b,0.01,6,0.9845206901693049,1.0
llama,math,opd,c_equal5,abs_delta_nll_b,0.025,6,0.9817878478977772,1.0
llama,math,opd,c_equal5,abs_delta_nll_b,0.05,6,0.9802420727119043,1.0
llama,math,opd,c_equal5,abs_delta_nll_b,0.1,6,0.9824753778270744,1.0
llama,math,opd,c_equal5,abs_delta_nll_t,0.01,6,0.9816227733233098,0.7714285714285715
llama,math,opd,c_equal5,abs_delta_nll_t,0.025,6,0.9795621265886236,0.7714285714285715
llama,math,opd,c_equal5,abs_delta_nll_t,0.05,6,0.9757364335380568,0.7714285714285715
llama,math,opd,c_equal5,abs_delta_nll_t,0.1,6,0.9653881936255586,0.7714285714285715
llama,math,opd,c_equal5,delta_nll_b_minus_c,0.01,6,-0.9725893665637316,-0.7714285714285715
llama,math,opd,c_equal5,delta_nll_b_minus_c,0.025,6,-0.9636773495663674,-0.7714285714285715
llama,math,opd,c_equal5,delta_nll_b_minus_c,0.05,6,-0.9561632395114047,-0.7714285714285715
llama,math,opd,c_equal5,delta_nll_b_minus_c,0.1,6,-0.9498207891739765,-0.7714285714285715
llama,math,opd,c_equal5,delta_nll_b_minus_p,0.01,6,-0.9735277112170704,-1.0
llama,math,opd,c_equal5,delta_nll_b_minus_p,0.025,6,-0.9664960298185234,-1.0
llama,math,opd,c_equal5,delta_nll_b_minus_p,0.05,6,-0.9583001480666106,-1.0
llama,math,opd,c_equal5,delta_nll_b_minus_p,0.1,6,-0.9490004692671024,-1.0
llama,math,seqkd,c_equal5,delta_nll_p,0.01,6,0.6038362843274707,0.3714285714285715
llama,math,seqkd,c_equal5,delta_nll_p,0.025,6,0.4918770164596573,0.2
llama,math,seqkd,c_equal5,delta_nll_p,0.05,6,0.6040820147092736,0.3142857142857143
llama,math,seqkd,c_equal5,delta_nll_p,0.1,6,0.4087359465182291,0.2
llama,math,seqkd,c_equal5,delta_nll_c,0.01,6,0.8528589649984369,0.8857142857142858
llama,math,seqkd,c_equal5,delta_nll_c,0.025,6,0.8652705523363737,0.7714285714285715
llama,math,seqkd,c_equal5,delta_nll_c,0.05,6,0.910345562612492,0.942857142857143
llama,math,seqkd,c_equal5,delta_nll_c,0.1,6,0.8038980374436514,0.7714285714285715
llama,math,seqkd,c_equal5,delta_nll_b,0.01,6,0.4442691120856618,0.3714285714285715
llama,math,seqkd,c_equal5,delta_nll_b,0.025,6,0.5602265036712317,0.4285714285714286
llama,math,seqkd,c_equal5,delta_nll_b,0.05,6,0.5798155703191817,0.6
llama,math,seqkd,c_equal5,delta_nll_b,0.1,6,0.4829070968166602,0.4285714285714286
llama,math,seqkd,c_equal5,delta_nll_t,0.01,6,0.4667646816128645,0.3714285714285715
llama,math,seqkd,c_equal5,delta_nll_t,0.025,6,0.5770736622906476,0.5428571428571429
llama,math,seqkd,c_equal5,delta_nll_t,0.05,6,0.4080525522462892,0.3142857142857143
llama,math,seqkd,c_equal5,delta_nll_t,0.1,6,0.6411849833245917,0.5428571428571429
llama,math,seqkd,c_equal5,kl_b,0.01,6,0.8387475203976343,0.8857142857142858
llama,math,seqkd,c_equal5,kl_b,0.025,6,0.7954357588130311,0.7714285714285715
llama,math,seqkd,c_equal5,kl_b,0.05,6,0.8891072561260696,0.942857142857143
llama,math,seqkd,c_equal5,kl_b,0.1,6,0.7146982032296105,0.7714285714285715
llama,math,seqkd,c_equal5,kl_t,0.01,6,0.8023554335206788,0.7714285714285715
llama,math,seqkd,c_equal5,kl_t,0.025,6,0.7811770078285235,0.7142857142857143
llama,math,seqkd,c_equal5,kl_t,0.05,6,0.8317852884446898,0.8285714285714287
llama,math,seqkd,c_equal5,kl_t,0.1,6,0.7107223554055025,0.7142857142857143
llama,math,seqkd,c_equal5,abs_delta_nll_c,0.01,6,0.8559554464910426,0.8857142857142858
llama,math,seqkd,c_equal5,abs_delta_nll_c,0.025,6,0.8522564978208729,0.7714285714285715
llama,math,seqkd,c_equal5,abs_delta_nll_c,0.05,6,0.8956590951410264,0.942857142857143
llama,math,seqkd,c_equal5,abs_delta_nll_c,0.1,6,0.7878735079798999,0.7714285714285715
llama,math,seqkd,c_equal5,abs_delta_nll_b,0.01,6,0.7941145816579198,0.942857142857143
llama,math,seqkd,c_equal5,abs_delta_nll_b,0.025,6,0.8248614548057481,0.8857142857142858
llama,math,seqkd,c_equal5,abs_delta_nll_b,0.05,6,0.8577507230156304,1.0
llama,math,seqkd,c_equal5,abs_delta_nll_b,0.1,6,0.7595372538701151,0.8857142857142858
llama,math,seqkd,c_equal5,abs_delta_nll_t,0.01,6,0.7634128917246966,0.8857142857142858
llama,math,seqkd,c_equal5,abs_delta_nll_t,0.025,6,0.8284003588628914,0.942857142857143
llama,math,seqkd,c_equal5,abs_delta_nll_t,0.05,6,0.7317464839286452,0.7714285714285715
llama,math,seqkd,c_equal5,abs_delta_nll_t,0.1,6,0.8457547503439685,0.942857142857143
llama,math,seqkd,c_equal5,delta_nll_b_minus_c,0.01,6,0.10114226359141264,0.3714285714285715
llama,math,seqkd,c_equal5,delta_nll_b_minus_c,0.025,6,0.25190777900953654,0.4285714285714286
llama,math,seqkd,c_equal5,delta_nll_b_minus_c,0.05,6,0.2519474922915492,0.6
llama,math,seqkd,c_equal5,delta_nll_b_minus_c,0.1,6,0.1827950581772289,0.4285714285714286
llama,math,seqkd,c_equal5,delta_nll_b_minus_p,0.01,6,0.2524681782349325,0.2571428571428572
llama,math,seqkd,c_equal5,delta_nll_b_minus_p,0.025,6,0.39997950279682626,0.3714285714285715
llama,math,seqkd,c_equal5,delta_nll_b_minus_p,0.05,6,0.38520067764895144,0.48571428571428577
llama,math,seqkd,c_equal5,delta_nll_b_minus_p,0.1,6,0.3493951896252857,0.3714285714285715
llama,math,sft,c_equal5,delta_nll_p,0.01,6,0.9696650435560189,1.0
llama,math,sft,c_equal5,delta_nll_p,0.025,6,0.9685057519373905,1.0
llama,math,sft,c_equal5,delta_nll_p,0.05,6,0.9661860826243049,1.0
llama,math,sft,c_equal5,delta_nll_p,0.1,6,0.9755577584489604,1.0
llama,math,sft,c_equal5,delta_nll_c,0.01,6,0.9801365864667948,1.0
llama,math,sft,c_equal5,delta_nll_c,0.025,6,0.9814346622746501,1.0
llama,math,sft,c_equal5,delta_nll_c,0.05,6,0.9798454836191631,1.0
llama,math,sft,c_equal5,delta_nll_c,0.1,6,0.9763228476522727,1.0
llama,math,sft,c_equal5,delta_nll_b,0.01,6,0.9538777413843008,1.0
llama,math,sft,c_equal5,delta_nll_b,0.025,6,0.9564962872334245,1.0
llama,math,sft,c_equal5,delta_nll_b,0.05,6,0.9552052518636341,1.0
llama,math,sft,c_equal5,delta_nll_b,0.1,6,0.948052242991317,1.0
llama,math,sft,c_equal5,delta_nll_t,0.01,6,0.9792791115127454,1.0
llama,math,sft,c_equal5,delta_nll_t,0.025,6,0.9822685141825809,1.0
llama,math,sft,c_equal5,delta_nll_t,0.05,6,0.9750796158571055,1.0
llama,math,sft,c_equal5,delta_nll_t,0.1,6,0.9701198333360928,1.0
llama,math,sft,c_equal5,kl_b,0.01,6,0.9818499088751972,1.0
llama,math,sft,c_equal5,kl_b,0.025,6,0.9814465485120699,1.0
llama,math,sft,c_equal5,kl_b,0.05,6,0.9818944166513676,1.0
llama,math,sft,c_equal5,kl_b,0.1,6,0.9810313852631768,1.0
llama,math,sft,c_equal5,kl_t,0.01,6,0.9868081128677403,1.0
llama,math,sft,c_equal5,kl_t,0.025,6,0.9868023053162448,1.0
llama,math,sft,c_equal5,kl_t,0.05,6,0.9876503641886808,1.0
llama,math,sft,c_equal5,kl_t,0.1,6,0.986770819292738,1.0
llama,math,sft,c_equal5,abs_delta_nll_c,0.01,6,0.9828324642260765,1.0
llama,math,sft,c_equal5,abs_delta_nll_c,0.025,6,0.9839431675504077,1.0
llama,math,sft,c_equal5,abs_delta_nll_c,0.05,6,0.9827182788713743,1.0
llama,math,sft,c_equal5,abs_delta_nll_c,0.1,6,0.9793800063530245,1.0
llama,math,sft,c_equal5,abs_delta_nll_b,0.01,6,0.9606486807755223,1.0
llama,math,sft,c_equal5,abs_delta_nll_b,0.025,6,0.9630999410960668,1.0
llama,math,sft,c_equal5,abs_delta_nll_b,0.05,6,0.9622564264862007,1.0
llama,math,sft,c_equal5,abs_delta_nll_b,0.1,6,0.9546918497560878,1.0
llama,math,sft,c_equal5,abs_delta_nll_t,0.01,6,0.9793614759530654,1.0
llama,math,sft,c_equal5,abs_delta_nll_t,0.025,6,0.9823378214152735,1.0
llama,math,sft,c_equal5,abs_delta_nll_t,0.05,6,0.9751664455103849,1.0
llama,math,sft,c_equal5,abs_delta_nll_t,0.1,6,0.9702446532118204,1.0
llama,math,sft,c_equal5,delta_nll_b_minus_c,0.01,6,0.9434238081342242,1.0
llama,math,sft,c_equal5,delta_nll_b_minus_c,0.025,6,0.9464182141379741,1.0
llama,math,sft,c_equal5,delta_nll_b_minus_c,0.05,6,0.9452176178223177,1.0
llama,math,sft,c_equal5,delta_nll_b_minus_c,0.1,6,0.9370311185626068,1.0
llama,math,sft,c_equal5,delta_nll_b_minus_p,0.01,6,0.9437834138234552,1.0
llama,math,sft,c_equal5,delta_nll_b_minus_p,0.025,6,0.9468380719834494,1.0
llama,math,sft,c_equal5,delta_nll_b_minus_p,0.05,6,0.9456829631220954,1.0
llama,math,sft,c_equal5,delta_nll_b_minus_p,0.1,6,0.9365854773397709,1.0
llama,mmlu,offkd,c_equal5,delta_nll_p,0.01,6,0.7586833810011883,0.7714285714285715
llama,mmlu,offkd,c_equal5,delta_nll_p,0.025,6,0.7711509943881656,0.7714285714285715
llama,mmlu,offkd,c_equal5,delta_nll_p,0.05,6,0.7964886941095883,0.7714285714285715
llama,mmlu,offkd,c_equal5,delta_nll_p,0.1,6,0.7401035988097533,0.7714285714285715
llama,mmlu,offkd,c_equal5,delta_nll_f,0.01,6,0.8632063836348146,0.8285714285714287
llama,mmlu,offkd,c_equal5,delta_nll_f,0.025,6,0.8447934317614003,0.8285714285714287
llama,mmlu,offkd,c_equal5,delta_nll_f,0.05,6,0.8356434662553587,0.8285714285714287
llama,mmlu,offkd,c_equal5,delta_nll_f,0.1,6,0.7987722924116077,0.8285714285714287
llama,mmlu,offkd,c_equal5,delta_nll_a,0.01,6,0.8899024728526239,0.48571428571428577
llama,mmlu,offkd,c_equal5,delta_nll_a,0.025,6,0.8727791605979219,0.48571428571428577
llama,mmlu,offkd,c_equal5,delta_nll_a,0.05,6,0.8584495929921742,0.48571428571428577
llama,mmlu,offkd,c_equal5,delta_nll_a,0.1,6,0.8344984979294842,0.48571428571428577
llama,mmlu,offkd,c_equal5,delta_nll_t,0.01,6,0.610850489526576,0.6
llama,mmlu,offkd,c_equal5,delta_nll_t,0.025,6,0.60991607165773,0.6
llama,mmlu,offkd,c_equal5,delta_nll_t,0.05,6,0.6314584101996699,0.6
llama,mmlu,offkd,c_equal5,delta_nll_t,0.1,6,0.5981710114580014,0.6
llama,mmlu,offkd,c_equal5,kl_f,0.01,6,0.9761749230747224,0.942857142857143
llama,mmlu,offkd,c_equal5,kl_f,0.025,6,0.9741198414701645,0.942857142857143
llama,mmlu,offkd,c_equal5,kl_f,0.05,6,0.9784247836155997,0.942857142857143
llama,mmlu,offkd,c_equal5,kl_f,0.1,6,0.9610017417958729,0.942857142857143
llama,mmlu,offkd,c_equal5,kl_a,0.01,6,0.9614243792289413,0.942857142857143
llama,mmlu,offkd,c_equal5,kl_a,0.025,6,0.960028053448878,0.942857142857143
llama,mmlu,offkd,c_equal5,kl_a,0.05,6,0.9666307486896109,0.942857142857143
llama,mmlu,offkd,c_equal5,kl_a,0.1,6,0.9464068471798668,0.942857142857143
llama,mmlu,offkd,c_equal5,kl_t,0.01,6,0.9505075700519161,0.942857142857143
llama,mmlu,offkd,c_equal5,kl_t,0.025,6,0.9492383067234135,0.942857142857143
llama,mmlu,offkd,c_equal5,kl_t,0.05,6,0.9578631968879092,0.942857142857143
llama,mmlu,offkd,c_equal5,kl_t,0.1,6,0.9349912497712769,0.942857142857143
llama,mmlu,offkd,c_equal5,abs_delta_nll_f,0.01,6,0.9618155706598284,0.8285714285714287
llama,mmlu,offkd,c_equal5,abs_delta_nll_f,0.025,6,0.9492633247095235,0.8285714285714287
llama,mmlu,offkd,c_equal5,abs_delta_nll_f,0.05,6,0.9436852486753531,0.8285714285714287
llama,mmlu,offkd,c_equal5,abs_delta_nll_f,0.1,6,0.926931553700027,0.8285714285714287
llama,mmlu,offkd,c_equal5,abs_delta_nll_a,0.01,6,0.9670499475907778,0.942857142857143
llama,mmlu,offkd,c_equal5,abs_delta_nll_a,0.025,6,0.9598971146323831,0.942857142857143
llama,mmlu,offkd,c_equal5,abs_delta_nll_a,0.05,6,0.9602884818085292,0.942857142857143
llama,mmlu,offkd,c_equal5,abs_delta_nll_a,0.1,6,0.9455726807552333,0.942857142857143
llama,mmlu,offkd,c_equal5,abs_delta_nll_t,0.01,6,0.9196831527809886,0.8285714285714287
llama,mmlu,offkd,c_equal5,abs_delta_nll_t,0.025,6,0.9084963368604262,0.8285714285714287
llama,mmlu,offkd,c_equal5,abs_delta_nll_t,0.05,6,0.9111831938027675,0.8285714285714287
llama,mmlu,offkd,c_equal5,abs_delta_nll_t,0.1,6,0.8859579834185248,0.8285714285714287
llama,mmlu,offkd,c_equal5,delta_nll_f_minus_a,0.01,6,0.8370053759377805,0.8285714285714287
llama,mmlu,offkd,c_equal5,delta_nll_f_minus_a,0.025,6,0.8187485057580145,0.8285714285714287
llama,mmlu,offkd,c_equal5,delta_nll_f_minus_a,0.05,6,0.8109372209888236,0.8285714285714287
llama,mmlu,offkd,c_equal5,delta_nll_f_minus_a,0.1,6,0.7721387420214474,0.8285714285714287
llama,mmlu,offkd,c_equal5,delta_nll_f_minus_p,0.01,6,0.7838003647868806,0.6571428571428573
llama,mmlu,offkd,c_equal5,delta_nll_f_minus_p,0.025,6,0.7584300828841608,0.6571428571428573
llama,mmlu,offkd,c_equal5,delta_nll_f_minus_p,0.05,6,0.7400428562316907,0.6571428571428573
llama,mmlu,offkd,c_equal5,delta_nll_f_minus_p,0.1,6,0.7138037347880181,0.6571428571428573
llama,mmlu,offkd,c_equal5,kl_f_minus_a,0.01,6,0.9794958324999561,0.942857142857143
llama,mmlu,offkd,c_equal5,kl_f_minus_a,0.025,6,0.9772643138662224,0.942857142857143
llama,mmlu,offkd,c_equal5,kl_f_minus_a,0.05,6,0.9809460721186358,0.942857142857143
llama,mmlu,offkd,c_equal5,kl_f_minus_a,0.1,6,0.9642909076693018,0.942857142857143
llama,mmlu,opd,c_equal5,delta_nll_p,0.01,6,0.9415943084598151,1.0
llama,mmlu,opd,c_equal5,delta_nll_p,0.025,6,0.9394072328042898,1.0
llama,mmlu,opd,c_equal5,delta_nll_p,0.05,6,0.9360450414735735,1.0
llama,mmlu,opd,c_equal5,delta_nll_p,0.1,6,0.9237299065231539,1.0
llama,mmlu,opd,c_equal5,delta_nll_f,0.01,6,0.9353982619076227,0.8285714285714287
llama,mmlu,opd,c_equal5,delta_nll_f,0.025,6,0.9339590698188013,0.8285714285714287
llama,mmlu,opd,c_equal5,delta_nll_f,0.05,6,0.9311240237465982,0.8285714285714287
llama,mmlu,opd,c_equal5,delta_nll_f,0.1,6,0.9186759211938348,0.8285714285714287
llama,mmlu,opd,c_equal5,delta_nll_a,0.01,6,0.9663485503233945,0.942857142857143
llama,mmlu,opd,c_equal5,delta_nll_a,0.025,6,0.9647908129115247,0.942857142857143
llama,mmlu,opd,c_equal5,delta_nll_a,0.05,6,0.962445985651746,0.942857142857143
llama,mmlu,opd,c_equal5,delta_nll_a,0.1,6,0.9526799983939567,0.942857142857143
llama,mmlu,opd,c_equal5,delta_nll_t,0.01,6,0.9712106560936754,0.7714285714285715
llama,mmlu,opd,c_equal5,delta_nll_t,0.025,6,0.9699920633807225,0.7714285714285715
llama,mmlu,opd,c_equal5,delta_nll_t,0.05,6,0.969012411495794,0.7714285714285715
llama,mmlu,opd,c_equal5,delta_nll_t,0.1,6,0.9645053997907865,0.7714285714285715
llama,mmlu,opd,c_equal5,kl_f,0.01,6,0.9799730976998783,0.8285714285714287
llama,mmlu,opd,c_equal5,kl_f,0.025,6,0.97949692327363,0.8285714285714287
llama,mmlu,opd,c_equal5,kl_f,0.05,6,0.9780545115850744,0.8285714285714287
llama,mmlu,opd,c_equal5,kl_f,0.1,6,0.9717014689786895,0.8285714285714287
llama,mmlu,opd,c_equal5,kl_a,0.01,6,0.9740866298492793,1.0
llama,mmlu,opd,c_equal5,kl_a,0.025,6,0.9727100445393989,1.0
llama,mmlu,opd,c_equal5,kl_a,0.05,6,0.9704997332987032,1.0
llama,mmlu,opd,c_equal5,kl_a,0.1,6,0.961557752400034,1.0
llama,mmlu,opd,c_equal5,kl_t,0.01,6,0.995961950297913,1.0
llama,mmlu,opd,c_equal5,kl_t,0.025,6,0.9952276602890567,1.0
llama,mmlu,opd,c_equal5,kl_t,0.05,6,0.9939658780329451,1.0
llama,mmlu,opd,c_equal5,kl_t,0.1,6,0.990360742951419,1.0
llama,mmlu,opd,c_equal5,abs_delta_nll_f,0.01,6,0.9477261030658941,0.8285714285714287
llama,mmlu,opd,c_equal5,abs_delta_nll_f,0.025,6,0.9467161021148869,0.8285714285714287
llama,mmlu,opd,c_equal5,abs_delta_nll_f,0.05,6,0.9444131254535765,0.8285714285714287
llama,mmlu,opd,c_equal5,abs_delta_nll_f,0.1,6,0.9337036300352599,0.8285714285714287
llama,mmlu,opd,c_equal5,abs_delta_nll_a,0.01,6,0.9813865037773649,0.8285714285714287
llama,mmlu,opd,c_equal5,abs_delta_nll_a,0.025,6,0.9822286617696954,0.8285714285714287
llama,mmlu,opd,c_equal5,abs_delta_nll_a,0.05,6,0.9831753294941408,0.8285714285714287
llama,mmlu,opd,c_equal5,abs_delta_nll_a,0.1,6,0.9830371221651104,0.8285714285714287
llama,mmlu,opd,c_equal5,abs_delta_nll_t,0.01,6,0.984088706356179,0.942857142857143
llama,mmlu,opd,c_equal5,abs_delta_nll_t,0.025,6,0.9828566802907275,0.942857142857143
llama,mmlu,opd,c_equal5,abs_delta_nll_t,0.05,6,0.9815437635809622,0.942857142857143
llama,mmlu,opd,c_equal5,abs_delta_nll_t,0.1,6,0.9773807736189187,0.942857142857143
llama,mmlu,opd,c_equal5,delta_nll_f_minus_a,0.01,6,0.8828709752158692,0.8285714285714287
llama,mmlu,opd,c_equal5,delta_nll_f_minus_a,0.025,6,0.8815572578740543,0.8285714285714287
llama,mmlu,opd,c_equal5,delta_nll_f_minus_a,0.05,6,0.8785136942818136,0.8285714285714287
llama,mmlu,opd,c_equal5,delta_nll_f_minus_a,0.1,6,0.8648165406809915,0.8285714285714287
llama,mmlu,opd,c_equal5,delta_nll_f_minus_p,0.01,6,0.9176244905734958,0.7714285714285715
llama,mmlu,opd,c_equal5,delta_nll_f_minus_p,0.025,6,0.9165002405894007,0.7714285714285715
llama,mmlu,opd,c_equal5,delta_nll_f_minus_p,0.05,6,0.9139170781930246,0.7714285714285715
llama,mmlu,opd,c_equal5,delta_nll_f_minus_p,0.1,6,0.9016215958276791,0.7714285714285715
llama,mmlu,opd,c_equal5,kl_f_minus_a,0.01,6,0.9566775300102989,0.8285714285714287
llama,mmlu,opd,c_equal5,kl_f_minus_a,0.025,6,0.9571728441176812,0.8285714285714287
llama,mmlu,opd,c_equal5,kl_f_minus_a,0.05,6,0.9565902012140057,0.8285714285714287
llama,mmlu,opd,c_equal5,kl_f_minus_a,0.1,6,0.953180763948104,0.8285714285714287
llama,mmlu,seqkd,c_equal5,delta_nll_p,0.01,6,0.8809998315735077,0.942857142857143
llama,mmlu,seqkd,c_equal5,delta_nll_p,0.025,6,0.9093084745117251,0.942857142857143
llama,mmlu,seqkd,c_equal5,delta_nll_p,0.05,6,0.9241098452180503,0.942857142857143
llama,mmlu,seqkd,c_equal5,delta_nll_p,0.1,6,0.928015020788932,0.942857142857143
llama,mmlu,seqkd,c_equal5,delta_nll_f,0.01,6,0.8347944103784571,0.7714285714285715
llama,mmlu,seqkd,c_equal5,delta_nll_f,0.025,6,0.8144801794501199,0.7714285714285715
llama,mmlu,seqkd,c_equal5,delta_nll_f,0.05,6,0.8043554978399193,0.7714285714285715
llama,mmlu,seqkd,c_equal5,delta_nll_f,0.1,6,0.7873822453523561,0.7714285714285715
llama,mmlu,seqkd,c_equal5,delta_nll_a,0.01,6,0.9131866442867395,0.8285714285714287
llama,mmlu,seqkd,c_equal5,delta_nll_a,0.025,6,0.9041849347166395,0.8285714285714287
llama,mmlu,seqkd,c_equal5,delta_nll_a,0.05,6,0.9124070549025649,0.8285714285714287
llama,mmlu,seqkd,c_equal5,delta_nll_a,0.1,6,0.9049256833960733,0.8285714285714287
llama,mmlu,seqkd,c_equal5,delta_nll_t,0.01,6,-0.7644483130220957,-0.6571428571428573
llama,mmlu,seqkd,c_equal5,delta_nll_t,0.025,6,-0.7764821529526666,-0.6571428571428573
llama,mmlu,seqkd,c_equal5,delta_nll_t,0.05,6,-0.789849975836526,-0.6571428571428573
llama,mmlu,seqkd,c_equal5,delta_nll_t,0.1,6,-0.7912587850598496,-0.6571428571428573
llama,mmlu,seqkd,c_equal5,kl_f,0.01,6,0.9865422403533542,1.0
llama,mmlu,seqkd,c_equal5,kl_f,0.025,6,0.9926836922260429,1.0
llama,mmlu,seqkd,c_equal5,kl_f,0.05,6,0.9946812171555404,1.0
llama,mmlu,seqkd,c_equal5,kl_f,0.1,6,0.995671850291874,1.0
llama,mmlu,seqkd,c_equal5,kl_a,0.01,6,0.9686680921859921,1.0
llama,mmlu,seqkd,c_equal5,kl_a,0.025,6,0.9804139730886547,1.0
llama,mmlu,seqkd,c_equal5,kl_a,0.05,6,0.9874071550856333,1.0
llama,mmlu,seqkd,c_equal5,kl_a,0.1,6,0.9880957167651321,1.0
llama,mmlu,seqkd,c_equal5,kl_t,0.01,6,0.9702896208733975,1.0
llama,mmlu,seqkd,c_equal5,kl_t,0.025,6,0.9782971103642152,1.0
llama,mmlu,seqkd,c_equal5,kl_t,0.05,6,0.9806394055684114,1.0
llama,mmlu,seqkd,c_equal5,kl_t,0.1,6,0.9830147761143596,1.0
llama,mmlu,seqkd,c_equal5,abs_delta_nll_f,0.01,6,0.9527896257781296,0.8285714285714287
llama,mmlu,seqkd,c_equal5,abs_delta_nll_f,0.025,6,0.9410984673322743,0.8285714285714287
llama,mmlu,seqkd,c_equal5,abs_delta_nll_f,0.05,6,0.929405158286658,0.8285714285714287
llama,mmlu,seqkd,c_equal5,abs_delta_nll_f,0.1,6,0.9204355379152679,0.8285714285714287
llama,mmlu,seqkd,c_equal5,abs_delta_nll_a,0.01,6,0.9843294296603741,1.0
llama,mmlu,seqkd,c_equal5,abs_delta_nll_a,0.025,6,0.9862713350551402,1.0
llama,mmlu,seqkd,c_equal5,abs_delta_nll_a,0.05,6,0.9867754598303314,1.0
llama,mmlu,seqkd,c_equal5,abs_delta_nll_a,0.1,6,0.9848744290516653,1.0
llama,mmlu,seqkd,c_equal5,abs_delta_nll_t,0.01,6,0.8835819402827131,0.8857142857142858
llama,mmlu,seqkd,c_equal5,abs_delta_nll_t,0.025,6,0.88371769248332,0.8857142857142858
llama,mmlu,seqkd,c_equal5,abs_delta_nll_t,0.05,6,0.869751540197478,0.8857142857142858
llama,mmlu,seqkd,c_equal5,abs_delta_nll_t,0.1,6,0.8706775929607522,0.8857142857142858
llama,mmlu,seqkd,c_equal5,delta_nll_f_minus_a,0.01,6,0.7622618110372256,0.6
llama,mmlu,seqkd,c_equal5,delta_nll_f_minus_a,0.025,6,0.7409388875794022,0.6
llama,mmlu,seqkd,c_equal5,delta_nll_f_minus_a,0.05,6,0.7276450677228032,0.6
llama,mmlu,seqkd,c_equal5,delta_nll_f_minus_a,0.1,6,0.7098206515455396,0.6
llama,mmlu,seqkd,c_equal5,delta_nll_f_minus_p,0.01,6,0.7681116754861782,0.6
llama,mmlu,seqkd,c_equal5,delta_nll_f_minus_p,0.025,6,0.7397816165251146,0.6
llama,mmlu,seqkd,c_equal5,delta_nll_f_minus_p,0.05,6,0.7255276964130221,0.6
llama,mmlu,seqkd,c_equal5,delta_nll_f_minus_p,0.1,6,0.7056830461067278,0.6
llama,mmlu,seqkd,c_equal5,kl_f_minus_a,0.01,6,0.9895898322310643,1.0
llama,mmlu,seqkd,c_equal5,kl_f_minus_a,0.025,6,0.9931074529172448,1.0
llama,mmlu,seqkd,c_equal5,kl_f_minus_a,0.05,6,0.9927845420136114,1.0
llama,mmlu,seqkd,c_equal5,kl_f_minus_a,0.1,6,0.9939096071620469,1.0
llama,mmlu,sft,c_equal5,delta_nll_p,0.01,6,0.23192331287881005,0.4285714285714286
llama,mmlu,sft,c_equal5,delta_nll_p,0.025,6,0.22091487962843898,0.14285714285714288
llama,mmlu,sft,c_equal5,delta_nll_p,0.05,6,0.2205635835031121,0.4285714285714286
llama,mmlu,sft,c_equal5,delta_nll_p,0.1,6,0.2104666871525212,0.4285714285714286
llama,mmlu,sft,c_equal5,delta_nll_f,0.01,6,0.18629248457019248,-0.14285714285714288
llama,mmlu,sft,c_equal5,delta_nll_f,0.025,6,0.2050614545208872,-0.028571428571428574
llama,mmlu,sft,c_equal5,delta_nll_f,0.05,6,0.2167722329967279,-0.14285714285714288
llama,mmlu,sft,c_equal5,delta_nll_f,0.1,6,0.23108277148514333,-0.14285714285714288
llama,mmlu,sft,c_equal5,delta_nll_a,0.01,6,0.9908790313477268,1.0
llama,mmlu,sft,c_equal5,delta_nll_a,0.025,6,0.9895282363846745,0.942857142857143
llama,mmlu,sft,c_equal5,delta_nll_a,0.05,6,0.9900925287141307,1.0
llama,mmlu,sft,c_equal5,delta_nll_a,0.1,6,0.9907574456865513,1.0
llama,mmlu,sft,c_equal5,delta_nll_t,0.01,6,0.8503492640119467,1.0
llama,mmlu,sft,c_equal5,delta_nll_t,0.025,6,0.844471706258777,0.942857142857143
llama,mmlu,sft,c_equal5,delta_nll_t,0.05,6,0.8401097359065909,1.0
llama,mmlu,sft,c_equal5,delta_nll_t,0.1,6,0.8173829228877654,1.0
llama,mmlu,sft,c_equal5,kl_f,0.01,6,0.9790629522513781,1.0
llama,mmlu,sft,c_equal5,kl_f,0.025,6,0.976197770605264,0.942857142857143
llama,mmlu,sft,c_equal5,kl_f,0.05,6,0.9759698314152913,1.0
llama,mmlu,sft,c_equal5,kl_f,0.1,6,0.9736121939533602,1.0
llama,mmlu,sft,c_equal5,kl_a,0.01,6,0.9877088138575523,1.0
llama,mmlu,sft,c_equal5,kl_a,0.025,6,0.9863910001219561,0.942857142857143
llama,mmlu,sft,c_equal5,kl_a,0.05,6,0.9863648501910308,1.0
llama,mmlu,sft,c_equal5,kl_a,0.1,6,0.9808135432040471,1.0
llama,mmlu,sft,c_equal5,kl_t,0.01,6,0.9803589862088661,1.0
llama,mmlu,sft,c_equal5,kl_t,0.025,6,0.9775469314208992,0.942857142857143
llama,mmlu,sft,c_equal5,kl_t,0.05,6,0.9776119647291368,1.0
llama,mmlu,sft,c_equal5,kl_t,0.1,6,0.9786931886586769,1.0
llama,mmlu,sft,c_equal5,abs_delta_nll_f,0.01,6,0.9500541958910445,1.0
llama,mmlu,sft,c_equal5,abs_delta_nll_f,0.025,6,0.9467435528361948,0.942857142857143
llama,mmlu,sft,c_equal5,abs_delta_nll_f,0.05,6,0.9445094601236578,1.0
llama,mmlu,sft,c_equal5,abs_delta_nll_f,0.1,6,0.9330346154291239,1.0
llama,mmlu,sft,c_equal5,abs_delta_nll_a,0.01,6,0.972657148869789,1.0
llama,mmlu,sft,c_equal5,abs_delta_nll_a,0.025,6,0.9707495112362555,0.942857142857143
llama,mmlu,sft,c_equal5,abs_delta_nll_a,0.05,6,0.9688337685422271,1.0
llama,mmlu,sft,c_equal5,abs_delta_nll_a,0.1,6,0.954745344849863,1.0
llama,mmlu,sft,c_equal5,abs_delta_nll_t,0.01,6,0.8566495354088589,1.0
llama,mmlu,sft,c_equal5,abs_delta_nll_t,0.025,6,0.8508392045625123,0.942857142857143
llama,mmlu,sft,c_equal5,abs_delta_nll_t,0.05,6,0.8466323250861996,1.0
llama,mmlu,sft,c_equal5,abs_delta_nll_t,0.1,6,0.8246225573397793,1.0
llama,mmlu,sft,c_equal5,delta_nll_f_minus_a,0.01,6,-0.3354206922839058,-0.3142857142857143
llama,mmlu,sft,c_equal5,delta_nll_f_minus_a,0.025,6,-0.31730469059356786,-0.2571428571428572
llama,mmlu,sft,c_equal5,delta_nll_f_minus_a,0.05,6,-0.3067232225008352,-0.3142857142857143
llama,mmlu,sft,c_equal5,delta_nll_f_minus_a,0.1,6,-0.29378005357933207,-0.3142857142857143
llama,mmlu,sft,c_equal5,delta_nll_f_minus_p,0.01,6,0.1497891434905849,-0.08571428571428573
llama,mmlu,sft,c_equal5,delta_nll_f_minus_p,0.025,6,0.16861836392840313,0.08571428571428573
llama,mmlu,sft,c_equal5,delta_nll_f_minus_p,0.05,6,0.1796580284603754,-0.08571428571428573
llama,mmlu,sft,c_equal5,delta_nll_f_minus_p,0.1,6,0.19419973979326924,-0.08571428571428573
llama,mmlu,sft,c_equal5,kl_f_minus_a,0.01,6,0.9748116140817247,1.0
llama,mmlu,sft,c_equal5,kl_f_minus_a,0.025,6,0.9715695380414154,0.942857142857143
llama,mmlu,sft,c_equal5,kl_f_minus_a,0.05,6,0.9712921346332315,1.0
llama,mmlu,sft,c_equal5,kl_f_minus_a,0.1,6,0.9697302167158197,1.0
qwen,math,offkd,c_equal5,delta_nll_p,0.01,9,0.9175909397990937,0.9
qwen,math,offkd,c_equal5,delta_nll_p,0.025,9,0.9132872045719,0.9
qwen,math,offkd,c_equal5,delta_nll_p,0.05,9,0.9155589567175234,0.9
qwen,math,offkd,c_equal5,delta_nll_p,0.1,9,0.9133953577919992,0.9
qwen,math,offkd,c_equal5,delta_nll_c,0.01,9,0.9007377448572669,0.8666666666666667
qwen,math,offkd,c_equal5,delta_nll_c,0.025,9,0.8949590080883726,0.8666666666666667
qwen,math,offkd,c_equal5,delta_nll_c,0.05,9,0.8944744411616155,0.8666666666666667
qwen,math,offkd,c_equal5,delta_nll_c,0.1,9,0.897563940612236,0.8666666666666667
qwen,math,offkd,c_equal5,delta_nll_b,0.01,9,-0.00332711982693302,-0.2333333333333333
qwen,math,offkd,c_equal5,delta_nll_b,0.025,9,-0.017732151181377845,-0.2333333333333333
qwen,math,offkd,c_equal5,delta_nll_b,0.05,9,-0.016240520864357743,-0.2333333333333333
qwen,math,offkd,c_equal5,delta_nll_b,0.1,9,-0.009013178342361535,-0.2333333333333333
qwen,math,offkd,c_equal5,delta_nll_t,0.01,9,0.7737304245736265,0.7
qwen,math,offkd,c_equal5,delta_nll_t,0.025,9,0.7672913213371554,0.7
qwen,math,offkd,c_equal5,delta_nll_t,0.05,9,0.7692359061393099,0.7
qwen,math,offkd,c_equal5,delta_nll_t,0.1,9,0.7684484256313258,0.7
qwen,math,offkd,c_equal5,kl_b,0.01,9,0.9578800528176403,0.8666666666666667
qwen,math,offkd,c_equal5,kl_b,0.025,9,0.9540852058993802,0.8666666666666667
qwen,math,offkd,c_equal5,kl_b,0.05,9,0.953280171550523,0.8666666666666667
qwen,math,offkd,c_equal5,kl_b,0.1,9,0.9561708267507968,0.8666666666666667
qwen,math,offkd,c_equal5,kl_t,0.01,9,0.9738298745495461,0.8666666666666667
qwen,math,offkd,c_equal5,kl_t,0.025,9,0.9715845427556019,0.8666666666666667
qwen,math,offkd,c_equal5,kl_t,0.05,9,0.9695569885439513,0.8666666666666667
qwen,math,offkd,c_equal5,kl_t,0.1,9,0.9736349918036149,0.8666666666666667
qwen,math,offkd,c_equal5,abs_delta_nll_c,0.01,9,0.8968590207075731,0.8666666666666667
qwen,math,offkd,c_equal5,abs_delta_nll_c,0.025,9,0.891203040542227,0.8666666666666667
qwen,math,offkd,c_equal5,abs_delta_nll_c,0.05,9,0.8904019937534792,0.8666666666666667
qwen,math,offkd,c_equal5,abs_delta_nll_c,0.1,9,0.8940041516019159,0.8666666666666667
qwen,math,offkd,c_equal5,abs_delta_nll_b,0.01,9,0.8406762182648675,0.8666666666666667
qwen,math,offkd,c_equal5,abs_delta_nll_b,0.025,9,0.8329938103497126,0.8666666666666667
qwen,math,offkd,c_equal5,abs_delta_nll_b,0.05,9,0.8340820657904571,0.8666666666666667
qwen,math,offkd,c_equal5,abs_delta_nll_b,0.1,9,0.8367740211773356,0.8666666666666667
qwen,math,offkd,c_equal5,abs_delta_nll_t,0.01,9,0.9475387695008729,0.8166666666666667
qwen,math,offkd,c_equal5,abs_delta_nll_t,0.025,9,0.9414808273508892,0.8166666666666667
qwen,math,offkd,c_equal5,abs_delta_nll_t,0.05,9,0.9424167540006715,0.8166666666666667
qwen,math,offkd,c_equal5,abs_delta_nll_t,0.1,9,0.9463801880009448,0.8166666666666667
qwen,math,offkd,c_equal5,delta_nll_b_minus_c,0.01,9,-0.7821820110884439,-0.8666666666666667
qwen,math,offkd,c_equal5,delta_nll_b_minus_c,0.025,9,-0.7912054179160006,-0.8666666666666667
qwen,math,offkd,c_equal5,delta_nll_b_minus_c,0.05,9,-0.7893345322082495,-0.8666666666666667
qwen,math,offkd,c_equal5,delta_nll_b_minus_c,0.1,9,-0.7849717343806029,-0.8666666666666667
qwen,math,offkd,c_equal5,delta_nll_b_minus_p,0.01,9,-0.9352135010484379,-0.9833333333333333
qwen,math,offkd,c_equal5,delta_nll_b_minus_p,0.025,9,-0.935241274172852,-0.9833333333333333
qwen,math,offkd,c_equal5,delta_nll_b_minus_p,0.05,9,-0.9370975458215597,-0.9833333333333333
qwen,math,offkd,c_equal5,delta_nll_b_minus_p,0.1,9,-0.9326825033387884,-0.9833333333333333
qwen,math,opd,c_equal5,delta_nll_p,0.01,9,0.8483167569897258,0.9833333333333333
qwen,math,opd,c_equal5,delta_nll_p,0.025,9,0.8490297120917422,0.9833333333333333
qwen,math,opd,c_equal5,delta_nll_p,0.05,9,0.8395056345228277,0.9833333333333333
qwen,math,opd,c_equal5,delta_nll_p,0.1,9,0.834610280785371,0.9833333333333333
qwen,math,opd,c_equal5,delta_nll_c,0.01,9,0.7502728462617602,0.7999999999999999
qwen,math,opd,c_equal5,delta_nll_c,0.025,9,0.7490208572104456,0.7999999999999999
qwen,math,opd,c_equal5,delta_nll_c,0.05,9,0.7368180743959766,0.7999999999999999
qwen,math,opd,c_equal5,delta_nll_c,0.1,9,0.730777741717934,0.7999999999999999
qwen,math,opd,c_equal5,delta_nll_b,0.01,9,0.6170521799557299,0.5333333333333333
qwen,math,opd,c_equal5,delta_nll_b,0.025,9,0.6206082557810322,0.5333333333333333
qwen,math,opd,c_equal5,delta_nll_b,0.05,9,0.6108328202115669,0.5333333333333333
qwen,math,opd,c_equal5,delta_nll_b,0.1,9,0.6039849485248053,0.5333333333333333
qwen,math,opd,c_equal5,delta_nll_t,0.01,9,0.9384251199725698,0.7666666666666667
qwen,math,opd,c_equal5,delta_nll_t,0.025,9,0.9414315317508231,0.7666666666666667
qwen,math,opd,c_equal5,delta_nll_t,0.05,9,0.9478630093891908,0.7666666666666667
qwen,math,opd,c_equal5,delta_nll_t,0.1,9,0.9474678660957112,0.7666666666666667
qwen,math,opd,c_equal5,kl_b,0.01,9,0.735444707444874,0.65
qwen,math,opd,c_equal5,kl_b,0.025,9,0.7368070088293384,0.65
qwen,math,opd,c_equal5,kl_b,0.05,9,0.7260919771882558,0.65
qwen,math,opd,c_equal5,kl_b,0.1,9,0.71950580287825,0.65
qwen,math,opd,c_equal5,kl_t,0.01,9,0.919298171416997,0.9500000000000001
qwen,math,opd,c_equal5,kl_t,0.025,9,0.9216312127039645,0.9500000000000001
qwen,math,opd,c_equal5,kl_t,0.05,9,0.9159688792213146,0.9500000000000001
qwen,math,opd,c_equal5,kl_t,0.1,9,0.9137264802821272,0.9500000000000001
qwen,math,opd,c_equal5,abs_delta_nll_c,0.01,9,0.7572730918478585,0.9166666666666666
qwen,math,opd,c_equal5,abs_delta_nll_c,0.025,9,0.756180614051425,0.9166666666666666
qwen,math,opd,c_equal5,abs_delta_nll_c,0.05,9,0.7443085253262021,0.9166666666666666
qwen,math,opd,c_equal5,abs_delta_nll_c,0.1,9,0.7381689027008341,0.9166666666666666
qwen,math,opd,c_equal5,abs_delta_nll_b,0.01,9,0.6796005878307106,0.5833333333333334
qwen,math,opd,c_equal5,abs_delta_nll_b,0.025,9,0.6819110013595165,0.5833333333333334
qwen,math,opd,c_equal5,abs_delta_nll_b,0.05,9,0.6709198137532846,0.5833333333333334
qwen,math,opd,c_equal5,abs_delta_nll_b,0.1,9,0.6652333826235578,0.5833333333333334
qwen,math,opd,c_equal5,abs_delta_nll_t,0.01,9,0.9222320499407999,0.8499999999999999
qwen,math,opd,c_equal5,abs_delta_nll_t,0.025,9,0.9266434930107148,0.8499999999999999
qwen,math,opd,c_equal5,abs_delta_nll_t,0.05,9,0.9282336009711206,0.8499999999999999
qwen,math,opd,c_equal5,abs_delta_nll_t,0.1,9,0.9321921133103952,0.8499999999999999
qwen,math,opd,c_equal5,delta_nll_b_minus_c,0.01,9,-0.12889098210745947,0.049999999999999996
qwen,math,opd,c_equal5,delta_nll_b_minus_c,0.025,9,-0.11464476790828027,0.049999999999999996
qwen,math,opd,c_equal5,delta_nll_b_minus_c,0.05,9,-0.111751108628591,0.049999999999999996
qwen,math,opd,c_equal5,delta_nll_b_minus_c,0.1,9,-0.11646593895647103,0.049999999999999996
qwen,math,opd,c_equal5,delta_nll_b_minus_p,0.01,9,-0.48512761088260553,-0.5333333333333333
qwen,math,opd,c_equal5,delta_nll_b_minus_p,0.025,9,-0.4781692093527091,-0.5333333333333333
qwen,math,opd,c_equal5,delta_nll_b_minus_p,0.05,9,-0.4796287232663755,-0.5333333333333333
qwen,math,opd,c_equal5,delta_nll_b_minus_p,0.1,9,-0.4848005956108693,-0.5333333333333333
qwen,math,seqkd,c_equal5,delta_nll_p,0.01,9,0.9210980859897548,0.9
qwen,math,seqkd,c_equal5,delta_nll_p,0.025,9,0.9202976900945915,0.9166666666666666
qwen,math,seqkd,c_equal5,delta_nll_p,0.05,9,0.917329961221848,0.8666666666666667
qwen,math,seqkd,c_equal5,delta_nll_p,0.1,9,0.9178411587220962,0.8666666666666667
qwen,math,seqkd,c_equal5,delta_nll_c,0.01,9,0.9018946541992041,0.9166666666666666
qwen,math,seqkd,c_equal5,delta_nll_c,0.025,9,0.900309610640508,0.9333333333333332
qwen,math,seqkd,c_equal5,delta_nll_c,0.05,9,0.8973288702206053,0.8833333333333333
qwen,math,seqkd,c_equal5,delta_nll_c,0.1,9,0.898401222684747,0.8833333333333333
qwen,math,seqkd,c_equal5,delta_nll_b,0.01,9,0.4491940224765663,0.25
qwen,math,seqkd,c_equal5,delta_nll_b,0.025,9,0.44197227439704895,0.35
qwen,math,seqkd,c_equal5,delta_nll_b,0.05,9,0.4433284318585832,0.3
qwen,math,seqkd,c_equal5,delta_nll_b,0.1,9,0.44518690304643466,0.3
qwen,math,seqkd,c_equal5,delta_nll_t,0.01,9,0.938888805010761,0.9833333333333333
qwen,math,seqkd,c_equal5,delta_nll_t,0.025,9,0.9386969404448977,0.9666666666666667
qwen,math,seqkd,c_equal5,delta_nll_t,0.05,9,0.9357800400016725,0.9500000000000001
qwen,math,seqkd,c_equal5,delta_nll_t,0.1,9,0.9360743005709007,0.9500000000000001
qwen,math,seqkd,c_equal5,kl_b,0.01,9,0.9691791432221014,0.9166666666666666
qwen,math,seqkd,c_equal5,kl_b,0.025,9,0.9685931246762212,0.9333333333333332
qwen,math,seqkd,c_equal5,kl_b,0.05,9,0.9672467341404634,0.8833333333333333
qwen,math,seqkd,c_equal5,kl_b,0.1,9,0.9676950576840743,0.8833333333333333
qwen,math,seqkd,c_equal5,kl_t,0.01,9,0.9599937416181674,0.9
qwen,math,seqkd,c_equal5,kl_t,0.025,9,0.959433310547011,0.9166666666666666
qwen,math,seqkd,c_equal5,kl_t,0.05,9,0.9569859483101335,0.8666666666666667
qwen,math,seqkd,c_equal5,kl_t,0.1,9,0.9579684157822956,0.8666666666666667
qwen,math,seqkd,c_equal5,abs_delta_nll_c,0.01,9,0.9153766480862818,0.9166666666666666
qwen,math,seqkd,c_equal5,abs_delta_nll_c,0.025,9,0.9138705730106557,0.9333333333333332
qwen,math,seqkd,c_equal5,abs_delta_nll_c,0.05,9,0.9111262868184944,0.8833333333333333
qwen,math,seqkd,c_equal5,abs_delta_nll_c,0.1,9,0.9123346298894742,0.8833333333333333
qwen,math,seqkd,c_equal5,abs_delta_nll_b,0.01,9,0.9056917919354277,0.8333333333333333
qwen,math,seqkd,c_equal5,abs_delta_nll_b,0.025,9,0.9024268257520278,0.8666666666666667
qwen,math,seqkd,c_equal5,abs_delta_nll_b,0.05,9,0.9010400271996752,0.8333333333333333
qwen,math,seqkd,c_equal5,abs_delta_nll_b,0.1,9,0.90235779613826,0.8333333333333333
qwen,math,seqkd,c_equal5,abs_delta_nll_t,0.01,9,0.9801541002974579,0.9333333333333332
qwen,math,seqkd,c_equal5,abs_delta_nll_t,0.025,9,0.9804442551389463,0.9166666666666666
qwen,math,seqkd,c_equal5,abs_delta_nll_t,0.05,9,0.9781614755305962,0.8666666666666667
qwen,math,seqkd,c_equal5,abs_delta_nll_t,0.1,9,0.9793980932874643,0.8666666666666667
qwen,math,seqkd,c_equal5,delta_nll_b_minus_c,0.01,9,-0.583095260716345,-0.6333333333333333
qwen,math,seqkd,c_equal5,delta_nll_b_minus_c,0.025,9,-0.5896328294905173,-0.6
qwen,math,seqkd,c_equal5,delta_nll_b_minus_c,0.05,9,-0.584365920583049,-0.6666666666666667
qwen,math,seqkd,c_equal5,delta_nll_b_minus_c,0.1,9,-0.5835021740688289,-0.6666666666666667
qwen,math,seqkd,c_equal5,delta_nll_b_minus_p,0.01,9,-0.9020898238296798,-0.9833333333333333
qwen,math,seqkd,c_equal5,delta_nll_b_minus_p,0.025,9,-0.9035143029207402,-0.9666666666666667
qwen,math,seqkd,c_equal5,delta_nll_b_minus_p,0.05,9,-0.8997015649074042,-0.9500000000000001
qwen,math,seqkd,c_equal5,delta_nll_b_minus_p,0.1,9,-0.8996820234414692,-0.9500000000000001
qwen,math,sft,c_equal5,delta_nll_p,0.01,9,0.7376589643204206,0.39330888211518983
qwen,math,sft,c_equal5,delta_nll_p,0.025,9,0.7351391098294628,0.5941474602165634
qwen,math,sft,c_equal5,delta_nll_p,0.05,9,0.7370677278400048,0.41004543029030427
qwen,math,sft,c_equal5,delta_nll_p,0.1,9,0.7377800826222372,0.41004543029030427
qwen,math,sft,c_equal5,delta_nll_c,0.01,9,0.7259731972693314,0.41004543029030427
qwen,math,sft,c_equal5,delta_nll_c,0.025,9,0.7334661804633638,0.6527253788294639
qwen,math,sft,c_equal5,delta_nll_c,0.05,9,0.7316090961952044,0.46025507481564765
qwen,math,sft,c_equal5,delta_nll_c,0.1,9,0.72703956441371,0.46025507481564765
qwen,math,sft,c_equal5,delta_nll_b,0.01,9,0.6416955508971269,0.54393781569122
qwen,math,sft,c_equal5,delta_nll_b,0.025,9,0.6601830648658547,0.6359888306543495
qwen,math,sft,c_equal5,delta_nll_b,0.05,9,0.6677162355971604,0.5272012675161055
qwen,math,sft,c_equal5,delta_nll_b,0.1,9,0.6508480893089805,0.5272012675161055
qwen,math,sft,c_equal5,delta_nll_t,0.01,9,0.7406322635559646,0.5272012675161055
qwen,math,sft,c_equal5,delta_nll_t,0.025,9,0.7346188419272391,0.6694619270045785
qwen,math,sft,c_equal5,delta_nll_t,0.05,9,0.7384653077267246,0.54393781569122
qwen,math,sft,c_equal5,delta_nll_t,0.1,9,0.7441646815490358,0.54393781569122
qwen,math,sft,c_equal5,kl_b,0.01,9,0.9125184891208312,0.6610936529170212
qwen,math,sft,c_equal5,kl_b,0.025,9,0.9177497037681976,0.8200908605806085
qwen,math,sft,c_equal5,kl_b,0.05,9,0.922140687770259,0.6778302010921357
qwen,math,sft,c_equal5,kl_b,0.1,9,0.9155490510869055,0.6778302010921357
qwen,math,sft,c_equal5,kl_t,0.01,9,0.923036636856358,0.6610936529170212
qwen,math,sft,c_equal5,kl_t,0.025,9,0.9306355937846054,0.8200908605806085
qwen,math,sft,c_equal5,kl_t,0.05,9,0.9324650079205796,0.6778302010921357
qwen,math,sft,c_equal5,kl_t,0.1,9,0.9267511831849733,0.6778302010921357
qwen,math,sft,c_equal5,abs_delta_nll_c,0.01,9,0.766451981944762,0.6276205565667923
qwen,math,sft,c_equal5,abs_delta_nll_c,0.025,9,0.7810241506372847,0.836827408755723
qwen,math,sft,c_equal5,abs_delta_nll_c,0.05,9,0.7781427859973555,0.6610936529170212
qwen,math,sft,c_equal5,abs_delta_nll_c,0.1,9,0.7716758377064078,0.6610936529170212
qwen,math,sft,c_equal5,abs_delta_nll_b,0.01,9,0.807250680376437,0.5941474602165634
qwen,math,sft,c_equal5,abs_delta_nll_b,0.025,9,0.8172552343198067,0.7196715715299219
qwen,math,sft,c_equal5,abs_delta_nll_b,0.05,9,0.8208205651633894,0.5774109120414489
qwen,math,sft,c_equal5,abs_delta_nll_b,0.1,9,0.8117802373086829,0.5774109120414489
qwen,math,sft,c_equal5,abs_delta_nll_t,0.01,9,0.811661736838204,0.6108840083916778
qwen,math,sft,c_equal5,abs_delta_nll_t,0.025,9,0.8207957840071599,0.7866177642303797
qwen,math,sft,c_equal5,abs_delta_nll_t,0.05,9,0.8216815584103092,0.6443571047419068
qwen,math,sft,c_equal5,abs_delta_nll_t,0.1,9,0.8191570471274956,0.6443571047419068
qwen,math,sft,c_equal5,delta_nll_b_minus_c,0.01,9,0.4330708762803802,0.20920685218893076
qwen,math,sft,c_equal5,delta_nll_b_minus_c,0.025,9,0.4577721301917525,0.25941649671427414
qwen,math,sft,c_equal5,delta_nll_b_minus_c,0.05,9,0.4723091463413559,0.17573375583870182
qwen,math,sft,c_equal5,delta_nll_b_minus_c,0.1,9,0.4477068120199474,0.17573375583870182
qwen,math,sft,c_equal5,delta_nll_b_minus_p,0.01,9,-0.714556262133271,-0.4769916229907622
qwen,math,sft,c_equal5,delta_nll_b_minus_p,0.025,9,-0.7043469848971547,-0.6778302010921357
qwen,math,sft,c_equal5,delta_nll_b_minus_p,0.05,9,-0.7040155818595152,-0.49372817116587664
qwen,math,sft,c_equal5,delta_nll_b_minus_p,0.1,9,-0.711274986042895,-0.49372817116587664
qwen,mmlu,offkd,c_equal5,delta_nll_p,0.01,9,-0.8536258499418682,-0.8666666666666667
qwen,mmlu,offkd,c_equal5,delta_nll_p,0.025,9,-0.8548917459207576,-0.8666666666666667
qwen,mmlu,offkd,c_equal5,delta_nll_p,0.05,9,-0.8548977750161727,-0.8333333333333333
qwen,mmlu,offkd,c_equal5,delta_nll_p,0.1,9,-0.8572400942081854,-0.8499999999999999
qwen,mmlu,offkd,c_equal5,delta_nll_f,0.01,9,0.9644727731163752,0.9333333333333332
qwen,mmlu,offkd,c_equal5,delta_nll_f,0.025,9,0.968328988839305,0.9333333333333332
qwen,mmlu,offkd,c_equal5,delta_nll_f,0.05,9,0.968693583655793,0.9500000000000001
qwen,mmlu,offkd,c_equal5,delta_nll_f,0.1,9,0.9706794466434492,0.9833333333333333
qwen,mmlu,offkd,c_equal5,delta_nll_a,0.01,9,-0.9639501355791749,-0.8833333333333333
qwen,mmlu,offkd,c_equal5,delta_nll_a,0.025,9,-0.9641792319170677,-0.8833333333333333
qwen,mmlu,offkd,c_equal5,delta_nll_a,0.05,9,-0.9647174489025521,-0.9166666666666666
qwen,mmlu,offkd,c_equal5,delta_nll_a,0.1,9,-0.9608242494631885,-0.8666666666666667
qwen,mmlu,offkd,c_equal5,delta_nll_t,0.01,9,0.766520280827896,0.75
qwen,mmlu,offkd,c_equal5,delta_nll_t,0.025,9,0.7526880340783991,0.75
qwen,mmlu,offkd,c_equal5,delta_nll_t,0.05,9,0.7498254101038339,0.7666666666666667
qwen,mmlu,offkd,c_equal5,delta_nll_t,0.1,9,0.7402529356484354,0.7166666666666667
qwen,mmlu,offkd,c_equal5,kl_f,0.01,9,0.9785788784646564,0.9166666666666666
qwen,mmlu,offkd,c_equal5,kl_f,0.025,9,0.9738515156764539,0.9166666666666666
qwen,mmlu,offkd,c_equal5,kl_f,0.05,9,0.973673447571917,0.9333333333333332
qwen,mmlu,offkd,c_equal5,kl_f,0.1,9,0.9702281813825905,0.8833333333333333
qwen,mmlu,offkd,c_equal5,kl_a,0.01,9,0.9655782244422597,0.9166666666666666
qwen,mmlu,offkd,c_equal5,kl_a,0.025,9,0.9616327987966096,0.9166666666666666
qwen,mmlu,offkd,c_equal5,kl_a,0.05,9,0.961708962955726,0.9333333333333332
qwen,mmlu,offkd,c_equal5,kl_a,0.1,9,0.9568360307312527,0.8833333333333333
qwen,mmlu,offkd,c_equal5,kl_t,0.01,9,0.946639826055824,0.9166666666666666
qwen,mmlu,offkd,c_equal5,kl_t,0.025,9,0.9394323337893301,0.9166666666666666
qwen,mmlu,offkd,c_equal5,kl_t,0.05,9,0.9380197319384791,0.9333333333333332
qwen,mmlu,offkd,c_equal5,kl_t,0.1,9,0.9326519320232641,0.8833333333333333
qwen,mmlu,offkd,c_equal5,abs_delta_nll_f,0.01,9,0.09800524956717203,0.0
qwen,mmlu,offkd,c_equal5,abs_delta_nll_f,0.025,9,0.08588494519803316,0.0
qwen,mmlu,offkd,c_equal5,abs_delta_nll_f,0.05,9,0.08916138065468351,0.016666666666666666
qwen,mmlu,offkd,c_equal5,abs_delta_nll_f,0.1,9,0.07734481896387953,-0.09999999999999999
qwen,mmlu,offkd,c_equal5,abs_delta_nll_a,0.01,9,0.9589992488003578,0.9166666666666666
qwen,mmlu,offkd,c_equal5,abs_delta_nll_a,0.025,9,0.9534540814406837,0.9166666666666666
qwen,mmlu,offkd,c_equal5,abs_delta_nll_a,0.05,9,0.9532867268436371,0.9333333333333332
qwen,mmlu,offkd,c_equal5,abs_delta_nll_a,0.1,9,0.9480220369747626,0.8833333333333333
qwen,mmlu,offkd,c_equal5,abs_delta_nll_t,0.01,9,0.7703241988490613,0.75
qwen,mmlu,offkd,c_equal5,abs_delta_nll_t,0.025,9,0.7566981194659735,0.75
qwen,mmlu,offkd,c_equal5,abs_delta_nll_t,0.05,9,0.7537696475660448,0.7666666666666667
qwen,mmlu,offkd,c_equal5,abs_delta_nll_t,0.1,9,0.7443566638942019,0.7166666666666667
qwen,mmlu,offkd,c_equal5,delta_nll_f_minus_a,0.01,9,0.9706811072222281,0.9333333333333332
qwen,mmlu,offkd,c_equal5,delta_nll_f_minus_a,0.025,9,0.9742912860135393,0.9333333333333332
qwen,mmlu,offkd,c_equal5,delta_nll_f_minus_a,0.05,9,0.9746712154150847,0.9500000000000001
qwen,mmlu,offkd,c_equal5,delta_nll_f_minus_a,0.1,9,0.9762306627537156,0.9833333333333333
qwen,mmlu,offkd,c_equal5,delta_nll_f_minus_p,0.01,9,0.964395818794684,0.9333333333333332
qwen,mmlu,offkd,c_equal5,delta_nll_f_minus_p,0.025,9,0.968218953170953,0.9333333333333332
qwen,mmlu,offkd,c_equal5,delta_nll_f_minus_p,0.05,9,0.9685786853625135,0.9500000000000001
qwen,mmlu,offkd,c_equal5,delta_nll_f_minus_p,0.1,9,0.9705733146195962,0.9833333333333333
qwen,mmlu,offkd,c_equal5,kl_f_minus_a,0.01,9,0.9778480470128237,0.9333333333333332
qwen,mmlu,offkd,c_equal5,kl_f_minus_a,0.025,9,0.9728132303981215,0.9333333333333332
qwen,mmlu,offkd,c_equal5,kl_f_minus_a,0.05,9,0.972526377222893,0.9166666666666666
qwen,mmlu,offkd,c_equal5,kl_f_minus_a,0.1,9,0.9697208623434419,0.8666666666666667
qwen,mmlu,opd,c_equal5,delta_nll_p,0.01,9,0.8840218004092014,0.9833333333333333
qwen,mmlu,opd,c_equal5,delta_nll_p,0.025,9,0.8809472754349982,0.9833333333333333
qwen,mmlu,opd,c_equal5,delta_nll_p,0.05,9,0.8751668567347823,0.9833333333333333
qwen,mmlu,opd,c_equal5,delta_nll_p,0.1,9,0.8776160482441143,0.9833333333333333
qwen,mmlu,opd,c_equal5,delta_nll_f,0.01,9,0.9173102174828023,0.8499999999999999
qwen,mmlu,opd,c_equal5,delta_nll_f,0.025,9,0.9167082804909903,0.8499999999999999
qwen,mmlu,opd,c_equal5,delta_nll_f,0.05,9,0.9181907378550966,0.8499999999999999
qwen,mmlu,opd,c_equal5,delta_nll_f,0.1,9,0.9150185100632132,0.8499999999999999
qwen,mmlu,opd,c_equal5,delta_nll_a,0.01,9,0.9373867747516019,0.9666666666666667
qwen,mmlu,opd,c_equal5,delta_nll_a,0.025,9,0.9352293647138995,0.9666666666666667
qwen,mmlu,opd,c_equal5,delta_nll_a,0.05,9,0.9326853518885331,0.9666666666666667
qwen,mmlu,opd,c_equal5,delta_nll_a,0.1,9,0.9346690211993656,0.9666666666666667
qwen,mmlu,opd,c_equal5,delta_nll_t,0.01,9,0.9491301972189636,0.9666666666666667
qwen,mmlu,opd,c_equal5,delta_nll_t,0.025,9,0.9475555698905949,0.9666666666666667
qwen,mmlu,opd,c_equal5,delta_nll_t,0.05,9,0.9449689784381766,0.9666666666666667
qwen,mmlu,opd,c_equal5,delta_nll_t,0.1,9,0.9474629876182855,0.9666666666666667
qwen,mmlu,opd,c_equal5,kl_f,0.01,9,0.8269323031876243,0.9833333333333333
qwen,mmlu,opd,c_equal5,kl_f,0.025,9,0.8235871902238433,0.9833333333333333
qwen,mmlu,opd,c_equal5,kl_f,0.05,9,0.8176958929076839,0.9833333333333333
qwen,mmlu,opd,c_equal5,kl_f,0.1,9,0.8212331389260501,0.9833333333333333
qwen,mmlu,opd,c_equal5,kl_a,0.01,9,0.9344725317447788,0.9833333333333333
qwen,mmlu,opd,c_equal5,kl_a,0.025,9,0.9324386999549235,0.9833333333333333
qwen,mmlu,opd,c_equal5,kl_a,0.05,9,0.928943722689431,0.9833333333333333
qwen,mmlu,opd,c_equal5,kl_a,0.1,9,0.9308835641075728,0.9833333333333333
qwen,mmlu,opd,c_equal5,kl_t,0.01,9,0.9484748582942757,0.9833333333333333
qwen,mmlu,opd,c_equal5,kl_t,0.025,9,0.946900703834252,0.9833333333333333
qwen,mmlu,opd,c_equal5,kl_t,0.05,9,0.9432204519028837,0.9833333333333333
qwen,mmlu,opd,c_equal5,kl_t,0.1,9,0.9449672110632061,0.9833333333333333
qwen,mmlu,opd,c_equal5,abs_delta_nll_f,0.01,9,0.5848871026850189,0.45
qwen,mmlu,opd,c_equal5,abs_delta_nll_f,0.025,9,0.5853873015283412,0.45
qwen,mmlu,opd,c_equal5,abs_delta_nll_f,0.05,9,0.5800630770651412,0.45
qwen,mmlu,opd,c_equal5,abs_delta_nll_f,0.1,9,0.5874355683721201,0.45
qwen,mmlu,opd,c_equal5,abs_delta_nll_a,0.01,9,0.9154416301708549,0.9666666666666667
qwen,mmlu,opd,c_equal5,abs_delta_nll_a,0.025,9,0.9136502129982096,0.9666666666666667
qwen,mmlu,opd,c_equal5,abs_delta_nll_a,0.05,9,0.9092873055438562,0.9666666666666667
qwen,mmlu,opd,c_equal5,abs_delta_nll_a,0.1,9,0.9123152914936463,0.9666666666666667
qwen,mmlu,opd,c_equal5,abs_delta_nll_t,0.01,9,0.9511336084034641,0.9666666666666667
qwen,mmlu,opd,c_equal5,abs_delta_nll_t,0.025,9,0.9495354772596343,0.9666666666666667
qwen,mmlu,opd,c_equal5,abs_delta_nll_t,0.05,9,0.947002638784937,0.9666666666666667
qwen,mmlu,opd,c_equal5,abs_delta_nll_t,0.1,9,0.9494090103957677,0.9666666666666667
qwen,mmlu,opd,c_equal5,delta_nll_f_minus_a,0.01,9,0.37431080511340975,0.2333333333333333
qwen,mmlu,opd,c_equal5,delta_nll_f_minus_a,0.025,9,0.37630164775092084,0.2333333333333333
qwen,mmlu,opd,c_equal5,delta_nll_f_minus_a,0.05,9,0.3827923415481164,0.2333333333333333
qwen,mmlu,opd,c_equal5,delta_nll_f_minus_a,0.1,9,0.37392073910221413,0.2333333333333333
qwen,mmlu,opd,c_equal5,delta_nll_f_minus_p,0.01,9,0.865269344716711,0.7999999999999999
qwen,mmlu,opd,c_equal5,delta_nll_f_minus_p,0.025,9,0.8652163708272786,0.7999999999999999
qwen,mmlu,opd,c_equal5,delta_nll_f_minus_p,0.05,9,0.8681025731299599,0.7999999999999999
qwen,mmlu,opd,c_equal5,delta_nll_f_minus_p,0.1,9,0.8639738926369454,0.7999999999999999
qwen,mmlu,opd,c_equal5,kl_f_minus_a,0.01,9,0.22065549582550956,0.16666666666666669
qwen,mmlu,opd,c_equal5,kl_f_minus_a,0.025,9,0.2161629527929588,0.16666666666666669
qwen,mmlu,opd,c_equal5,kl_f_minus_a,0.05,9,0.20807162368782262,0.16666666666666669
qwen,mmlu,opd,c_equal5,kl_f_minus_a,0.1,9,0.21325677702386842,0.16666666666666669
qwen,mmlu,seqkd,c_equal5,delta_nll_p,0.01,9,-0.6046581501315554,-0.6333333333333333
qwen,mmlu,seqkd,c_equal5,delta_nll_p,0.025,9,-0.6125266227481794,-0.6333333333333333
qwen,mmlu,seqkd,c_equal5,delta_nll_p,0.05,9,-0.620386482872123,-0.6333333333333333
qwen,mmlu,seqkd,c_equal5,delta_nll_p,0.1,9,-0.6252654973045035,-0.6333333333333333
qwen,mmlu,seqkd,c_equal5,delta_nll_f,0.01,9,0.9744436877338645,0.9500000000000001
qwen,mmlu,seqkd,c_equal5,delta_nll_f,0.025,9,0.9745601999514517,0.9500000000000001
qwen,mmlu,seqkd,c_equal5,delta_nll_f,0.05,9,0.9755700808638545,0.9500000000000001
qwen,mmlu,seqkd,c_equal5,delta_nll_f,0.1,9,0.9763856000700641,0.9500000000000001
qwen,mmlu,seqkd,c_equal5,delta_nll_a,0.01,9,-0.8570650236628895,-0.75
qwen,mmlu,seqkd,c_equal5,delta_nll_a,0.025,9,-0.8585842334355763,-0.75
qwen,mmlu,seqkd,c_equal5,delta_nll_a,0.05,9,-0.8518975959864122,-0.75
qwen,mmlu,seqkd,c_equal5,delta_nll_a,0.1,9,-0.8488299583981096,-0.75
qwen,mmlu,seqkd,c_equal5,delta_nll_t,0.01,9,0.7395779127955565,0.7166666666666667
qwen,mmlu,seqkd,c_equal5,delta_nll_t,0.025,9,0.7317019940252021,0.7166666666666667
qwen,mmlu,seqkd,c_equal5,delta_nll_t,0.05,9,0.7260189683000444,0.7166666666666667
qwen,mmlu,seqkd,c_equal5,delta_nll_t,0.1,9,0.7202020311550137,0.7166666666666667
qwen,mmlu,seqkd,c_equal5,kl_f,0.01,9,0.9707332723779583,0.9333333333333332
qwen,mmlu,seqkd,c_equal5,kl_f,0.025,9,0.9677214165688292,0.9333333333333332
qwen,mmlu,seqkd,c_equal5,kl_f,0.05,9,0.9665137448024907,0.9333333333333332
qwen,mmlu,seqkd,c_equal5,kl_f,0.1,9,0.9642837528372935,0.9333333333333332
qwen,mmlu,seqkd,c_equal5,kl_a,0.01,9,0.9725918842249827,0.9333333333333332
qwen,mmlu,seqkd,c_equal5,kl_a,0.025,9,0.9699709146009395,0.9333333333333332
qwen,mmlu,seqkd,c_equal5,kl_a,0.05,9,0.9676909988327019,0.9333333333333332
qwen,mmlu,seqkd,c_equal5,kl_a,0.1,9,0.9649760324436882,0.9333333333333332
qwen,mmlu,seqkd,c_equal5,kl_t,0.01,9,0.9518521277446477,0.9333333333333332
qwen,mmlu,seqkd,c_equal5,kl_t,0.025,9,0.9479840826697198,0.9333333333333332
qwen,mmlu,seqkd,c_equal5,kl_t,0.05,9,0.9453231965809602,0.9333333333333332
qwen,mmlu,seqkd,c_equal5,kl_t,0.1,9,0.9421710857605766,0.9333333333333332
qwen,mmlu,seqkd,c_equal5,abs_delta_nll_f,0.01,9,0.4960087090494782,0.39999999999999997
qwen,mmlu,seqkd,c_equal5,abs_delta_nll_f,0.025,9,0.5023431888011117,0.39999999999999997
qwen,mmlu,seqkd,c_equal5,abs_delta_nll_f,0.05,9,0.5024088807168888,0.39999999999999997
qwen,mmlu,seqkd,c_equal5,abs_delta_nll_f,0.1,9,0.49953646980183225,0.39999999999999997
qwen,mmlu,seqkd,c_equal5,abs_delta_nll_a,0.01,9,0.9547847498146393,0.9333333333333332
qwen,mmlu,seqkd,c_equal5,abs_delta_nll_a,0.025,9,0.9520087919967642,0.9333333333333332
qwen,mmlu,seqkd,c_equal5,abs_delta_nll_a,0.05,9,0.9499239826394531,0.9333333333333332
qwen,mmlu,seqkd,c_equal5,abs_delta_nll_a,0.1,9,0.9468611283227,0.9333333333333332
qwen,mmlu,seqkd,c_equal5,abs_delta_nll_t,0.01,9,0.7432948641303202,0.7166666666666667
qwen,mmlu,seqkd,c_equal5,abs_delta_nll_t,0.025,9,0.7352757421893339,0.7166666666666667
qwen,mmlu,seqkd,c_equal5,abs_delta_nll_t,0.05,9,0.7296292056646073,0.7166666666666667
qwen,mmlu,seqkd,c_equal5,abs_delta_nll_t,0.1,9,0.7238532891707193,0.7166666666666667
qwen,mmlu,seqkd,c_equal5,delta_nll_f_minus_a,0.01,9,0.9760786552892556,0.9500000000000001
qwen,mmlu,seqkd,c_equal5,delta_nll_f_minus_a,0.025,9,0.9762207154164266,0.9500000000000001
qwen,mmlu,seqkd,c_equal5,delta_nll_f_minus_a,0.05,9,0.9770967384602156,0.9500000000000001
qwen,mmlu,seqkd,c_equal5,delta_nll_f_minus_a,0.1,9,0.977845894820281,0.9500000000000001
qwen,mmlu,seqkd,c_equal5,delta_nll_f_minus_p,0.01,9,0.9734223066818771,0.9500000000000001
qwen,mmlu,seqkd,c_equal5,delta_nll_f_minus_p,0.025,9,0.9736259239968541,0.9500000000000001
qwen,mmlu,seqkd,c_equal5,delta_nll_f_minus_p,0.05,9,0.9747156749225264,0.9500000000000001
qwen,mmlu,seqkd,c_equal5,delta_nll_f_minus_p,0.1,9,0.975579266161407,0.9500000000000001
qwen,mmlu,seqkd,c_equal5,kl_f_minus_a,0.01,9,0.9633934177862488,0.9166666666666666
qwen,mmlu,seqkd,c_equal5,kl_f_minus_a,0.025,9,0.9601915305040384,0.9166666666666666
qwen,mmlu,seqkd,c_equal5,kl_f_minus_a,0.05,9,0.9595670093277362,0.9166666666666666
qwen,mmlu,seqkd,c_equal5,kl_f_minus_a,0.1,9,0.9576117771404008,0.9166666666666666
qwen,mmlu,sft,c_equal5,delta_nll_p,0.01,9,-0.9793992158418533,-0.8451956828432803
qwen,mmlu,sft,c_equal5,delta_nll_p,0.025,9,-0.9808830487676616,-0.8333333333333333
qwen,mmlu,sft,c_equal5,delta_nll_p,0.05,9,-0.9805295576808001,-0.8333333333333333
qwen,mmlu,sft,c_equal5,delta_nll_p,0.1,9,-0.9741366803656918,-0.728039845617479
qwen,mmlu,sft,c_equal5,delta_nll_f,0.01,9,0.9096630679516714,0.836827408755723
qwen,mmlu,sft,c_equal5,delta_nll_f,0.025,9,0.9049079595840744,0.8499999999999999
qwen,mmlu,sft,c_equal5,delta_nll_f,0.05,9,0.9063863221635963,0.8499999999999999
qwen,mmlu,sft,c_equal5,delta_nll_f,0.1,9,0.9187084910920283,0.9372466978064098
qwen,mmlu,sft,c_equal5,delta_nll_a,0.01,9,-0.8196142507333737,-0.7949860383179369
qwen,mmlu,sft,c_equal5,delta_nll_a,0.025,9,-0.7977877589479436,-0.7833333333333333
qwen,mmlu,sft,c_equal5,delta_nll_a,0.05,9,-0.8046813553873158,-0.7833333333333333
qwen,mmlu,sft,c_equal5,delta_nll_a,0.1,9,-0.7929461326003524,-0.8786687791935092
qwen,mmlu,sft,c_equal5,delta_nll_t,0.01,9,0.6772720925897311,0.5523060897787773
qwen,mmlu,sft,c_equal5,delta_nll_t,0.025,9,0.6735761401533513,0.5666666666666667
qwen,mmlu,sft,c_equal5,delta_nll_t,0.05,9,0.6656062301332538,0.5666666666666667
qwen,mmlu,sft,c_equal5,delta_nll_t,0.1,9,0.6370065701312762,0.35146751167740364
qwen,mmlu,sft,c_equal5,kl_f,0.01,9,0.8024969202421326,0.8117225864930513
qwen,mmlu,sft,c_equal5,kl_f,0.025,9,0.8010511577970975,0.7999999999999999
qwen,mmlu,sft,c_equal5,kl_f,0.05,9,0.795570099685789,0.7999999999999999
qwen,mmlu,sft,c_equal5,kl_f,0.1,9,0.7709696355936325,0.6945667492672501
qwen,mmlu,sft,c_equal5,kl_a,0.01,9,0.8445702416156242,0.8284591346681658
qwen,mmlu,sft,c_equal5,kl_a,0.025,9,0.844307733767189,0.8166666666666667
qwen,mmlu,sft,c_equal5,kl_a,0.05,9,0.8417813365238004,0.8166666666666667
qwen,mmlu,sft,c_equal5,kl_a,0.1,9,0.8196655976915409,0.7113032974423646
qwen,mmlu,sft,c_equal5,kl_t,0.01,9,0.8106773399147784,0.7447763937925935
qwen,mmlu,sft,c_equal5,kl_t,0.025,9,0.807174204649036,0.7333333333333334
qwen,mmlu,sft,c_equal5,kl_t,0.05,9,0.8047853550059353,0.7333333333333334
qwen,mmlu,sft,c_equal5,kl_t,0.1,9,0.7799304062193101,0.6276205565667923
qwen,mmlu,sft,c_equal5,abs_delta_nll_f,0.01,9,0.37222007283010056,0.15899720766358738
qwen,mmlu,sft,c_equal5,abs_delta_nll_f,0.025,9,0.38856058149998174,0.15
qwen,mmlu,sft,c_equal5,abs_delta_nll_f,0.05,9,0.3884578120139128,0.15
qwen,mmlu,sft,c_equal5,abs_delta_nll_f,0.1,9,0.3577965260418934,-0.05857791861290061
qwen,mmlu,sft,c_equal5,abs_delta_nll_a,0.01,9,0.8415518599444176,0.8284591346681658
qwen,mmlu,sft,c_equal5,abs_delta_nll_a,0.025,9,0.8398853717061133,0.8166666666666667
qwen,mmlu,sft,c_equal5,abs_delta_nll_a,0.05,9,0.8375053146424993,0.8166666666666667
qwen,mmlu,sft,c_equal5,abs_delta_nll_a,0.1,9,0.8142171229299865,0.7113032974423646
qwen,mmlu,sft,c_equal5,abs_delta_nll_t,0.01,9,0.6785706035723028,0.5272012675161055
qwen,mmlu,sft,c_equal5,abs_delta_nll_t,0.025,9,0.6740956808299413,0.5166666666666667
qwen,mmlu,sft,c_equal5,abs_delta_nll_t,0.05,9,0.6662623306521859,0.5166666666666667
qwen,mmlu,sft,c_equal5,abs_delta_nll_t,0.1,9,0.6378647898650576,0.3096261412396175
qwen,mmlu,sft,c_equal5,delta_nll_f_minus_a,0.01,9,0.9153298475803617,0.8786687791935092
qwen,mmlu,sft,c_equal5,delta_nll_f_minus_a,0.025,9,0.9090890778155147,0.8833333333333333
qwen,mmlu,sft,c_equal5,delta_nll_f_minus_a,0.05,9,0.9110382752744117,0.8833333333333333
qwen,mmlu,sft,c_equal5,delta_nll_f_minus_a,0.1,9,0.9215416258172511,0.9623515200690814
qwen,mmlu,sft,c_equal5,delta_nll_f_minus_p,0.01,9,0.9230105396380368,0.8786687791935092
qwen,mmlu,sft,c_equal5,delta_nll_f_minus_p,0.025,9,0.9186226575059403,0.8833333333333333
qwen,mmlu,sft,c_equal5,delta_nll_f_minus_p,0.05,9,0.919993985514426,0.8833333333333333
qwen,mmlu,sft,c_equal5,delta_nll_f_minus_p,0.1,9,0.9311959395447215,0.9623515200690814
qwen,mmlu,sft,c_equal5,kl_f_minus_a,0.01,9,0.7778464004758262,0.6778302010921357
qwen,mmlu,sft,c_equal5,kl_f_minus_a,0.025,9,0.7758045324125349,0.6666666666666667
qwen,mmlu,sft,c_equal5,kl_f_minus_a,0.05,9,0.768842530276104,0.6666666666666667
qwen,mmlu,sft,c_equal5,kl_f_minus_a,0.1,9,0.7430775425133849,0.5606743638663344
