model,domain,target,feature_block,OOF_R2,OOF_MAE,OOF_prediction_spearman,n_checkpoint_groups,n_state_rows,analysis_role,outer_split,standardization,alpha_selection
llama,math,delta_nll_p,C-only,0.7850773552309053,0.03430827450362264,0.7608695652173912,6,24,standalone,leave_one_checkpoint_group_out,train_fold_only,inner_checkpoint_cv_train_only
llama,math,delta_nll_p,C-only-matched,0.7850773552309053,0.03430827450362264,0.7608695652173912,6,24,standalone,leave_one_checkpoint_group_out,train_fold_only,inner_checkpoint_cv_train_only
llama,math,delta_nll_p,Pk4-only,0.24510098373645706,0.061686653885249666,0.5817391304347826,6,24,standalone,leave_one_checkpoint_group_out,train_fold_only,inner_checkpoint_cv_train_only
llama,math,delta_nll_p,Pk8-only,0.4149143819865104,0.05418440376285497,0.6939130434782607,6,24,standalone,leave_one_checkpoint_group_out,train_fold_only,inner_checkpoint_cv_train_only
llama,math,delta_nll_p,Pk16-only,0.5711957015453883,0.048873953216953,0.6504347826086957,6,24,standalone,leave_one_checkpoint_group_out,train_fold_only,inner_checkpoint_cv_train_only
llama,math,delta_nll_p,Pk32-only,0.610241359552025,0.0483330598358491,0.7382608695652173,6,24,standalone,leave_one_checkpoint_group_out,train_fold_only,inner_checkpoint_cv_train_only
llama,math,delta_nll_p,PkAll-only,0.40712241598220456,0.05589987314108558,0.7243478260869565,6,24,standalone,leave_one_checkpoint_group_out,train_fold_only,inner_checkpoint_cv_train_only
llama,math,delta_nll_c,C-only,0.8076400161750422,0.04197792807124328,0.8339130434782607,6,24,standalone,leave_one_checkpoint_group_out,train_fold_only,inner_checkpoint_cv_train_only
llama,math,delta_nll_c,C-only-matched,0.8076400161750422,0.04197792807124328,0.8339130434782607,6,24,standalone,leave_one_checkpoint_group_out,train_fold_only,inner_checkpoint_cv_train_only
llama,math,delta_nll_c,Pk4-only,0.19024582180808947,0.08266358461728772,0.6321739130434781,6,24,standalone,leave_one_checkpoint_group_out,train_fold_only,inner_checkpoint_cv_train_only
llama,math,delta_nll_c,Pk8-only,0.4173820898637237,0.06558765495084579,0.6956521739130433,6,24,standalone,leave_one_checkpoint_group_out,train_fold_only,inner_checkpoint_cv_train_only
llama,math,delta_nll_c,Pk16-only,0.6549465138103008,0.05348487732681181,0.7852173913043478,6,24,standalone,leave_one_checkpoint_group_out,train_fold_only,inner_checkpoint_cv_train_only
llama,math,delta_nll_c,Pk32-only,0.7762144864298901,0.044653140868064156,0.8608695652173911,6,24,standalone,leave_one_checkpoint_group_out,train_fold_only,inner_checkpoint_cv_train_only
llama,math,delta_nll_c,PkAll-only,0.6241722871344038,0.05466014713485834,0.8486956521739129,6,24,standalone,leave_one_checkpoint_group_out,train_fold_only,inner_checkpoint_cv_train_only
llama,math,delta_nll_b,C-only,-0.06583444531014115,0.13922054082319268,-0.2652173913043478,6,24,standalone,leave_one_checkpoint_group_out,train_fold_only,inner_checkpoint_cv_train_only
llama,math,delta_nll_b,C-only-matched,-0.06583444531014115,0.13922054082319268,-0.2652173913043478,6,24,standalone,leave_one_checkpoint_group_out,train_fold_only,inner_checkpoint_cv_train_only
llama,math,delta_nll_b,Pk4-only,-0.16351644806055043,0.1465067142666746,-0.1252173913043478,6,24,standalone,leave_one_checkpoint_group_out,train_fold_only,inner_checkpoint_cv_train_only
llama,math,delta_nll_b,Pk8-only,-0.044346327062259716,0.13566064278156223,-0.1843478260869565,6,24,standalone,leave_one_checkpoint_group_out,train_fold_only,inner_checkpoint_cv_train_only
llama,math,delta_nll_b,Pk16-only,-0.08393953867601023,0.13608806990827607,-0.2904347826086956,6,24,standalone,leave_one_checkpoint_group_out,train_fold_only,inner_checkpoint_cv_train_only
llama,math,delta_nll_b,Pk32-only,-0.07161567701471494,0.13513995048232044,-0.2843478260869565,6,24,standalone,leave_one_checkpoint_group_out,train_fold_only,inner_checkpoint_cv_train_only
llama,math,delta_nll_b,PkAll-only,-0.002659587328247559,0.13503241966248025,0.1060869565217391,6,24,standalone,leave_one_checkpoint_group_out,train_fold_only,inner_checkpoint_cv_train_only
llama,math,delta_nll_t,C-only,0.8769481084485381,0.23164939897218403,0.8669565217391304,6,24,standalone,leave_one_checkpoint_group_out,train_fold_only,inner_checkpoint_cv_train_only
llama,math,delta_nll_t,C-only-matched,0.8769481084485381,0.23164939897218403,0.8669565217391304,6,24,standalone,leave_one_checkpoint_group_out,train_fold_only,inner_checkpoint_cv_train_only
llama,math,delta_nll_t,Pk4-only,0.3483346351234372,0.5672342414630992,0.5704347826086955,6,24,standalone,leave_one_checkpoint_group_out,train_fold_only,inner_checkpoint_cv_train_only
llama,math,delta_nll_t,Pk8-only,0.6009077962407313,0.42339809906257714,0.6965217391304346,6,24,standalone,leave_one_checkpoint_group_out,train_fold_only,inner_checkpoint_cv_train_only
llama,math,delta_nll_t,Pk16-only,0.4837152428705307,0.4518245038196452,0.6599999999999999,6,24,standalone,leave_one_checkpoint_group_out,train_fold_only,inner_checkpoint_cv_train_only
llama,math,delta_nll_t,Pk32-only,0.6728137083309793,0.35527433913647394,0.7965217391304347,6,24,standalone,leave_one_checkpoint_group_out,train_fold_only,inner_checkpoint_cv_train_only
llama,math,delta_nll_t,PkAll-only,0.5194990891393279,0.4679587566724271,0.7234782608695651,6,24,standalone,leave_one_checkpoint_group_out,train_fold_only,inner_checkpoint_cv_train_only
llama,math,kl_b,C-only,0.560830581517439,0.09466689477182683,0.5156521739130434,6,24,standalone,leave_one_checkpoint_group_out,train_fold_only,inner_checkpoint_cv_train_only
llama,math,kl_b,C-only-matched,0.560830581517439,0.09466689477182683,0.5156521739130434,6,24,standalone,leave_one_checkpoint_group_out,train_fold_only,inner_checkpoint_cv_train_only
llama,math,kl_b,Pk4-only,0.42726021242022827,0.099454598898438,0.8043478260869565,6,24,standalone,leave_one_checkpoint_group_out,train_fold_only,inner_checkpoint_cv_train_only
llama,math,kl_b,Pk8-only,0.6149885474413134,0.08741968518683609,0.7869565217391304,6,24,standalone,leave_one_checkpoint_group_out,train_fold_only,inner_checkpoint_cv_train_only
llama,math,kl_b,Pk16-only,0.49732481798594175,0.10164092126213653,0.7869565217391304,6,24,standalone,leave_one_checkpoint_group_out,train_fold_only,inner_checkpoint_cv_train_only
llama,math,kl_b,Pk32-only,0.5959878454351766,0.09108561115258583,0.82,6,24,standalone,leave_one_checkpoint_group_out,train_fold_only,inner_checkpoint_cv_train_only
llama,math,kl_b,PkAll-only,0.43731782555119236,0.10086282103455418,0.8121739130434782,6,24,standalone,leave_one_checkpoint_group_out,train_fold_only,inner_checkpoint_cv_train_only
llama,math,kl_t,C-only,0.8121230120704621,0.16700193756037773,0.7539130434782607,6,24,standalone,leave_one_checkpoint_group_out,train_fold_only,inner_checkpoint_cv_train_only
llama,math,kl_t,C-only-matched,0.8121230120704621,0.16700193756037773,0.7539130434782607,6,24,standalone,leave_one_checkpoint_group_out,train_fold_only,inner_checkpoint_cv_train_only
llama,math,kl_t,Pk4-only,0.4745754046503723,0.28282502480801514,0.7852173913043478,6,24,standalone,leave_one_checkpoint_group_out,train_fold_only,inner_checkpoint_cv_train_only
llama,math,kl_t,Pk8-only,0.6396778956137563,0.2384562287924603,0.7817391304347826,6,24,standalone,leave_one_checkpoint_group_out,train_fold_only,inner_checkpoint_cv_train_only
llama,math,kl_t,Pk16-only,0.45190515805702014,0.26204592459672776,0.7747826086956522,6,24,standalone,leave_one_checkpoint_group_out,train_fold_only,inner_checkpoint_cv_train_only
llama,math,kl_t,Pk32-only,0.6474228530469042,0.20620874950781073,0.8617391304347826,6,24,standalone,leave_one_checkpoint_group_out,train_fold_only,inner_checkpoint_cv_train_only
llama,math,kl_t,PkAll-only,0.6173000727761085,0.24749860888012773,0.8469565217391304,6,24,standalone,leave_one_checkpoint_group_out,train_fold_only,inner_checkpoint_cv_train_only
llama,math,abs_delta_nll_c,C-only,0.8034789518801433,0.039020004312154154,0.8443478260869565,6,24,standalone,leave_one_checkpoint_group_out,train_fold_only,inner_checkpoint_cv_train_only
llama,math,abs_delta_nll_c,C-only-matched,0.8034789518801433,0.039020004312154154,0.8443478260869565,6,24,standalone,leave_one_checkpoint_group_out,train_fold_only,inner_checkpoint_cv_train_only
llama,math,abs_delta_nll_c,Pk4-only,0.1826743748263876,0.08059371924927186,0.6686956521739129,6,24,standalone,leave_one_checkpoint_group_out,train_fold_only,inner_checkpoint_cv_train_only
llama,math,abs_delta_nll_c,Pk8-only,0.4202491337532587,0.06205316146933679,0.7391304347826086,6,24,standalone,leave_one_checkpoint_group_out,train_fold_only,inner_checkpoint_cv_train_only
llama,math,abs_delta_nll_c,Pk16-only,0.6651234885569404,0.049589015786313584,0.8234782608695651,6,24,standalone,leave_one_checkpoint_group_out,train_fold_only,inner_checkpoint_cv_train_only
llama,math,abs_delta_nll_c,Pk32-only,0.7947584660838232,0.040077862640722266,0.8904347826086956,6,24,standalone,leave_one_checkpoint_group_out,train_fold_only,inner_checkpoint_cv_train_only
llama,math,abs_delta_nll_c,PkAll-only,0.7646544758432092,0.041553582585147145,0.886086956521739,6,24,standalone,leave_one_checkpoint_group_out,train_fold_only,inner_checkpoint_cv_train_only
llama,math,abs_delta_nll_b,C-only,0.2325865369459491,0.10071886589391484,0.4869565217391304,6,24,standalone,leave_one_checkpoint_group_out,train_fold_only,inner_checkpoint_cv_train_only
llama,math,abs_delta_nll_b,C-only-matched,0.2325865369459491,0.10071886589391484,0.4869565217391304,6,24,standalone,leave_one_checkpoint_group_out,train_fold_only,inner_checkpoint_cv_train_only
llama,math,abs_delta_nll_b,Pk4-only,-0.3727002746028387,0.1322469740895799,0.025217391304347827,6,24,standalone,leave_one_checkpoint_group_out,train_fold_only,inner_checkpoint_cv_train_only
llama,math,abs_delta_nll_b,Pk8-only,0.3416314418627976,0.09069154195839063,0.6669565217391304,6,24,standalone,leave_one_checkpoint_group_out,train_fold_only,inner_checkpoint_cv_train_only
llama,math,abs_delta_nll_b,Pk16-only,0.05118992405314848,0.10249388275454929,0.3182608695652174,6,24,standalone,leave_one_checkpoint_group_out,train_fold_only,inner_checkpoint_cv_train_only
llama,math,abs_delta_nll_b,Pk32-only,0.08414194562742816,0.10103748194536588,0.3808695652173913,6,24,standalone,leave_one_checkpoint_group_out,train_fold_only,inner_checkpoint_cv_train_only
llama,math,abs_delta_nll_b,PkAll-only,-0.15645860610838436,0.1164278507263643,0.3660869565217391,6,24,standalone,leave_one_checkpoint_group_out,train_fold_only,inner_checkpoint_cv_train_only
llama,math,abs_delta_nll_t,C-only,0.882703495398373,0.2156839728895469,0.8947826086956522,6,24,standalone,leave_one_checkpoint_group_out,train_fold_only,inner_checkpoint_cv_train_only
llama,math,abs_delta_nll_t,C-only-matched,0.882703495398373,0.2156839728895469,0.8947826086956522,6,24,standalone,leave_one_checkpoint_group_out,train_fold_only,inner_checkpoint_cv_train_only
llama,math,abs_delta_nll_t,Pk4-only,0.3572153142969344,0.5361737226078623,0.5817391304347826,6,24,standalone,leave_one_checkpoint_group_out,train_fold_only,inner_checkpoint_cv_train_only
llama,math,abs_delta_nll_t,Pk8-only,0.6134912805674549,0.39420014558821376,0.7095652173913043,6,24,standalone,leave_one_checkpoint_group_out,train_fold_only,inner_checkpoint_cv_train_only
llama,math,abs_delta_nll_t,Pk16-only,0.4908203431072795,0.42411030315674436,0.6869565217391305,6,24,standalone,leave_one_checkpoint_group_out,train_fold_only,inner_checkpoint_cv_train_only
llama,math,abs_delta_nll_t,Pk32-only,0.6897408989230323,0.3258862529216628,0.8513043478260869,6,24,standalone,leave_one_checkpoint_group_out,train_fold_only,inner_checkpoint_cv_train_only
llama,math,abs_delta_nll_t,PkAll-only,0.5774858543426371,0.4132576646803363,0.7460869565217391,6,24,standalone,leave_one_checkpoint_group_out,train_fold_only,inner_checkpoint_cv_train_only
llama,math,delta_nll_b_minus_c,C-only,-0.010718402277477335,0.15644824695553688,0.10782608695652172,6,24,standalone,leave_one_checkpoint_group_out,train_fold_only,inner_checkpoint_cv_train_only
llama,math,delta_nll_b_minus_c,C-only-matched,-0.010718402277477335,0.15644824695553688,0.10782608695652172,6,24,standalone,leave_one_checkpoint_group_out,train_fold_only,inner_checkpoint_cv_train_only
llama,math,delta_nll_b_minus_c,Pk4-only,-0.024942268849507343,0.15536495170853773,-0.16260869565217392,6,24,standalone,leave_one_checkpoint_group_out,train_fold_only,inner_checkpoint_cv_train_only
llama,math,delta_nll_b_minus_c,Pk8-only,-0.014076429882627473,0.1543762412414344,-0.05565217391304347,6,24,standalone,leave_one_checkpoint_group_out,train_fold_only,inner_checkpoint_cv_train_only
llama,math,delta_nll_b_minus_c,Pk16-only,0.05991927115628115,0.1540125054600052,0.2208695652173913,6,24,standalone,leave_one_checkpoint_group_out,train_fold_only,inner_checkpoint_cv_train_only
llama,math,delta_nll_b_minus_c,Pk32-only,-0.06458645706110877,0.1698154717682957,0.11478260869565216,6,24,standalone,leave_one_checkpoint_group_out,train_fold_only,inner_checkpoint_cv_train_only
llama,math,delta_nll_b_minus_c,PkAll-only,0.01041065560514498,0.1625858147607292,0.23304347826086955,6,24,standalone,leave_one_checkpoint_group_out,train_fold_only,inner_checkpoint_cv_train_only
llama,math,delta_nll_b_minus_p,C-only,-0.027459682457765533,0.15479923803374399,0.03826086956521739,6,24,standalone,leave_one_checkpoint_group_out,train_fold_only,inner_checkpoint_cv_train_only
llama,math,delta_nll_b_minus_p,C-only-matched,-0.027459682457765533,0.15479923803374399,0.03826086956521739,6,24,standalone,leave_one_checkpoint_group_out,train_fold_only,inner_checkpoint_cv_train_only
llama,math,delta_nll_b_minus_p,Pk4-only,-0.03590931499218697,0.15175105756412852,-0.18869565217391301,6,24,standalone,leave_one_checkpoint_group_out,train_fold_only,inner_checkpoint_cv_train_only
llama,math,delta_nll_b_minus_p,Pk8-only,-0.025194373874110054,0.1512556388059553,-0.23130434782608694,6,24,standalone,leave_one_checkpoint_group_out,train_fold_only,inner_checkpoint_cv_train_only
llama,math,delta_nll_b_minus_p,Pk16-only,-0.07519342249733718,0.16551707110598976,0.2504347826086956,6,24,standalone,leave_one_checkpoint_group_out,train_fold_only,inner_checkpoint_cv_train_only
llama,math,delta_nll_b_minus_p,Pk32-only,-0.12603747265011989,0.17066765784361557,0.2052173913043478,6,24,standalone,leave_one_checkpoint_group_out,train_fold_only,inner_checkpoint_cv_train_only
llama,math,delta_nll_b_minus_p,PkAll-only,-0.3972742706564467,0.19249629925080733,0.10086956521739131,6,24,standalone,leave_one_checkpoint_group_out,train_fold_only,inner_checkpoint_cv_train_only
llama,mmlu,delta_nll_p,C-only,0.6075553869718493,0.023936215864651972,0.7269565217391305,6,24,standalone,leave_one_checkpoint_group_out,train_fold_only,inner_checkpoint_cv_train_only
llama,mmlu,delta_nll_p,C-only-matched,0.6075553869718493,0.023936215864651972,0.7269565217391305,6,24,standalone,leave_one_checkpoint_group_out,train_fold_only,inner_checkpoint_cv_train_only
llama,mmlu,delta_nll_p,Pk4-only,0.042032110534661826,0.03133791358400968,0.5582608695652173,6,24,standalone,leave_one_checkpoint_group_out,train_fold_only,inner_checkpoint_cv_train_only
llama,mmlu,delta_nll_p,Pk8-only,0.2765619185566812,0.028501142205288914,0.617391304347826,6,24,standalone,leave_one_checkpoint_group_out,train_fold_only,inner_checkpoint_cv_train_only
llama,mmlu,delta_nll_p,Pk16-only,0.3523657827078558,0.027043561488409616,0.7278260869565217,6,24,standalone,leave_one_checkpoint_group_out,train_fold_only,inner_checkpoint_cv_train_only
llama,mmlu,delta_nll_p,Pk32-only,0.45691948933608595,0.026050435880739325,0.7573913043478261,6,24,standalone,leave_one_checkpoint_group_out,train_fold_only,inner_checkpoint_cv_train_only
llama,mmlu,delta_nll_p,PkAll-only,0.18085995367344265,0.031592230693782176,0.706086956521739,6,24,standalone,leave_one_checkpoint_group_out,train_fold_only,inner_checkpoint_cv_train_only
llama,mmlu,delta_nll_f,C-only,0.6020281663367373,0.07552212145954695,0.5113043478260869,6,24,standalone,leave_one_checkpoint_group_out,train_fold_only,inner_checkpoint_cv_train_only
llama,mmlu,delta_nll_f,C-only-matched,0.6020281663367373,0.07552212145954695,0.5113043478260869,6,24,standalone,leave_one_checkpoint_group_out,train_fold_only,inner_checkpoint_cv_train_only
llama,mmlu,delta_nll_f,Pk4-only,0.08226724509123207,0.11547893190860296,0.2417391304347826,6,24,standalone,leave_one_checkpoint_group_out,train_fold_only,inner_checkpoint_cv_train_only
llama,mmlu,delta_nll_f,Pk8-only,0.15320767842193295,0.11162217810279938,0.3808695652173913,6,24,standalone,leave_one_checkpoint_group_out,train_fold_only,inner_checkpoint_cv_train_only
llama,mmlu,delta_nll_f,Pk16-only,0.3961703341280628,0.09204468462609317,0.6217391304347826,6,24,standalone,leave_one_checkpoint_group_out,train_fold_only,inner_checkpoint_cv_train_only
llama,mmlu,delta_nll_f,Pk32-only,0.4520440627195753,0.0910865924841281,0.4504347826086956,6,24,standalone,leave_one_checkpoint_group_out,train_fold_only,inner_checkpoint_cv_train_only
llama,mmlu,delta_nll_f,PkAll-only,0.3566101610006581,0.10140804675870385,0.5095652173913043,6,24,standalone,leave_one_checkpoint_group_out,train_fold_only,inner_checkpoint_cv_train_only
llama,mmlu,delta_nll_a,C-only,0.832402340745072,0.021675146831888537,0.8695652173913043,6,24,standalone,leave_one_checkpoint_group_out,train_fold_only,inner_checkpoint_cv_train_only
llama,mmlu,delta_nll_a,C-only-matched,0.832402340745072,0.021675146831888537,0.8695652173913043,6,24,standalone,leave_one_checkpoint_group_out,train_fold_only,inner_checkpoint_cv_train_only
llama,mmlu,delta_nll_a,Pk4-only,0.26946080078795653,0.03786878555727991,0.6634782608695651,6,24,standalone,leave_one_checkpoint_group_out,train_fold_only,inner_checkpoint_cv_train_only
llama,mmlu,delta_nll_a,Pk8-only,0.3565351499739784,0.036208384679366996,0.6921739130434782,6,24,standalone,leave_one_checkpoint_group_out,train_fold_only,inner_checkpoint_cv_train_only
llama,mmlu,delta_nll_a,Pk16-only,0.4808195619082084,0.03158596108112923,0.7730434782608695,6,24,standalone,leave_one_checkpoint_group_out,train_fold_only,inner_checkpoint_cv_train_only
llama,mmlu,delta_nll_a,Pk32-only,0.6881054724869349,0.026442940942479242,0.8556521739130434,6,24,standalone,leave_one_checkpoint_group_out,train_fold_only,inner_checkpoint_cv_train_only
llama,mmlu,delta_nll_a,PkAll-only,0.39213292364359986,0.034160919997382126,0.8521739130434782,6,24,standalone,leave_one_checkpoint_group_out,train_fold_only,inner_checkpoint_cv_train_only
llama,mmlu,delta_nll_t,C-only,0.44537347466857613,0.5233260354204253,0.6834782608695652,6,24,standalone,leave_one_checkpoint_group_out,train_fold_only,inner_checkpoint_cv_train_only
llama,mmlu,delta_nll_t,C-only-matched,0.44537347466857613,0.5233260354204253,0.6834782608695652,6,24,standalone,leave_one_checkpoint_group_out,train_fold_only,inner_checkpoint_cv_train_only
llama,mmlu,delta_nll_t,Pk4-only,0.0017636137664824858,0.7671890571096958,0.32434782608695645,6,24,standalone,leave_one_checkpoint_group_out,train_fold_only,inner_checkpoint_cv_train_only
llama,mmlu,delta_nll_t,Pk8-only,0.24281468075977197,0.652061911520874,0.4530434782608695,6,24,standalone,leave_one_checkpoint_group_out,train_fold_only,inner_checkpoint_cv_train_only
llama,mmlu,delta_nll_t,Pk16-only,0.12054531961474058,0.6714581092880434,0.3817391304347826,6,24,standalone,leave_one_checkpoint_group_out,train_fold_only,inner_checkpoint_cv_train_only
llama,mmlu,delta_nll_t,Pk32-only,0.3064682827318056,0.5632108241394319,0.5991304347826086,6,24,standalone,leave_one_checkpoint_group_out,train_fold_only,inner_checkpoint_cv_train_only
llama,mmlu,delta_nll_t,PkAll-only,0.4736525262600345,0.5386131556187491,0.7113043478260868,6,24,standalone,leave_one_checkpoint_group_out,train_fold_only,inner_checkpoint_cv_train_only
llama,mmlu,kl_f,C-only,0.9318428993115095,0.02972382826558785,0.937391304347826,6,24,standalone,leave_one_checkpoint_group_out,train_fold_only,inner_checkpoint_cv_train_only
llama,mmlu,kl_f,C-only-matched,0.9318428993115095,0.02972382826558785,0.937391304347826,6,24,standalone,leave_one_checkpoint_group_out,train_fold_only,inner_checkpoint_cv_train_only
llama,mmlu,kl_f,Pk4-only,0.33904184907228463,0.07925930348445075,0.7356521739130434,6,24,standalone,leave_one_checkpoint_group_out,train_fold_only,inner_checkpoint_cv_train_only
llama,mmlu,kl_f,Pk8-only,0.49076546471387006,0.07383285351537239,0.7617391304347826,6,24,standalone,leave_one_checkpoint_group_out,train_fold_only,inner_checkpoint_cv_train_only
llama,mmlu,kl_f,Pk16-only,0.6213265967258688,0.06133046606169681,0.8217391304347826,6,24,standalone,leave_one_checkpoint_group_out,train_fold_only,inner_checkpoint_cv_train_only
llama,mmlu,kl_f,Pk32-only,0.7884559979897333,0.04847743468460095,0.8913043478260868,6,24,standalone,leave_one_checkpoint_group_out,train_fold_only,inner_checkpoint_cv_train_only
llama,mmlu,kl_f,PkAll-only,0.6368309436780846,0.058466353358832095,0.8826086956521739,6,24,standalone,leave_one_checkpoint_group_out,train_fold_only,inner_checkpoint_cv_train_only
llama,mmlu,kl_a,C-only,0.8688625993239922,0.020577223780129637,0.9191304347826086,6,24,standalone,leave_one_checkpoint_group_out,train_fold_only,inner_checkpoint_cv_train_only
llama,mmlu,kl_a,C-only-matched,0.8688625993239922,0.020577223780129637,0.9191304347826086,6,24,standalone,leave_one_checkpoint_group_out,train_fold_only,inner_checkpoint_cv_train_only
llama,mmlu,kl_a,Pk4-only,0.2973486530091778,0.040214521673527494,0.7626086956521738,6,24,standalone,leave_one_checkpoint_group_out,train_fold_only,inner_checkpoint_cv_train_only
llama,mmlu,kl_a,Pk8-only,0.3874541337162891,0.038527051944263806,0.7913043478260868,6,24,standalone,leave_one_checkpoint_group_out,train_fold_only,inner_checkpoint_cv_train_only
llama,mmlu,kl_a,Pk16-only,0.5795427010643934,0.029255281521262933,0.8808695652173912,6,24,standalone,leave_one_checkpoint_group_out,train_fold_only,inner_checkpoint_cv_train_only
llama,mmlu,kl_a,Pk32-only,0.7430613148330705,0.02304471299320283,0.9365217391304346,6,24,standalone,leave_one_checkpoint_group_out,train_fold_only,inner_checkpoint_cv_train_only
llama,mmlu,kl_a,PkAll-only,0.626624358369666,0.02606758335509651,0.9260869565217391,6,24,standalone,leave_one_checkpoint_group_out,train_fold_only,inner_checkpoint_cv_train_only
llama,mmlu,kl_t,C-only,0.4682459476309755,0.12816659824096868,0.8565217391304346,6,24,standalone,leave_one_checkpoint_group_out,train_fold_only,inner_checkpoint_cv_train_only
llama,mmlu,kl_t,C-only-matched,0.4682459476309755,0.12816659824096868,0.8565217391304346,6,24,standalone,leave_one_checkpoint_group_out,train_fold_only,inner_checkpoint_cv_train_only
llama,mmlu,kl_t,Pk4-only,0.20215994214355404,0.17756313892370165,0.6243478260869564,6,24,standalone,leave_one_checkpoint_group_out,train_fold_only,inner_checkpoint_cv_train_only
llama,mmlu,kl_t,Pk8-only,0.458750340829444,0.14364594679658624,0.7,6,24,standalone,leave_one_checkpoint_group_out,train_fold_only,inner_checkpoint_cv_train_only
llama,mmlu,kl_t,Pk16-only,0.18644555347721403,0.14891033592306088,0.5878260869565216,6,24,standalone,leave_one_checkpoint_group_out,train_fold_only,inner_checkpoint_cv_train_only
llama,mmlu,kl_t,Pk32-only,0.3267196224828117,0.1361399998117604,0.7504347826086956,6,24,standalone,leave_one_checkpoint_group_out,train_fold_only,inner_checkpoint_cv_train_only
llama,mmlu,kl_t,PkAll-only,0.33800659238100816,0.15271059941246592,0.7217391304347825,6,24,standalone,leave_one_checkpoint_group_out,train_fold_only,inner_checkpoint_cv_train_only
llama,mmlu,abs_delta_nll_f,C-only,0.7647370667442289,0.053573039530985606,0.8139130434782607,6,24,standalone,leave_one_checkpoint_group_out,train_fold_only,inner_checkpoint_cv_train_only
llama,mmlu,abs_delta_nll_f,C-only-matched,0.7647370667442289,0.053573039530985606,0.8139130434782607,6,24,standalone,leave_one_checkpoint_group_out,train_fold_only,inner_checkpoint_cv_train_only
llama,mmlu,abs_delta_nll_f,Pk4-only,0.16478932302856308,0.09476261173472493,0.49304347826086947,6,24,standalone,leave_one_checkpoint_group_out,train_fold_only,inner_checkpoint_cv_train_only
llama,mmlu,abs_delta_nll_f,Pk8-only,0.24675877033370852,0.094421573482964,0.5973913043478261,6,24,standalone,leave_one_checkpoint_group_out,train_fold_only,inner_checkpoint_cv_train_only
llama,mmlu,abs_delta_nll_f,Pk16-only,0.4935359266778322,0.07512355797011301,0.786086956521739,6,24,standalone,leave_one_checkpoint_group_out,train_fold_only,inner_checkpoint_cv_train_only
llama,mmlu,abs_delta_nll_f,Pk32-only,0.6757409686026522,0.06222653851683433,0.8191304347826085,6,24,standalone,leave_one_checkpoint_group_out,train_fold_only,inner_checkpoint_cv_train_only
llama,mmlu,abs_delta_nll_f,PkAll-only,0.6932418299911467,0.055993381074952324,0.8008695652173912,6,24,standalone,leave_one_checkpoint_group_out,train_fold_only,inner_checkpoint_cv_train_only
llama,mmlu,abs_delta_nll_a,C-only,0.7907151195868194,0.029885175901676442,0.8599999999999999,6,24,standalone,leave_one_checkpoint_group_out,train_fold_only,inner_checkpoint_cv_train_only
llama,mmlu,abs_delta_nll_a,C-only-matched,0.7907151195868194,0.029885175901676442,0.8599999999999999,6,24,standalone,leave_one_checkpoint_group_out,train_fold_only,inner_checkpoint_cv_train_only
llama,mmlu,abs_delta_nll_a,Pk4-only,0.24665436198387802,0.056684435601465376,0.5565217391304348,6,24,standalone,leave_one_checkpoint_group_out,train_fold_only,inner_checkpoint_cv_train_only
llama,mmlu,abs_delta_nll_a,Pk8-only,0.457984651355162,0.051915413631839415,0.706086956521739,6,24,standalone,leave_one_checkpoint_group_out,train_fold_only,inner_checkpoint_cv_train_only
llama,mmlu,abs_delta_nll_a,Pk16-only,0.6067734569744647,0.04737510591550579,0.7852173913043478,6,24,standalone,leave_one_checkpoint_group_out,train_fold_only,inner_checkpoint_cv_train_only
llama,mmlu,abs_delta_nll_a,Pk32-only,0.7604151915216978,0.03744615212842178,0.8669565217391304,6,24,standalone,leave_one_checkpoint_group_out,train_fold_only,inner_checkpoint_cv_train_only
llama,mmlu,abs_delta_nll_a,PkAll-only,0.48133449935782124,0.05103789853780483,0.8113043478260868,6,24,standalone,leave_one_checkpoint_group_out,train_fold_only,inner_checkpoint_cv_train_only
llama,mmlu,abs_delta_nll_t,C-only,0.4365204024806726,0.4138865803488206,0.8034782608695652,6,24,standalone,leave_one_checkpoint_group_out,train_fold_only,inner_checkpoint_cv_train_only
llama,mmlu,abs_delta_nll_t,C-only-matched,0.4365204024806726,0.4138865803488206,0.8034782608695652,6,24,standalone,leave_one_checkpoint_group_out,train_fold_only,inner_checkpoint_cv_train_only
llama,mmlu,abs_delta_nll_t,Pk4-only,-0.0452081103136317,0.6445358176097213,0.3878260869565217,6,24,standalone,leave_one_checkpoint_group_out,train_fold_only,inner_checkpoint_cv_train_only
llama,mmlu,abs_delta_nll_t,Pk8-only,0.25408224567313153,0.5343881997146235,0.4478260869565217,6,24,standalone,leave_one_checkpoint_group_out,train_fold_only,inner_checkpoint_cv_train_only
llama,mmlu,abs_delta_nll_t,Pk16-only,0.03324937000935968,0.5546467820102421,0.2643478260869565,6,24,standalone,leave_one_checkpoint_group_out,train_fold_only,inner_checkpoint_cv_train_only
llama,mmlu,abs_delta_nll_t,Pk32-only,0.29814042043840594,0.4737596794305925,0.5260869565217391,6,24,standalone,leave_one_checkpoint_group_out,train_fold_only,inner_checkpoint_cv_train_only
llama,mmlu,abs_delta_nll_t,PkAll-only,0.23682545915381603,0.5077337144668069,0.5130434782608695,6,24,standalone,leave_one_checkpoint_group_out,train_fold_only,inner_checkpoint_cv_train_only
llama,mmlu,delta_nll_f_minus_a,C-only,0.35406921557967397,0.06279007857289301,0.37043478260869556,6,24,standalone,leave_one_checkpoint_group_out,train_fold_only,inner_checkpoint_cv_train_only
llama,mmlu,delta_nll_f_minus_a,C-only-matched,0.35406921557967397,0.06279007857289301,0.37043478260869556,6,24,standalone,leave_one_checkpoint_group_out,train_fold_only,inner_checkpoint_cv_train_only
llama,mmlu,delta_nll_f_minus_a,Pk4-only,-0.08897976696782339,0.08727583227343667,-0.29739130434782607,6,24,standalone,leave_one_checkpoint_group_out,train_fold_only,inner_checkpoint_cv_train_only
llama,mmlu,delta_nll_f_minus_a,Pk8-only,-0.050915234123313224,0.08636854889439478,0.02260869565217391,6,24,standalone,leave_one_checkpoint_group_out,train_fold_only,inner_checkpoint_cv_train_only
llama,mmlu,delta_nll_f_minus_a,Pk16-only,0.2881040506390947,0.06889228112917316,0.4904347826086956,6,24,standalone,leave_one_checkpoint_group_out,train_fold_only,inner_checkpoint_cv_train_only
llama,mmlu,delta_nll_f_minus_a,Pk32-only,0.2853322226681899,0.06786466428882858,0.3460869565217391,6,24,standalone,leave_one_checkpoint_group_out,train_fold_only,inner_checkpoint_cv_train_only
llama,mmlu,delta_nll_f_minus_a,PkAll-only,0.25228557169047894,0.07234544672651255,0.40695652173913033,6,24,standalone,leave_one_checkpoint_group_out,train_fold_only,inner_checkpoint_cv_train_only
llama,mmlu,delta_nll_f_minus_p,C-only,0.5025913376075866,0.06281702217332887,0.46956521739130425,6,24,standalone,leave_one_checkpoint_group_out,train_fold_only,inner_checkpoint_cv_train_only
llama,mmlu,delta_nll_f_minus_p,C-only-matched,0.5025913376075866,0.06281702217332887,0.46956521739130425,6,24,standalone,leave_one_checkpoint_group_out,train_fold_only,inner_checkpoint_cv_train_only
llama,mmlu,delta_nll_f_minus_p,Pk4-only,-0.007086142864745515,0.08995736592384072,0.034782608695652174,6,24,standalone,leave_one_checkpoint_group_out,train_fold_only,inner_checkpoint_cv_train_only
llama,mmlu,delta_nll_f_minus_p,Pk8-only,0.0819564892312662,0.08797876161016155,0.2643478260869565,6,24,standalone,leave_one_checkpoint_group_out,train_fold_only,inner_checkpoint_cv_train_only
llama,mmlu,delta_nll_f_minus_p,Pk16-only,0.38903448602348556,0.07098860063154791,0.5591304347826086,6,24,standalone,leave_one_checkpoint_group_out,train_fold_only,inner_checkpoint_cv_train_only
llama,mmlu,delta_nll_f_minus_p,Pk32-only,0.46874841079858853,0.0691468174450457,0.4478260869565217,6,24,standalone,leave_one_checkpoint_group_out,train_fold_only,inner_checkpoint_cv_train_only
llama,mmlu,delta_nll_f_minus_p,PkAll-only,0.5361095931860949,0.06313077274586205,0.4834782608695652,6,24,standalone,leave_one_checkpoint_group_out,train_fold_only,inner_checkpoint_cv_train_only
llama,mmlu,kl_f_minus_a,C-only,0.728285386729798,0.03340592643655484,0.8982608695652173,6,24,standalone,leave_one_checkpoint_group_out,train_fold_only,inner_checkpoint_cv_train_only
llama,mmlu,kl_f_minus_a,C-only-matched,0.728285386729798,0.03340592643655484,0.8982608695652173,6,24,standalone,leave_one_checkpoint_group_out,train_fold_only,inner_checkpoint_cv_train_only
llama,mmlu,kl_f_minus_a,Pk4-only,0.1120509853763737,0.05713652899257445,0.5330434782608695,6,24,standalone,leave_one_checkpoint_group_out,train_fold_only,inner_checkpoint_cv_train_only
llama,mmlu,kl_f_minus_a,Pk8-only,0.4956471339204812,0.04346710423522804,0.7260869565217389,6,24,standalone,leave_one_checkpoint_group_out,train_fold_only,inner_checkpoint_cv_train_only
llama,mmlu,kl_f_minus_a,Pk16-only,0.46116360023147906,0.045383494815059905,0.7556521739130433,6,24,standalone,leave_one_checkpoint_group_out,train_fold_only,inner_checkpoint_cv_train_only
llama,mmlu,kl_f_minus_a,Pk32-only,0.5914284724781451,0.04133033163231329,0.8139130434782607,6,24,standalone,leave_one_checkpoint_group_out,train_fold_only,inner_checkpoint_cv_train_only
llama,mmlu,kl_f_minus_a,PkAll-only,0.28524542875783554,0.04928421433758747,0.7652173913043477,6,24,standalone,leave_one_checkpoint_group_out,train_fold_only,inner_checkpoint_cv_train_only
qwen,math,delta_nll_p,C-only,0.2501328954323525,0.04208062695282849,0.6257400257400259,9,36,standalone,leave_one_checkpoint_group_out,train_fold_only,inner_checkpoint_cv_train_only
qwen,math,delta_nll_p,C-only-matched,-0.05893465831389966,0.05070231681844267,0.12060117302052785,8,32,standalone,leave_one_checkpoint_group_out,train_fold_only,inner_checkpoint_cv_train_only
qwen,math,delta_nll_p,Pk4-only,0.1187037690965771,0.03947435567457683,0.30975073313782986,8,32,standalone,leave_one_checkpoint_group_out,train_fold_only,inner_checkpoint_cv_train_only
qwen,math,delta_nll_p,Pk8-only,0.1736379589226701,0.040127327605305046,0.5586510263929617,8,32,standalone,leave_one_checkpoint_group_out,train_fold_only,inner_checkpoint_cv_train_only
qwen,math,delta_nll_p,Pk16-only,0.30348097444069333,0.036589282254116104,0.6242668621700879,8,32,standalone,leave_one_checkpoint_group_out,train_fold_only,inner_checkpoint_cv_train_only
qwen,math,delta_nll_p,Pk32-only,0.35979690299797185,0.036265932532650896,0.5989736070381232,8,32,standalone,leave_one_checkpoint_group_out,train_fold_only,inner_checkpoint_cv_train_only
qwen,math,delta_nll_p,PkAll-only,0.1756920136284219,0.039780063421927594,0.5095307917888563,8,32,standalone,leave_one_checkpoint_group_out,train_fold_only,inner_checkpoint_cv_train_only
qwen,math,delta_nll_c,C-only,0.17356525914793708,0.031709479452948545,0.7678249678249679,9,36,standalone,leave_one_checkpoint_group_out,train_fold_only,inner_checkpoint_cv_train_only
qwen,math,delta_nll_c,C-only-matched,0.13951958247355156,0.03504681185539758,0.7752932551319647,8,32,standalone,leave_one_checkpoint_group_out,train_fold_only,inner_checkpoint_cv_train_only
qwen,math,delta_nll_c,Pk4-only,-0.05257512992934532,0.03875490689074615,-0.13526392961876832,8,32,standalone,leave_one_checkpoint_group_out,train_fold_only,inner_checkpoint_cv_train_only
qwen,math,delta_nll_c,Pk8-only,-0.015996876907249824,0.03967647956804882,0.13269794721407624,8,32,standalone,leave_one_checkpoint_group_out,train_fold_only,inner_checkpoint_cv_train_only
qwen,math,delta_nll_c,Pk16-only,-0.04574351956742806,0.03966766843997563,-0.10080645161290322,8,32,standalone,leave_one_checkpoint_group_out,train_fold_only,inner_checkpoint_cv_train_only
qwen,math,delta_nll_c,Pk32-only,0.0769203748852767,0.03736071553961009,0.5894428152492668,8,32,standalone,leave_one_checkpoint_group_out,train_fold_only,inner_checkpoint_cv_train_only
qwen,math,delta_nll_c,PkAll-only,-0.16796571229616064,0.04220682717539982,0.21517595307917886,8,32,standalone,leave_one_checkpoint_group_out,train_fold_only,inner_checkpoint_cv_train_only
qwen,math,delta_nll_b,C-only,0.09961287910842986,0.04329454797543829,0.38635778635778645,9,36,standalone,leave_one_checkpoint_group_out,train_fold_only,inner_checkpoint_cv_train_only
qwen,math,delta_nll_b,C-only-matched,0.06859864216729539,0.047375656462517526,0.282258064516129,8,32,standalone,leave_one_checkpoint_group_out,train_fold_only,inner_checkpoint_cv_train_only
qwen,math,delta_nll_b,Pk4-only,-0.06701748167209698,0.05040912810015266,-0.3581378299120234,8,32,standalone,leave_one_checkpoint_group_out,train_fold_only,inner_checkpoint_cv_train_only
qwen,math,delta_nll_b,Pk8-only,-0.026508441274631034,0.05055267614522412,-0.21480938416422285,8,32,standalone,leave_one_checkpoint_group_out,train_fold_only,inner_checkpoint_cv_train_only
qwen,math,delta_nll_b,Pk16-only,-0.03386837019665201,0.050719303586439585,-0.25366568914956006,8,32,standalone,leave_one_checkpoint_group_out,train_fold_only,inner_checkpoint_cv_train_only
qwen,math,delta_nll_b,Pk32-only,-0.011469197371206663,0.048194175738070735,0.1656891495601173,8,32,standalone,leave_one_checkpoint_group_out,train_fold_only,inner_checkpoint_cv_train_only
qwen,math,delta_nll_b,PkAll-only,-0.23053457691753532,0.05537595839842714,-0.026759530791788853,8,32,standalone,leave_one_checkpoint_group_out,train_fold_only,inner_checkpoint_cv_train_only
qwen,math,delta_nll_t,C-only,0.43981561512055667,0.780807392206105,0.5495495495495496,9,36,standalone,leave_one_checkpoint_group_out,train_fold_only,inner_checkpoint_cv_train_only
qwen,math,delta_nll_t,C-only-matched,0.39577029406132924,0.8349131251352536,0.5447214076246334,8,32,standalone,leave_one_checkpoint_group_out,train_fold_only,inner_checkpoint_cv_train_only
qwen,math,delta_nll_t,Pk4-only,0.12442712762329644,1.0130020137086941,0.35153958944281516,8,32,standalone,leave_one_checkpoint_group_out,train_fold_only,inner_checkpoint_cv_train_only
qwen,math,delta_nll_t,Pk8-only,0.38399353557579907,0.8052803337760384,0.6165689149560116,8,32,standalone,leave_one_checkpoint_group_out,train_fold_only,inner_checkpoint_cv_train_only
qwen,math,delta_nll_t,Pk16-only,0.5490344998558326,0.6755048068267582,0.7712609970674487,8,32,standalone,leave_one_checkpoint_group_out,train_fold_only,inner_checkpoint_cv_train_only
qwen,math,delta_nll_t,Pk32-only,0.6816414695175931,0.5617677478525227,0.8159824046920819,8,32,standalone,leave_one_checkpoint_group_out,train_fold_only,inner_checkpoint_cv_train_only
qwen,math,delta_nll_t,PkAll-only,0.7444987165921237,0.5431790539755461,0.8379765395894426,8,32,standalone,leave_one_checkpoint_group_out,train_fold_only,inner_checkpoint_cv_train_only
qwen,math,kl_b,C-only,0.27172705687123866,0.030260958606514003,0.7688545688545689,9,36,standalone,leave_one_checkpoint_group_out,train_fold_only,inner_checkpoint_cv_train_only
qwen,math,kl_b,C-only-matched,0.22718495857935184,0.03298918210719522,0.7565982404692082,8,32,standalone,leave_one_checkpoint_group_out,train_fold_only,inner_checkpoint_cv_train_only
qwen,math,kl_b,Pk4-only,-0.04610943126607259,0.0370418693602493,-0.00843108504398827,8,32,standalone,leave_one_checkpoint_group_out,train_fold_only,inner_checkpoint_cv_train_only
qwen,math,kl_b,Pk8-only,-0.010164399867919505,0.03642678683114825,0.2624633431085044,8,32,standalone,leave_one_checkpoint_group_out,train_fold_only,inner_checkpoint_cv_train_only
qwen,math,kl_b,Pk16-only,-0.0522833439619228,0.038807067120505065,0.12683284457478003,8,32,standalone,leave_one_checkpoint_group_out,train_fold_only,inner_checkpoint_cv_train_only
qwen,math,kl_b,Pk32-only,0.16707784514770452,0.034958075334471844,0.6030058651026393,8,32,standalone,leave_one_checkpoint_group_out,train_fold_only,inner_checkpoint_cv_train_only
qwen,math,kl_b,PkAll-only,-0.1065729605315886,0.039630545602781474,0.43071847507331373,8,32,standalone,leave_one_checkpoint_group_out,train_fold_only,inner_checkpoint_cv_train_only
qwen,math,kl_t,C-only,0.6508568869727052,0.34100618921260123,0.8015444015444017,9,36,standalone,leave_one_checkpoint_group_out,train_fold_only,inner_checkpoint_cv_train_only
qwen,math,kl_t,C-only-matched,0.6044317769574813,0.3548341868691055,0.8086510263929618,8,32,standalone,leave_one_checkpoint_group_out,train_fold_only,inner_checkpoint_cv_train_only
qwen,math,kl_t,Pk4-only,0.08685672147800505,0.5438299068656448,0.2782258064516129,8,32,standalone,leave_one_checkpoint_group_out,train_fold_only,inner_checkpoint_cv_train_only
qwen,math,kl_t,Pk8-only,0.5776119421735078,0.3349299676800771,0.7573313782991201,8,32,standalone,leave_one_checkpoint_group_out,train_fold_only,inner_checkpoint_cv_train_only
qwen,math,kl_t,Pk16-only,0.6315093855897227,0.31692080185085747,0.7804252199413488,8,32,standalone,leave_one_checkpoint_group_out,train_fold_only,inner_checkpoint_cv_train_only
qwen,math,kl_t,Pk32-only,0.7178699388555585,0.2606019279306313,0.8427419354838708,8,32,standalone,leave_one_checkpoint_group_out,train_fold_only,inner_checkpoint_cv_train_only
qwen,math,kl_t,PkAll-only,0.6506668419623816,0.3005870842148952,0.786290322580645,8,32,standalone,leave_one_checkpoint_group_out,train_fold_only,inner_checkpoint_cv_train_only
qwen,math,abs_delta_nll_c,C-only,0.1880474721822354,0.0302273428702095,0.7837837837837839,9,36,standalone,leave_one_checkpoint_group_out,train_fold_only,inner_checkpoint_cv_train_only
qwen,math,abs_delta_nll_c,C-only-matched,0.14963935428776853,0.03342655580435335,0.7991202346041056,8,32,standalone,leave_one_checkpoint_group_out,train_fold_only,inner_checkpoint_cv_train_only
qwen,math,abs_delta_nll_c,Pk4-only,-0.05393662078150929,0.03710453360034677,-0.11400293255131963,8,32,standalone,leave_one_checkpoint_group_out,train_fold_only,inner_checkpoint_cv_train_only
qwen,math,abs_delta_nll_c,Pk8-only,-0.014695402925152923,0.038052810099090575,0.18145161290322578,8,32,standalone,leave_one_checkpoint_group_out,train_fold_only,inner_checkpoint_cv_train_only
qwen,math,abs_delta_nll_c,Pk16-only,-0.04654148605437225,0.0380382858233375,-0.08541055718475073,8,32,standalone,leave_one_checkpoint_group_out,train_fold_only,inner_checkpoint_cv_train_only
qwen,math,abs_delta_nll_c,Pk32-only,0.08715989214079511,0.03571294432335773,0.6206011730205278,8,32,standalone,leave_one_checkpoint_group_out,train_fold_only,inner_checkpoint_cv_train_only
qwen,math,abs_delta_nll_c,PkAll-only,-0.16360105513288703,0.040443396814732344,0.25476539589442815,8,32,standalone,leave_one_checkpoint_group_out,train_fold_only,inner_checkpoint_cv_train_only
qwen,math,abs_delta_nll_b,C-only,0.24878900882004673,0.040851023569268875,0.7621621621621621,9,36,standalone,leave_one_checkpoint_group_out,train_fold_only,inner_checkpoint_cv_train_only
qwen,math,abs_delta_nll_b,C-only-matched,0.18012300576312057,0.04480849933138539,0.6964809384164222,8,32,standalone,leave_one_checkpoint_group_out,train_fold_only,inner_checkpoint_cv_train_only
qwen,math,abs_delta_nll_b,Pk4-only,-0.03265120036979785,0.04838146254148262,-0.005865102639296188,8,32,standalone,leave_one_checkpoint_group_out,train_fold_only,inner_checkpoint_cv_train_only
qwen,math,abs_delta_nll_b,Pk8-only,-0.020936982343310984,0.048875446812876575,0.17631964809384162,8,32,standalone,leave_one_checkpoint_group_out,train_fold_only,inner_checkpoint_cv_train_only
qwen,math,abs_delta_nll_b,Pk16-only,-0.05916638254737672,0.049683127762362556,0.028958944281524925,8,32,standalone,leave_one_checkpoint_group_out,train_fold_only,inner_checkpoint_cv_train_only
qwen,math,abs_delta_nll_b,Pk32-only,0.13385815371681198,0.04612145879494489,0.5406891495601173,8,32,standalone,leave_one_checkpoint_group_out,train_fold_only,inner_checkpoint_cv_train_only
qwen,math,abs_delta_nll_b,PkAll-only,-0.11533027945132668,0.051104848347891675,0.35850439882697943,8,32,standalone,leave_one_checkpoint_group_out,train_fold_only,inner_checkpoint_cv_train_only
qwen,math,abs_delta_nll_t,C-only,0.5642053384072936,0.49929862438774575,0.755984555984556,9,36,standalone,leave_one_checkpoint_group_out,train_fold_only,inner_checkpoint_cv_train_only
qwen,math,abs_delta_nll_t,C-only-matched,0.5143194451841502,0.5461771125020727,0.7283724340175952,8,32,standalone,leave_one_checkpoint_group_out,train_fold_only,inner_checkpoint_cv_train_only
qwen,math,abs_delta_nll_t,Pk4-only,0.2495930341275071,0.6479396112825377,0.49230205278592365,8,32,standalone,leave_one_checkpoint_group_out,train_fold_only,inner_checkpoint_cv_train_only
qwen,math,abs_delta_nll_t,Pk8-only,0.5522399913453899,0.4490813093877438,0.8244134897360703,8,32,standalone,leave_one_checkpoint_group_out,train_fold_only,inner_checkpoint_cv_train_only
qwen,math,abs_delta_nll_t,Pk16-only,0.6555200679731439,0.40563125823017937,0.8533724340175952,8,32,standalone,leave_one_checkpoint_group_out,train_fold_only,inner_checkpoint_cv_train_only
qwen,math,abs_delta_nll_t,Pk32-only,0.7235456898649815,0.3513253486444845,0.8713343108504397,8,32,standalone,leave_one_checkpoint_group_out,train_fold_only,inner_checkpoint_cv_train_only
qwen,math,abs_delta_nll_t,PkAll-only,0.6338866084240289,0.43493224580929124,0.8159824046920819,8,32,standalone,leave_one_checkpoint_group_out,train_fold_only,inner_checkpoint_cv_train_only
qwen,math,delta_nll_b_minus_c,C-only,-0.042805331194626595,0.013466769192883317,-0.3523809523809524,9,36,standalone,leave_one_checkpoint_group_out,train_fold_only,inner_checkpoint_cv_train_only
qwen,math,delta_nll_b_minus_c,C-only-matched,-0.06781765574175447,0.013309758856146917,-0.37866568914956006,8,32,standalone,leave_one_checkpoint_group_out,train_fold_only,inner_checkpoint_cv_train_only
qwen,math,delta_nll_b_minus_c,Pk4-only,-0.06512493356157045,0.013184892628209405,-0.46224340175953077,8,32,standalone,leave_one_checkpoint_group_out,train_fold_only,inner_checkpoint_cv_train_only
qwen,math,delta_nll_b_minus_c,Pk8-only,-0.12190289678806199,0.013646489104857495,-0.21554252199413487,8,32,standalone,leave_one_checkpoint_group_out,train_fold_only,inner_checkpoint_cv_train_only
qwen,math,delta_nll_b_minus_c,Pk16-only,-0.137817931846425,0.013737383195052286,-0.21810850439882695,8,32,standalone,leave_one_checkpoint_group_out,train_fold_only,inner_checkpoint_cv_train_only
qwen,math,delta_nll_b_minus_c,Pk32-only,-0.14064467520947255,0.01377188568944318,-0.3739002932551319,8,32,standalone,leave_one_checkpoint_group_out,train_fold_only,inner_checkpoint_cv_train_only
qwen,math,delta_nll_b_minus_c,PkAll-only,-0.14970987164047123,0.01377593789265733,-0.28115835777126097,8,32,standalone,leave_one_checkpoint_group_out,train_fold_only,inner_checkpoint_cv_train_only
qwen,math,delta_nll_b_minus_p,C-only,-0.0305030492221694,0.03172231633638288,-0.019305019305019308,9,36,standalone,leave_one_checkpoint_group_out,train_fold_only,inner_checkpoint_cv_train_only
qwen,math,delta_nll_b_minus_p,C-only-matched,-0.11531772822191222,0.034398083085809605,-0.1972140762463343,8,32,standalone,leave_one_checkpoint_group_out,train_fold_only,inner_checkpoint_cv_train_only
qwen,math,delta_nll_b_minus_p,Pk4-only,0.05603170572637328,0.03403405034348879,0.30938416422287385,8,32,standalone,leave_one_checkpoint_group_out,train_fold_only,inner_checkpoint_cv_train_only
qwen,math,delta_nll_b_minus_p,Pk8-only,0.16776367020948724,0.029240167514277868,0.406524926686217,8,32,standalone,leave_one_checkpoint_group_out,train_fold_only,inner_checkpoint_cv_train_only
qwen,math,delta_nll_b_minus_p,Pk16-only,0.22903706466156093,0.02806537643029893,0.6337976539589442,8,32,standalone,leave_one_checkpoint_group_out,train_fold_only,inner_checkpoint_cv_train_only
qwen,math,delta_nll_b_minus_p,Pk32-only,0.1462299224030651,0.028834146429832404,0.5135630498533724,8,32,standalone,leave_one_checkpoint_group_out,train_fold_only,inner_checkpoint_cv_train_only
qwen,math,delta_nll_b_minus_p,PkAll-only,-0.029077885105436074,0.03354650253739726,0.4369501466275659,8,32,standalone,leave_one_checkpoint_group_out,train_fold_only,inner_checkpoint_cv_train_only
qwen,mmlu,delta_nll_p,C-only,0.11761777433799192,0.014041971508984964,-0.02059202059202059,9,36,standalone,leave_one_checkpoint_group_out,train_fold_only,inner_checkpoint_cv_train_only
qwen,mmlu,delta_nll_p,C-only-matched,0.08412662357577072,0.01675559042657193,-0.00036656891495601173,8,32,standalone,leave_one_checkpoint_group_out,train_fold_only,inner_checkpoint_cv_train_only
qwen,mmlu,delta_nll_p,Pk4-only,-0.027890550501349365,0.016726338648002936,-0.2133431085043988,8,32,standalone,leave_one_checkpoint_group_out,train_fold_only,inner_checkpoint_cv_train_only
qwen,mmlu,delta_nll_p,Pk8-only,-0.011726127587215585,0.016544914182372833,-0.25549853372434017,8,32,standalone,leave_one_checkpoint_group_out,train_fold_only,inner_checkpoint_cv_train_only
qwen,mmlu,delta_nll_p,Pk16-only,-0.014347421753645673,0.016593483095199438,-0.19208211143695011,8,32,standalone,leave_one_checkpoint_group_out,train_fold_only,inner_checkpoint_cv_train_only
qwen,mmlu,delta_nll_p,Pk32-only,-0.014598011005916733,0.016463862380710986,-0.24303519061583576,8,32,standalone,leave_one_checkpoint_group_out,train_fold_only,inner_checkpoint_cv_train_only
qwen,mmlu,delta_nll_p,PkAll-only,-0.2344596091959914,0.01903681100937652,-0.02346041055718475,8,32,standalone,leave_one_checkpoint_group_out,train_fold_only,inner_checkpoint_cv_train_only
qwen,mmlu,delta_nll_f,C-only,0.6294077895720953,0.10292065899579429,0.7861003861003861,9,36,standalone,leave_one_checkpoint_group_out,train_fold_only,inner_checkpoint_cv_train_only
qwen,mmlu,delta_nll_f,C-only-matched,0.6096039760636738,0.10983561077730108,0.786656891495601,8,32,standalone,leave_one_checkpoint_group_out,train_fold_only,inner_checkpoint_cv_train_only
qwen,mmlu,delta_nll_f,Pk4-only,-0.288444851399946,0.20089951625059674,-0.6147360703812316,8,32,standalone,leave_one_checkpoint_group_out,train_fold_only,inner_checkpoint_cv_train_only
qwen,mmlu,delta_nll_f,Pk8-only,0.5126589422271131,0.1086278063429735,0.7558651026392962,8,32,standalone,leave_one_checkpoint_group_out,train_fold_only,inner_checkpoint_cv_train_only
qwen,mmlu,delta_nll_f,Pk16-only,0.33210128766079383,0.13508087607026795,0.7269061583577713,8,32,standalone,leave_one_checkpoint_group_out,train_fold_only,inner_checkpoint_cv_train_only
qwen,mmlu,delta_nll_f,Pk32-only,0.3115805959000587,0.13984217627729673,0.7291055718475072,8,32,standalone,leave_one_checkpoint_group_out,train_fold_only,inner_checkpoint_cv_train_only
qwen,mmlu,delta_nll_f,PkAll-only,0.6470736547188973,0.09317871346396406,0.8255131964809383,8,32,standalone,leave_one_checkpoint_group_out,train_fold_only,inner_checkpoint_cv_train_only
qwen,mmlu,delta_nll_a,C-only,0.1576430334811958,0.04494202045883706,-0.0913770913770914,9,36,standalone,leave_one_checkpoint_group_out,train_fold_only,inner_checkpoint_cv_train_only
qwen,mmlu,delta_nll_a,C-only-matched,0.15459448545916377,0.047858742133899734,-0.059017595307917885,8,32,standalone,leave_one_checkpoint_group_out,train_fold_only,inner_checkpoint_cv_train_only
qwen,mmlu,delta_nll_a,Pk4-only,-0.029211951442141393,0.05175495233601793,-0.09457478005865103,8,32,standalone,leave_one_checkpoint_group_out,train_fold_only,inner_checkpoint_cv_train_only
qwen,mmlu,delta_nll_a,Pk8-only,-0.00769991528545888,0.052510729802341824,-0.1444281524926686,8,32,standalone,leave_one_checkpoint_group_out,train_fold_only,inner_checkpoint_cv_train_only
qwen,mmlu,delta_nll_a,Pk16-only,-0.019399746581030497,0.05278817254797666,-0.16422287390029325,8,32,standalone,leave_one_checkpoint_group_out,train_fold_only,inner_checkpoint_cv_train_only
qwen,mmlu,delta_nll_a,Pk32-only,0.05823454680774909,0.050637149918451106,-0.21480938416422285,8,32,standalone,leave_one_checkpoint_group_out,train_fold_only,inner_checkpoint_cv_train_only
qwen,mmlu,delta_nll_a,PkAll-only,-0.22329608465932016,0.06232566230308187,-0.21370967741935482,8,32,standalone,leave_one_checkpoint_group_out,train_fold_only,inner_checkpoint_cv_train_only
qwen,mmlu,delta_nll_t,C-only,0.4629995646378291,0.7653895573853599,0.6275418275418276,9,36,standalone,leave_one_checkpoint_group_out,train_fold_only,inner_checkpoint_cv_train_only
qwen,mmlu,delta_nll_t,C-only-matched,0.340237531573816,0.7944969930814355,0.5692815249266862,8,32,standalone,leave_one_checkpoint_group_out,train_fold_only,inner_checkpoint_cv_train_only
qwen,mmlu,delta_nll_t,Pk4-only,-0.15595246794660111,0.9678464839736194,-0.3317448680351906,8,32,standalone,leave_one_checkpoint_group_out,train_fold_only,inner_checkpoint_cv_train_only
qwen,mmlu,delta_nll_t,Pk8-only,-0.04462510032116196,0.8518382927548178,-0.09420821114369501,8,32,standalone,leave_one_checkpoint_group_out,train_fold_only,inner_checkpoint_cv_train_only
qwen,mmlu,delta_nll_t,Pk16-only,0.06740307645689447,0.8813527168043062,0.21774193548387094,8,32,standalone,leave_one_checkpoint_group_out,train_fold_only,inner_checkpoint_cv_train_only
qwen,mmlu,delta_nll_t,Pk32-only,0.4025084304229717,0.7388369261040961,0.5505865102639296,8,32,standalone,leave_one_checkpoint_group_out,train_fold_only,inner_checkpoint_cv_train_only
qwen,mmlu,delta_nll_t,PkAll-only,0.4584622243281976,0.6678066119797712,0.6389296187683284,8,32,standalone,leave_one_checkpoint_group_out,train_fold_only,inner_checkpoint_cv_train_only
qwen,mmlu,kl_f,C-only,0.6265755795217145,0.05164478497408739,0.8249678249678251,9,36,standalone,leave_one_checkpoint_group_out,train_fold_only,inner_checkpoint_cv_train_only
qwen,mmlu,kl_f,C-only-matched,0.576763625923961,0.05628597713175335,0.8541055718475072,8,32,standalone,leave_one_checkpoint_group_out,train_fold_only,inner_checkpoint_cv_train_only
qwen,mmlu,kl_f,Pk4-only,-0.13704959993598043,0.09818341172667386,-0.6217008797653958,8,32,standalone,leave_one_checkpoint_group_out,train_fold_only,inner_checkpoint_cv_train_only
qwen,mmlu,kl_f,Pk8-only,0.18730392874218438,0.07985078660981135,0.6213343108504398,8,32,standalone,leave_one_checkpoint_group_out,train_fold_only,inner_checkpoint_cv_train_only
qwen,mmlu,kl_f,Pk16-only,0.19804101740559077,0.07628643546866196,0.5806451612903225,8,32,standalone,leave_one_checkpoint_group_out,train_fold_only,inner_checkpoint_cv_train_only
qwen,mmlu,kl_f,Pk32-only,0.31768269064841403,0.06858660888851192,0.657624633431085,8,32,standalone,leave_one_checkpoint_group_out,train_fold_only,inner_checkpoint_cv_train_only
qwen,mmlu,kl_f,PkAll-only,0.18903865096235362,0.07613262494558462,0.5832111436950146,8,32,standalone,leave_one_checkpoint_group_out,train_fold_only,inner_checkpoint_cv_train_only
qwen,mmlu,kl_a,C-only,0.45639978310903406,0.039495765807869274,0.8442728442728443,9,36,standalone,leave_one_checkpoint_group_out,train_fold_only,inner_checkpoint_cv_train_only
qwen,mmlu,kl_a,C-only-matched,0.4258177909091918,0.04340602121977562,0.846041055718475,8,32,standalone,leave_one_checkpoint_group_out,train_fold_only,inner_checkpoint_cv_train_only
qwen,mmlu,kl_a,Pk4-only,-0.05194974051873413,0.057459106891190784,-0.06414956011730204,8,32,standalone,leave_one_checkpoint_group_out,train_fold_only,inner_checkpoint_cv_train_only
qwen,mmlu,kl_a,Pk8-only,0.0294157290364353,0.060873911760758154,0.3508064516129032,8,32,standalone,leave_one_checkpoint_group_out,train_fold_only,inner_checkpoint_cv_train_only
qwen,mmlu,kl_a,Pk16-only,-0.013815488148558375,0.060160470441274184,0.24853372434017595,8,32,standalone,leave_one_checkpoint_group_out,train_fold_only,inner_checkpoint_cv_train_only
qwen,mmlu,kl_a,Pk32-only,0.24286845504653942,0.05189735792518074,0.7038123167155425,8,32,standalone,leave_one_checkpoint_group_out,train_fold_only,inner_checkpoint_cv_train_only
qwen,mmlu,kl_a,PkAll-only,-0.05560581646018514,0.0626475692595557,0.4171554252199413,8,32,standalone,leave_one_checkpoint_group_out,train_fold_only,inner_checkpoint_cv_train_only
qwen,mmlu,kl_t,C-only,0.6130543890047921,0.10235979510600902,0.8,9,36,standalone,leave_one_checkpoint_group_out,train_fold_only,inner_checkpoint_cv_train_only
qwen,mmlu,kl_t,C-only-matched,0.5964292075636635,0.09879162446445816,0.8592375366568914,8,32,standalone,leave_one_checkpoint_group_out,train_fold_only,inner_checkpoint_cv_train_only
qwen,mmlu,kl_t,Pk4-only,-0.16623307612173366,0.166543812806841,-0.5201612903225806,8,32,standalone,leave_one_checkpoint_group_out,train_fold_only,inner_checkpoint_cv_train_only
qwen,mmlu,kl_t,Pk8-only,0.2308860211096121,0.13026030774055158,0.6088709677419355,8,32,standalone,leave_one_checkpoint_group_out,train_fold_only,inner_checkpoint_cv_train_only
qwen,mmlu,kl_t,Pk16-only,0.24059431955899024,0.13319740411435832,0.5733137829912023,8,32,standalone,leave_one_checkpoint_group_out,train_fold_only,inner_checkpoint_cv_train_only
qwen,mmlu,kl_t,Pk32-only,0.443009822652099,0.1114826509130756,0.6935483870967741,8,32,standalone,leave_one_checkpoint_group_out,train_fold_only,inner_checkpoint_cv_train_only
qwen,mmlu,kl_t,PkAll-only,0.18153535297867562,0.13821129804083726,0.5388563049853372,8,32,standalone,leave_one_checkpoint_group_out,train_fold_only,inner_checkpoint_cv_train_only
qwen,mmlu,abs_delta_nll_f,C-only,-0.01075474045592606,0.060280265219765136,0.1353925353925354,9,36,standalone,leave_one_checkpoint_group_out,train_fold_only,inner_checkpoint_cv_train_only
qwen,mmlu,abs_delta_nll_f,C-only-matched,-0.2505848598339844,0.06831027285678096,-0.27602639296187675,8,32,standalone,leave_one_checkpoint_group_out,train_fold_only,inner_checkpoint_cv_train_only
qwen,mmlu,abs_delta_nll_f,Pk4-only,-0.06898582082159344,0.06465229164657454,-0.3614369501466275,8,32,standalone,leave_one_checkpoint_group_out,train_fold_only,inner_checkpoint_cv_train_only
qwen,mmlu,abs_delta_nll_f,Pk8-only,0.050014751052726236,0.0600590833349868,0.13343108504398826,8,32,standalone,leave_one_checkpoint_group_out,train_fold_only,inner_checkpoint_cv_train_only
qwen,mmlu,abs_delta_nll_f,Pk16-only,-0.24676671910448067,0.0706269029797812,-0.3610703812316715,8,32,standalone,leave_one_checkpoint_group_out,train_fold_only,inner_checkpoint_cv_train_only
qwen,mmlu,abs_delta_nll_f,Pk32-only,-0.16710780712790263,0.06806500623927186,-0.49853372434017584,8,32,standalone,leave_one_checkpoint_group_out,train_fold_only,inner_checkpoint_cv_train_only
qwen,mmlu,abs_delta_nll_f,PkAll-only,-0.16692819988026963,0.06842619488468309,-0.08064516129032258,8,32,standalone,leave_one_checkpoint_group_out,train_fold_only,inner_checkpoint_cv_train_only
qwen,mmlu,abs_delta_nll_a,C-only,0.6681275395666046,0.048019577856343684,0.8177606177606178,9,36,standalone,leave_one_checkpoint_group_out,train_fold_only,inner_checkpoint_cv_train_only
qwen,mmlu,abs_delta_nll_a,C-only-matched,0.669559109884491,0.041249554058679305,0.878299120234604,8,32,standalone,leave_one_checkpoint_group_out,train_fold_only,inner_checkpoint_cv_train_only
qwen,mmlu,abs_delta_nll_a,Pk4-only,-0.22476597078239235,0.08942437396406205,-0.5597507331378299,8,32,standalone,leave_one_checkpoint_group_out,train_fold_only,inner_checkpoint_cv_train_only
qwen,mmlu,abs_delta_nll_a,Pk8-only,0.3023865904146966,0.06584455678095424,0.6524926686217007,8,32,standalone,leave_one_checkpoint_group_out,train_fold_only,inner_checkpoint_cv_train_only
qwen,mmlu,abs_delta_nll_a,Pk16-only,0.3625114195773028,0.060941408102286425,0.6312316715542521,8,32,standalone,leave_one_checkpoint_group_out,train_fold_only,inner_checkpoint_cv_train_only
qwen,mmlu,abs_delta_nll_a,Pk32-only,0.5249635305994544,0.05029543385690484,0.7067448680351905,8,32,standalone,leave_one_checkpoint_group_out,train_fold_only,inner_checkpoint_cv_train_only
qwen,mmlu,abs_delta_nll_a,PkAll-only,0.40806583717538114,0.05829530389604956,0.657624633431085,8,32,standalone,leave_one_checkpoint_group_out,train_fold_only,inner_checkpoint_cv_train_only
qwen,mmlu,abs_delta_nll_t,C-only,0.46837605421467754,0.7505475889668319,0.6252252252252253,9,36,standalone,leave_one_checkpoint_group_out,train_fold_only,inner_checkpoint_cv_train_only
qwen,mmlu,abs_delta_nll_t,C-only-matched,0.3439863976134121,0.7829262919062496,0.5795454545454545,8,32,standalone,leave_one_checkpoint_group_out,train_fold_only,inner_checkpoint_cv_train_only
qwen,mmlu,abs_delta_nll_t,Pk4-only,-0.1529046157838918,0.9520241033753307,-0.3343108504398827,8,32,standalone,leave_one_checkpoint_group_out,train_fold_only,inner_checkpoint_cv_train_only
qwen,mmlu,abs_delta_nll_t,Pk8-only,-0.042394918787723945,0.8381189503445362,-0.07478005865102638,8,32,standalone,leave_one_checkpoint_group_out,train_fold_only,inner_checkpoint_cv_train_only
qwen,mmlu,abs_delta_nll_t,Pk16-only,0.07023176553431754,0.8660918482278741,0.2100439882697947,8,32,standalone,leave_one_checkpoint_group_out,train_fold_only,inner_checkpoint_cv_train_only
qwen,mmlu,abs_delta_nll_t,Pk32-only,0.4057250387335518,0.7272393009122349,0.5425219941348973,8,32,standalone,leave_one_checkpoint_group_out,train_fold_only,inner_checkpoint_cv_train_only
qwen,mmlu,abs_delta_nll_t,PkAll-only,0.4632777828533482,0.6574891473066153,0.6301319648093842,8,32,standalone,leave_one_checkpoint_group_out,train_fold_only,inner_checkpoint_cv_train_only
qwen,mmlu,delta_nll_f_minus_a,C-only,0.35230113444500755,0.14321359361875433,0.5853281853281854,9,36,standalone,leave_one_checkpoint_group_out,train_fold_only,inner_checkpoint_cv_train_only
qwen,mmlu,delta_nll_f_minus_a,C-only-matched,0.32131892478853685,0.15464684331435552,0.5663489736070381,8,32,standalone,leave_one_checkpoint_group_out,train_fold_only,inner_checkpoint_cv_train_only
qwen,mmlu,delta_nll_f_minus_a,Pk4-only,-0.23823340034965668,0.2071058535828907,-0.7642961876832843,8,32,standalone,leave_one_checkpoint_group_out,train_fold_only,inner_checkpoint_cv_train_only
qwen,mmlu,delta_nll_f_minus_a,Pk8-only,0.38517628187192965,0.14352785005910157,0.6048387096774194,8,32,standalone,leave_one_checkpoint_group_out,train_fold_only,inner_checkpoint_cv_train_only
qwen,mmlu,delta_nll_f_minus_a,Pk16-only,0.18646539102457693,0.17542214885286606,0.627199413489736,8,32,standalone,leave_one_checkpoint_group_out,train_fold_only,inner_checkpoint_cv_train_only
qwen,mmlu,delta_nll_f_minus_a,Pk32-only,0.20875039226004333,0.17214742288927545,0.6129032258064515,8,32,standalone,leave_one_checkpoint_group_out,train_fold_only,inner_checkpoint_cv_train_only
qwen,mmlu,delta_nll_f_minus_a,PkAll-only,0.5364815483290366,0.12165158189246039,0.7045454545454545,8,32,standalone,leave_one_checkpoint_group_out,train_fold_only,inner_checkpoint_cv_train_only
qwen,mmlu,delta_nll_f_minus_p,C-only,0.5393115283042,0.11604215034126637,0.7593307593307593,9,36,standalone,leave_one_checkpoint_group_out,train_fold_only,inner_checkpoint_cv_train_only
qwen,mmlu,delta_nll_f_minus_p,C-only-matched,0.5139047479919736,0.12452219251964844,0.7631964809384163,8,32,standalone,leave_one_checkpoint_group_out,train_fold_only,inner_checkpoint_cv_train_only
qwen,mmlu,delta_nll_f_minus_p,Pk4-only,-0.27635769088749274,0.20147590557493839,-0.6088709677419355,8,32,standalone,leave_one_checkpoint_group_out,train_fold_only,inner_checkpoint_cv_train_only
qwen,mmlu,delta_nll_f_minus_p,Pk8-only,0.48404799952266087,0.11818389925825817,0.7404692082111436,8,32,standalone,leave_one_checkpoint_group_out,train_fold_only,inner_checkpoint_cv_train_only
qwen,mmlu,delta_nll_f_minus_p,Pk16-only,0.2446825633721874,0.1522367468494532,0.7071114369501466,8,32,standalone,leave_one_checkpoint_group_out,train_fold_only,inner_checkpoint_cv_train_only
qwen,mmlu,delta_nll_f_minus_p,Pk32-only,0.2718660344260475,0.1509769315834362,0.722140762463343,8,32,standalone,leave_one_checkpoint_group_out,train_fold_only,inner_checkpoint_cv_train_only
qwen,mmlu,delta_nll_f_minus_p,PkAll-only,0.6083556498830691,0.10032526813460343,0.8291788856304985,8,32,standalone,leave_one_checkpoint_group_out,train_fold_only,inner_checkpoint_cv_train_only
qwen,mmlu,kl_f_minus_a,C-only,0.5230436227283959,0.023022876508314413,0.7675675675675677,9,36,standalone,leave_one_checkpoint_group_out,train_fold_only,inner_checkpoint_cv_train_only
qwen,mmlu,kl_f_minus_a,C-only-matched,0.472509698108439,0.02214355034485426,0.7591642228739002,8,32,standalone,leave_one_checkpoint_group_out,train_fold_only,inner_checkpoint_cv_train_only
qwen,mmlu,kl_f_minus_a,Pk4-only,-0.17848772937002044,0.041942298841437464,-0.6741202346041055,8,32,standalone,leave_one_checkpoint_group_out,train_fold_only,inner_checkpoint_cv_train_only
qwen,mmlu,kl_f_minus_a,Pk8-only,0.2832004914796048,0.02882539538839993,0.5887096774193548,8,32,standalone,leave_one_checkpoint_group_out,train_fold_only,inner_checkpoint_cv_train_only
qwen,mmlu,kl_f_minus_a,Pk16-only,0.2217371905399278,0.030578370515060325,0.5256598240469208,8,32,standalone,leave_one_checkpoint_group_out,train_fold_only,inner_checkpoint_cv_train_only
qwen,mmlu,kl_f_minus_a,Pk32-only,0.20867106004641867,0.029953133500146067,0.48093841642228735,8,32,standalone,leave_one_checkpoint_group_out,train_fold_only,inner_checkpoint_cv_train_only
qwen,mmlu,kl_f_minus_a,PkAll-only,0.2965984297407418,0.02425164752233322,0.5894428152492668,8,32,standalone,leave_one_checkpoint_group_out,train_fold_only,inner_checkpoint_cv_train_only
