abs_delta_nll_a,abs_delta_nll_b,abs_delta_nll_c,abs_delta_nll_f,abs_delta_nll_f_post,abs_delta_nll_f_pre,abs_delta_nll_p,abs_delta_nll_t,aggregation,arm,checkpoint,delta_nll_a,delta_nll_b,delta_nll_c,delta_nll_f,delta_nll_f_post,delta_nll_f_pre,delta_nll_p,delta_nll_t,domain,kl_a,kl_b,kl_f,kl_f_post,kl_f_pre,kl_t,model,n_tokens_a,n_tokens_b,n_tokens_c,n_tokens_f,n_tokens_f_post,n_tokens_f_pre,n_tokens_p,n_tokens_t,nll_a,nll_b,nll_c,nll_f,nll_f_post,nll_f_pre,nll_p,nll_t,delta_nll_f_minus_a,delta_nll_f_minus_p,kl_f_minus_a,delta_nll_b_minus_c,delta_nll_b_minus_p,probe_name,domain_display,domain_match_status,epsilon,layer,module_count,module_set,included_modules,excluded_modules,source_rows_complete,r_epsilon_equal5,state_rank_base_equal5_non_qk,state_rank_current_equal5_non_qk,delta_r_equal5,c_equal5,ratio_of_means_sensitivity_equal5,c_equal7,equal5_minus_equal7_c,p4_equal5,p8_equal5,p16_equal5,p32_equal5,pk_module_count,pk_included_modules,pk_excluded_modules,pk_aggregation,pk_delta_source,has_c_equal5,has_pk_equal5,pk_missing_reason,kl_b_minus_c,kl_b_minus_c_status,strict_accuracy,flexible_accuracy,format_gap,extract_failure_rate,recovery_rate,bad_format_count,bad_format_rate,truncated_count,truncated_rate,no_letter_count,no_letter_rate,behavior_source
0.0543370364366897,,,0.0394999468715062,0.1034066900610923,0.0418857099069281,0.0086287005920943,0.2142867200289453,sample_macro,offkd,5,-0.0014406184240111,,,0.0154155331206108,0.1024825745395251,-0.0063512272341176,-0.0081276203178127,0.1414923223001616,mmlu,0.0026091553787487,,0.0073796564415013,0.0079620222505347,0.007234064989243,0.0103541213734673,llama,1.0,0.0,0.0,5.0,1.0,4.0,181.51785714285717,1.0,2.106579682635409,,,1.9751311076884823,0.9343909210392408,2.2353161543507927,1.8032419568261828,3.358926972789424,0.0168561515446219,0.0235431534384235,0.0047705010627526,,,E_mmluPro,E_mmluPro,domain_matched_not_item_matched,0.05,14,5,equal5_non_qk,"mlp.down_proj,mlp.gate_proj,mlp.up_proj,self_attn.o_proj,self_attn.v_proj","self_attn.q_proj,self_attn.k_proj",True,961.2,961.6,961.2,-0.4,0.0002714622576156,0.0004159733777038,0.001355341798413,-0.0010838795407973,6.126063294686901e-06,1.7313124180873275e-05,5.032936096539829e-05,0.00017150393323389268,5.0,"mlp.down_proj,mlp.gate_proj,mlp.up_proj,self_attn.o_proj,self_attn.v_proj","self_attn.q_proj,self_attn.k_proj",equal_mean_of_per_module_scores,deployed_BF16_merged_minus_base,True,True,,,NA_NO_KL_C_IN_FAT_R1_V2,0.1292857142857142,0.1514285714285714,0.022142857142857214,0.5128571428571429,,,,,,,,llama_early_320_behavior task=mmlu_pro
0.1075359663340661,,,0.0825668120352284,0.151828003078699,0.0992721823775874,0.0171247432906649,0.5649611783027649,sample_macro,offkd,20,0.001562901386725,,,0.024380330627518,0.1310148800909519,-0.0022783067383404,-0.0146492537772655,0.3193972567149571,mmlu,0.0118129582498554,,0.0514916064591545,0.0340840843100366,0.055843486996434,0.0856824988386194,llama,1.0,0.0,0.0,5.0,1.0,4.0,181.51785714285717,1.0,2.109583202446146,,,1.9840959051953893,0.9629232265906674,2.23938907484657,1.7967203233667297,3.536831907204219,0.022817429240793,0.039029584404783504,0.0396786482092991,,,E_mmluPro,E_mmluPro,domain_matched_not_item_matched,0.05,14,5,equal5_non_qk,"mlp.down_proj,mlp.gate_proj,mlp.up_proj,self_attn.o_proj,self_attn.v_proj","self_attn.q_proj,self_attn.k_proj",True,959.0,961.6,959.0,-2.6,0.0032999326958872,0.0027038269550748,0.0062498338671533,-0.002949901171266,6.842764491921116e-06,1.7713289662424358e-05,5.888126815988394e-05,0.0002003394365601499,5.0,"mlp.down_proj,mlp.gate_proj,mlp.up_proj,self_attn.o_proj,self_attn.v_proj","self_attn.q_proj,self_attn.k_proj",equal_mean_of_per_module_scores,deployed_BF16_merged_minus_base,True,True,,,NA_NO_KL_C_IN_FAT_R1_V2,0.1457142857142857,0.1642857142857142,0.01857142857142849,0.5207142857142857,,,,,,,,llama_early_320_behavior task=mmlu_pro
0.1399218015133269,,,0.1185373049112302,0.2095962628935064,0.1378174882901033,0.0171705000798108,0.6440263522948537,sample_macro,offkd,40,0.0107856768076973,,,0.0565698261548365,0.1915431957372597,0.0228264837592307,-0.0110531573882294,-0.1256839367747307,mmlu,0.0191527910683569,,0.0899225743821422,0.0541873478477022,0.0988563810157522,0.1282156036355133,llama,1.0,0.0,0.0,5.0,1.0,4.0,181.51785714285717,1.0,2.118805977867118,,,2.016285400722708,1.0234515422369752,2.264493865344141,1.8003164197557655,3.091750713714532,0.0457841493471392,0.0676229835430659,0.0707697833137853,,,E_mmluPro,E_mmluPro,domain_matched_not_item_matched,0.05,14,5,equal5_non_qk,"mlp.down_proj,mlp.gate_proj,mlp.up_proj,self_attn.o_proj,self_attn.v_proj","self_attn.q_proj,self_attn.k_proj",True,956.0,961.6,956.0,-5.6,0.0076452223905397,0.0058236272878536,0.0120849111190228,-0.004439688728483,5.630661519262503e-06,1.3786016484118591e-05,5.096345921627847e-05,0.00018162056221624986,5.0,"mlp.down_proj,mlp.gate_proj,mlp.up_proj,self_attn.o_proj,self_attn.v_proj","self_attn.q_proj,self_attn.k_proj",equal_mean_of_per_module_scores,deployed_BF16_merged_minus_base,True,True,,,NA_NO_KL_C_IN_FAT_R1_V2,0.1314285714285714,0.16,0.02857142857142861,0.5535714285714286,,,,,,,,llama_early_320_behavior task=mmlu_pro
0.166926211274362,,,0.1476694836967757,0.3125197597699505,0.1604979756062051,0.0195486369742607,1.0310937041044237,sample_macro,offkd,80,0.0100168363364147,,,0.0871880391059177,0.3074172236025333,0.0321307429817638,-0.0034064111793399,0.6272238555124828,mmlu,0.0264714982508614,,0.1286658636925608,0.0879226115000034,0.1388516767407002,0.2105414201186171,llama,1.0,0.0,0.0,5.0,1.0,4.0,181.51785714285717,1.0,2.1180371373958358,,,2.046903613673789,1.1393255701022489,2.273798124566674,1.8079631659646556,3.844658506001745,0.077171202769503,0.0905944502852576,0.10219436544169941,,,E_mmluPro,E_mmluPro,domain_matched_not_item_matched,0.05,14,5,equal5_non_qk,"mlp.down_proj,mlp.gate_proj,mlp.up_proj,self_attn.o_proj,self_attn.v_proj","self_attn.q_proj,self_attn.k_proj",True,952.6,961.6,952.6,-9.0,0.0126901673272972,0.0093594009983361,0.018419742115253,-0.0057295747879557,6.043173414127523e-06,1.5325519825637457e-05,5.3183828276796415e-05,0.0001883541335700695,5.0,"mlp.down_proj,mlp.gate_proj,mlp.up_proj,self_attn.o_proj,self_attn.v_proj","self_attn.q_proj,self_attn.k_proj",equal_mean_of_per_module_scores,deployed_BF16_merged_minus_base,True,True,,,NA_NO_KL_C_IN_FAT_R1_V2,0.14,0.1607142857142857,0.020714285714285685,0.52,,,,,,,,llama_early_320_behavior task=mmlu_pro
0.1914014660008251,,,0.1567336705156734,0.2873508065087454,0.1795494749237383,0.0219152047418648,1.222915367569242,sample_macro,offkd,160,0.0110220142586955,,,0.0854362718015909,0.2737293840306145,0.038362993744335,0.0028968268530561,0.861298291512898,mmlu,0.0341308216527769,,0.1535746388219828,0.0991553980391472,0.1671794490176917,0.2793490359426608,llama,1.0,0.0,0.0,5.0,1.0,4.0,181.51785714285717,1.0,2.119042315318116,,,2.0451518463694622,1.1056377305303302,2.280030375329245,1.8142664039970515,4.07873294200216,0.0744142575428954,0.0825394449485348,0.11944381716920591,,,E_mmluPro,E_mmluPro,domain_matched_not_item_matched,0.05,14,5,equal5_non_qk,"mlp.down_proj,mlp.gate_proj,mlp.up_proj,self_attn.o_proj,self_attn.v_proj","self_attn.q_proj,self_attn.k_proj",True,953.6,961.6,953.6,-8.0,0.0112914305503354,0.0083194675540765,0.0174206444174231,-0.0061292138670877,8.416599837346438e-06,1.836725991779531e-05,6.291037934715837e-05,0.0002010612501180415,5.0,"mlp.down_proj,mlp.gate_proj,mlp.up_proj,self_attn.o_proj,self_attn.v_proj","self_attn.q_proj,self_attn.k_proj",equal_mean_of_per_module_scores,deployed_BF16_merged_minus_base,True,True,,,NA_NO_KL_C_IN_FAT_R1_V2,0.145,0.17,0.025000000000000022,0.5107142857142857,,,,,,,,llama_early_320_behavior task=mmlu_pro
0.2022286636595214,,,0.1523906514240162,0.2535920595909867,0.1905151360827897,0.0229267235326636,1.079891152892794,sample_macro,offkd,320,0.0099200976107801,,,0.0617979967977319,0.2162537973054817,0.0231840466707944,0.004726381919019,0.6156480983325413,mmlu,0.039264851945918,,0.1797382894876811,0.1545979363923625,0.1860233777615108,0.3102949025029582,llama,1.0,0.0,0.0,5.0,1.0,4.0,181.51785714285717,1.0,2.117940398670201,,,2.0215135713656034,1.0481621438051971,2.264851428255705,1.8160959590630144,3.8330827488218033,0.051877899186951806,0.0570716148787129,0.1404734375417631,,,E_mmluPro,E_mmluPro,domain_matched_not_item_matched,0.05,14,5,equal5_non_qk,"mlp.down_proj,mlp.gate_proj,mlp.up_proj,self_attn.o_proj,self_attn.v_proj","self_attn.q_proj,self_attn.k_proj",True,951.0,961.6,951.0,-10.6,0.0162852395320973,0.0110232945091514,0.0248803899173441,-0.0085951503852467,1.2964697202733077e-05,2.6276066637365148e-05,7.836029380994664e-05,0.00022500787599707349,5.0,"mlp.down_proj,mlp.gate_proj,mlp.up_proj,self_attn.o_proj,self_attn.v_proj","self_attn.q_proj,self_attn.k_proj",equal_mean_of_per_module_scores,deployed_BF16_merged_minus_base,True,True,,,NA_NO_KL_C_IN_FAT_R1_V2,0.1421428571428571,0.1635714285714285,0.021428571428571408,0.5028571428571429,,,,,,,,llama_early_320_behavior task=mmlu_pro
0.0484865900953965,,,0.0264174813213092,0.0480746900237031,0.0330572164910179,0.0037402047221652,0.0980958544356482,sample_macro,opd,5,-0.003162658387529,,,-0.0093422292098402,0.0420106189538325,-0.0221804412507584,-0.0005412767166242,0.0795276535408837,mmlu,0.0018239941474114,,0.0030002169799595,0.0027295920176817,0.0030678732205289,0.0036156701647476,llama,1.0,0.0,0.0,5.0,1.0,4.0,181.51785714285717,1.0,2.104857642671892,,,1.9503733453580312,0.8739189654535481,2.219486940334152,1.810828300427371,3.296962304030146,-0.0061795708223112,-0.008800952493216,0.0011762228325481,,,E_mmluPro,E_mmluPro,domain_matched_not_item_matched,0.05,14,5,equal5_non_qk,"mlp.down_proj,mlp.gate_proj,mlp.up_proj,self_attn.o_proj,self_attn.v_proj","self_attn.q_proj,self_attn.k_proj",True,961.6,961.6,961.6,0.0,0.0,0.0,-0.0011614401858304,0.0011614401858304,2.1120917836014997e-06,1.189805707326741e-05,4.2823012336155257e-05,0.00013208836753616864,5.0,"mlp.down_proj,mlp.gate_proj,mlp.up_proj,self_attn.o_proj,self_attn.v_proj","self_attn.q_proj,self_attn.k_proj",equal_mean_of_per_module_scores,deployed_BF16_merged_minus_base,True,True,,,NA_NO_KL_C_IN_FAT_R1_V2,0.135,0.1528571428571428,0.017857142857142794,0.455,,,,,,,,llama_early_320_behavior task=mmlu_pro
0.260484532647367,,,0.2286378380539161,0.5645437374711036,0.2116804470188383,0.045419607649495,0.9701448563167028,sample_macro,opd,20,0.0678249303118458,,,0.1724991949828607,0.5642726284691265,0.0745558366112943,0.035131484780132,0.9023042399542672,mmlu,0.087153079068022,,0.2246985545908766,0.1854297926356749,0.2345157450796769,0.2639815139504415,llama,1.0,0.0,0.0,5.0,1.0,4.0,181.51785714285717,1.0,2.1758452313712664,,,2.1322147695507323,1.396180974968842,2.3162232181962046,1.846501061924128,4.1197388904435295,0.1046742646710149,0.1373677102027287,0.1375454755228546,,,E_mmluPro,E_mmluPro,domain_matched_not_item_matched,0.05,14,5,equal5_non_qk,"mlp.down_proj,mlp.gate_proj,mlp.up_proj,self_attn.o_proj,self_attn.v_proj","self_attn.q_proj,self_attn.k_proj",True,940.6,961.6,940.6,-21.0,0.0298003463834696,0.0218386023294509,0.0279099996854012,0.0018903466980683,9.518222941551358e-06,3.3460650774941315e-05,0.00011806206312028203,0.0003037511982256,5.0,"mlp.down_proj,mlp.gate_proj,mlp.up_proj,self_attn.o_proj,self_attn.v_proj","self_attn.q_proj,self_attn.k_proj",equal_mean_of_per_module_scores,deployed_BF16_merged_minus_base,True,True,,,NA_NO_KL_C_IN_FAT_R1_V2,0.0778571428571428,0.0992857142857142,0.021428571428571394,0.7757142857142857,,,,,,,,llama_early_320_behavior task=mmlu_pro
0.3134455159705664,,,0.3763457840585282,0.6599841683677264,0.3375631390738167,0.092381687860751,1.6723689660004206,sample_macro,opd,40,0.1293280102498829,,,0.3579695255362561,0.6595044924957412,0.2825857837963849,0.0872588849654203,1.6409066583429064,mmlu,0.1521866079233586,,0.3186345308635915,0.2651574912880148,0.3320037907574857,0.3974566037314279,llama,1.0,0.0,0.0,5.0,1.0,4.0,181.51785714285717,1.0,2.237348311309304,,,2.317685100104128,1.4914128389954566,2.524253165381295,1.898628462109416,4.858341308832169,0.2286415152863732,0.2707106405708358,0.1664479229402329,,,E_mmluPro,E_mmluPro,domain_matched_not_item_matched,0.05,14,5,equal5_non_qk,"mlp.down_proj,mlp.gate_proj,mlp.up_proj,self_attn.o_proj,self_attn.v_proj","self_attn.q_proj,self_attn.k_proj",True,934.4,961.6,934.4,-27.2,0.0376206508939598,0.0282861896838602,0.034657371664439,0.0029632792295208,9.583859809936258e-06,2.8338384072412737e-05,9.940285599439232e-05,0.00029596426320490564,5.0,"mlp.down_proj,mlp.gate_proj,mlp.up_proj,self_attn.o_proj,self_attn.v_proj","self_attn.q_proj,self_attn.k_proj",equal_mean_of_per_module_scores,deployed_BF16_merged_minus_base,True,True,,,NA_NO_KL_C_IN_FAT_R1_V2,0.1471428571428571,0.1592857142857142,0.012142857142857094,0.5328571428571428,,,,,,,,llama_early_320_behavior task=mmlu_pro
0.3498627357796898,,,0.5371389543105449,0.7474275605593409,0.5067681856067585,0.1364324062404001,1.7158487951755523,sample_macro,opd,80,0.1896816500569028,,,0.5277727301408138,0.7469448448504721,0.4729797014633992,0.1334049179221053,1.612703174352646,mmlu,0.2138245837709733,,0.4380170252174139,0.3864931691012212,0.450897989246462,0.4644336735882929,llama,1.0,0.0,0.0,5.0,1.0,4.0,181.51785714285717,1.0,2.2977019511163235,,,2.4874883047086853,1.5788531913501875,2.71464708304831,1.9447744950661008,4.830137824841908,0.33809108008391103,0.39436781221870854,0.22419244144644063,,,E_mmluPro,E_mmluPro,domain_matched_not_item_matched,0.05,14,5,equal5_non_qk,"mlp.down_proj,mlp.gate_proj,mlp.up_proj,self_attn.o_proj,self_attn.v_proj","self_attn.q_proj,self_attn.k_proj",True,928.4,961.6,928.4,-33.2,0.0450800560691808,0.0345257903494176,0.0411469584039987,0.003933097665182,8.236404482886428e-06,2.4627226775919552e-05,9.559553618599607e-05,0.00029407588444878735,5.0,"mlp.down_proj,mlp.gate_proj,mlp.up_proj,self_attn.o_proj,self_attn.v_proj","self_attn.q_proj,self_attn.k_proj",equal_mean_of_per_module_scores,deployed_BF16_merged_minus_base,True,True,,,NA_NO_KL_C_IN_FAT_R1_V2,0.1114285714285714,0.1228571428571428,0.011428571428571399,0.64,,,,,,,,llama_early_320_behavior task=mmlu_pro
0.338916409438742,,,0.5406169953718781,0.7587708779743739,0.5120989557235901,0.1404382136529513,1.6897538927623204,sample_macro,opd,160,0.1891297995166054,,,0.528053024184491,0.7583131047657558,0.4704880040391747,0.1362743660885504,1.5022821249280658,mmlu,0.2159650625448141,,0.4535863559693098,0.3847374053831611,0.4707985936158469,0.484510612487793,llama,1.0,0.0,0.0,5.0,1.0,4.0,181.51785714285717,1.0,2.297150100576026,,,2.4877685987523623,1.590221451265471,2.712155385624085,1.9476439432325456,4.719716775417328,0.33892322466788555,0.3917786580959406,0.2376212934244957,,,E_mmluPro,E_mmluPro,domain_matched_not_item_matched,0.05,14,5,equal5_non_qk,"mlp.down_proj,mlp.gate_proj,mlp.up_proj,self_attn.o_proj,self_attn.v_proj","self_attn.q_proj,self_attn.k_proj",True,928.2,961.6,928.2,-33.4,0.0454501966970925,0.0347337770382695,0.0425727847526232,0.0028774119444692,9.460312912779046e-06,2.40977883549931e-05,9.44958585023258e-05,0.0002918072626925615,5.0,"mlp.down_proj,mlp.gate_proj,mlp.up_proj,self_attn.o_proj,self_attn.v_proj","self_attn.q_proj,self_attn.k_proj",equal_mean_of_per_module_scores,deployed_BF16_merged_minus_base,True,True,,,NA_NO_KL_C_IN_FAT_R1_V2,0.1442857142857143,0.1571428571428571,0.012857142857142817,0.5685714285714286,,,,,,,,llama_early_320_behavior task=mmlu_pro
0.3453390468417533,,,0.4675870199959192,0.629393895992211,0.4563118731430066,0.1523715678867388,1.975136136327471,sample_macro,opd,320,0.2173830690953348,,,0.4476271188035607,0.6277188562921115,0.402604184431423,0.1489530201651953,1.8124959339414324,mmlu,0.2367831588802592,,0.430350089240287,0.3498977539369037,0.4504631730661328,0.5222032219703708,llama,1.0,0.0,0.0,5.0,1.0,4.0,181.51785714285717,1.0,2.3254033701547554,,,2.407342693371432,1.4596272027918271,2.6442715660163336,1.960322597309191,5.029930584430694,0.2302440497082259,0.2986740986383654,0.1935669303600278,,,E_mmluPro,E_mmluPro,domain_matched_not_item_matched,0.05,14,5,equal5_non_qk,"mlp.down_proj,mlp.gate_proj,mlp.up_proj,self_attn.o_proj,self_attn.v_proj","self_attn.q_proj,self_attn.k_proj",True,924.2,961.6,924.2,-37.4,0.0520064456909442,0.0388935108153077,0.0472558197482316,0.0047506259427126,2.318039869351196e-05,3.9096915588735396e-05,0.00011323652215649389,0.00033058977423930657,5.0,"mlp.down_proj,mlp.gate_proj,mlp.up_proj,self_attn.o_proj,self_attn.v_proj","self_attn.q_proj,self_attn.k_proj",equal_mean_of_per_module_scores,deployed_BF16_merged_minus_base,True,True,,,NA_NO_KL_C_IN_FAT_R1_V2,0.1585714285714285,0.1685714285714285,0.010000000000000009,0.5078571428571429,,,,,,,,llama_early_320_behavior task=mmlu_pro
0.0590374942948775,,,0.0387880012850675,0.070206955309425,0.0400939055598739,0.0068382667476436,0.1810888251236506,sample_macro,seqkd,5,0.0012210704732154,,,0.0266675096143568,0.0652719689905643,0.017016394770305,-0.0048362794196271,0.0553486144542694,mmlu,0.0031641184499286,,0.0067482877287443,0.0058466505277568,0.0069736970289912,0.0107530583504038,llama,1.0,0.0,0.0,5.0,1.0,4.0,181.51785714285717,1.0,2.109241371532636,,,1.9863830841822283,0.8971803154902799,2.258683776355216,1.806533297724368,3.272783264943532,0.025446439141141402,0.0315037890339839,0.0035841692788156996,,,E_mmluPro,E_mmluPro,domain_matched_not_item_matched,0.05,14,5,equal5_non_qk,"mlp.down_proj,mlp.gate_proj,mlp.up_proj,self_attn.o_proj,self_attn.v_proj","self_attn.q_proj,self_attn.k_proj",True,961.6,961.6,961.6,0.0,-0.0004189516918467,0.0,0.0024320476900842,-0.002850999381931,6.150441163299547e-06,1.6150797046066144e-05,5.022176810598394e-05,0.00017551450073366204,5.0,"mlp.down_proj,mlp.gate_proj,mlp.up_proj,self_attn.o_proj,self_attn.v_proj","self_attn.q_proj,self_attn.k_proj",equal_mean_of_per_module_scores,deployed_BF16_merged_minus_base,True,True,,,NA_NO_KL_C_IN_FAT_R1_V2,0.1307142857142857,0.1521428571428571,0.021428571428571408,0.5007142857142857,,,,,,,,llama_early_320_behavior task=mmlu_pro
0.1080114243898008,,,0.0711519888176449,0.1115933440199919,0.089735059885175,0.0139518145569009,0.6213849250759397,sample_macro,seqkd,20,0.0063808281320546,,,0.0003070179687014,0.0895207654791218,-0.0219964189089036,-0.0095677069071981,0.5285901593310492,mmlu,0.0115757489379029,,0.045448129188868,0.0227006131685005,0.0511350081939599,0.0818869741916256,llama,1.0,0.0,0.0,5.0,1.0,4.0,181.51785714285717,1.0,2.1144011291914757,,,1.9600225925365728,0.9214291119788374,2.2196709626760067,1.801801870236797,3.746024809820312,-0.0060738101633532,0.0098747248758995,0.0338723802509651,,,E_mmluPro,E_mmluPro,domain_matched_not_item_matched,0.05,14,5,equal5_non_qk,"mlp.down_proj,mlp.gate_proj,mlp.up_proj,self_attn.o_proj,self_attn.v_proj","self_attn.q_proj,self_attn.k_proj",True,960.2,961.6,960.2,-1.4,0.0013942097800807,0.0014559068219633,0.0048886032130058,-0.003494393432925,7.759502796034213e-06,1.8376568687017424e-05,5.57763962206027e-05,0.00019249544930060415,5.0,"mlp.down_proj,mlp.gate_proj,mlp.up_proj,self_attn.o_proj,self_attn.v_proj","self_attn.q_proj,self_attn.k_proj",equal_mean_of_per_module_scores,deployed_BF16_merged_minus_base,True,True,,,NA_NO_KL_C_IN_FAT_R1_V2,0.1307142857142857,0.1507142857142857,0.01999999999999999,0.5464285714285714,,,,,,,,llama_early_320_behavior task=mmlu_pro
0.1539668631420603,,,0.1196347336433827,0.1760539181424038,0.1286354954760255,0.0153003347701134,0.5856914138793945,sample_macro,seqkd,40,0.0232984074763953,,,0.087878438687218,0.1627353713448558,0.0691642055228086,-0.004041120568929,0.1027093231678009,mmlu,0.0237121673556144,,0.0826285534863293,0.036541131930592,0.0941504088752636,0.1210517938528209,llama,1.0,0.0,0.0,5.0,1.0,4.0,181.51785714285717,1.0,2.131318708535816,,,2.0475940132550896,0.9946437178445714,2.310831587107719,1.8073284565750665,3.3201439736570637,0.0645800312108227,0.09191955925614699,0.058916386130714905,,,E_mmluPro,E_mmluPro,domain_matched_not_item_matched,0.05,14,5,equal5_non_qk,"mlp.down_proj,mlp.gate_proj,mlp.up_proj,self_attn.o_proj,self_attn.v_proj","self_attn.q_proj,self_attn.k_proj",True,958.4,961.6,958.4,-3.2,0.0042558526169989,0.0033277870216306,0.0080940739966349,-0.003838221379636,7.468330193205475e-06,1.711344698378525e-05,5.400066347647113e-05,0.0001828076106903287,5.0,"mlp.down_proj,mlp.gate_proj,mlp.up_proj,self_attn.o_proj,self_attn.v_proj","self_attn.q_proj,self_attn.k_proj",equal_mean_of_per_module_scores,deployed_BF16_merged_minus_base,True,True,,,NA_NO_KL_C_IN_FAT_R1_V2,0.1292857142857142,0.15,0.020714285714285796,0.5292857142857142,,,,,,,,llama_early_320_behavior task=mmlu_pro
0.196217720420765,,,0.1702658388252768,0.3309223996315683,0.1556330562835292,0.0200066843016262,0.7866792526415416,sample_macro,seqkd,80,0.0269660656925823,,,0.1483564891549093,0.328356798163482,0.1033564119027661,0.0072983021712836,0.0901324323245457,mmlu,0.0374718814562739,,0.113256174408365,0.0746020936071207,0.122919694608676,0.1632704850924866,llama,1.0,0.0,0.0,5.0,1.0,4.0,181.51785714285717,1.0,2.134986366752003,,,2.1080720637227808,1.1602651446631975,2.3450237934876768,1.8186678793152788,3.307567082813808,0.12139042346232698,0.14105818698362568,0.0757842929520911,,,E_mmluPro,E_mmluPro,domain_matched_not_item_matched,0.05,14,5,equal5_non_qk,"mlp.down_proj,mlp.gate_proj,mlp.up_proj,self_attn.o_proj,self_attn.v_proj","self_attn.q_proj,self_attn.k_proj",True,956.6,961.6,956.6,-5.0,0.0068004671189047,0.0051996672212978,0.0126429546822568,-0.005842487563352,7.386066010894865e-06,1.7017791969919925e-05,5.4666645519317905e-05,0.00019575791811799227,5.0,"mlp.down_proj,mlp.gate_proj,mlp.up_proj,self_attn.o_proj,self_attn.v_proj","self_attn.q_proj,self_attn.k_proj",equal_mean_of_per_module_scores,deployed_BF16_merged_minus_base,True,True,,,NA_NO_KL_C_IN_FAT_R1_V2,0.1357142857142857,0.1614285714285714,0.02571428571428569,0.5257142857142857,,,,,,,,llama_early_320_behavior task=mmlu_pro
0.2049158267929617,,,0.198222092163882,0.3034132618989263,0.1965660523217437,0.0231464592370822,0.8216410076618195,sample_macro,seqkd,160,0.021465943781659,,,0.1729672050662338,0.2937614228469984,0.1427686506210427,0.0111829741237331,-0.3950600303070886,mmlu,0.039324307519377,,0.1369356849538162,0.0932122034183702,0.1478665553376776,0.1833292984084358,llama,1.0,0.0,0.0,5.0,1.0,4.0,181.51785714285717,1.0,2.12948624484108,,,2.132682779634105,1.125669769346714,2.384436032205953,1.8225525512677283,2.8223746201821736,0.1515012612845748,0.16178423094250072,0.09761137743443919,,,E_mmluPro,E_mmluPro,domain_matched_not_item_matched,0.05,14,5,equal5_non_qk,"mlp.down_proj,mlp.gate_proj,mlp.up_proj,self_attn.o_proj,self_attn.v_proj","self_attn.q_proj,self_attn.k_proj",True,955.2,961.6,955.2,-6.4,0.0088321391959994,0.0066555740432612,0.016825447921585,-0.0079933087255855,1.0074283807171014e-05,2.0515291998890463e-05,6.177937066240388e-05,0.00020116961240998856,5.0,"mlp.down_proj,mlp.gate_proj,mlp.up_proj,self_attn.o_proj,self_attn.v_proj","self_attn.q_proj,self_attn.k_proj",equal_mean_of_per_module_scores,deployed_BF16_merged_minus_base,True,True,,,NA_NO_KL_C_IN_FAT_R1_V2,0.1321428571428571,0.1642857142857142,0.03214285714285711,0.5771428571428572,,,,,,,,llama_early_320_behavior task=mmlu_pro
0.2349944558553397,,,0.1561767592185309,0.1964579870764698,0.1881687508510159,0.0291453252874586,0.8056539127869266,sample_macro,seqkd,320,0.0328387244657746,,,0.0957557034300906,0.1087228012830018,0.0925139289668628,0.0206308761010312,-0.5084273419422762,mmlu,0.0540264560721282,,0.1686957188096296,0.1312401346090648,0.1780596148597708,0.240230111519673,llama,1.0,0.0,0.0,5.0,1.0,4.0,181.51785714285717,1.0,2.140859025525195,,,2.0554712779979623,0.9406311477827174,2.334181310551773,1.8320004532450265,2.709007308546986,0.062916978964316,0.0751248273290594,0.11466926273750142,,,E_mmluPro,E_mmluPro,domain_matched_not_item_matched,0.05,14,5,equal5_non_qk,"mlp.down_proj,mlp.gate_proj,mlp.up_proj,self_attn.o_proj,self_attn.v_proj","self_attn.q_proj,self_attn.k_proj",True,954.8,961.6,954.8,-6.8,0.0101282176546026,0.0070715474209651,0.020482517147705,-0.0103542994931023,1.1955551713072055e-05,2.3098720112102457e-05,7.401869916063861e-05,0.00021717354393327427,5.0,"mlp.down_proj,mlp.gate_proj,mlp.up_proj,self_attn.o_proj,self_attn.v_proj","self_attn.q_proj,self_attn.k_proj",equal_mean_of_per_module_scores,deployed_BF16_merged_minus_base,True,True,,,NA_NO_KL_C_IN_FAT_R1_V2,0.1314285714285714,0.1542857142857142,0.022857142857142798,0.5164285714285715,,,,,,,,llama_early_320_behavior task=mmlu_pro
0.0620451553538441,,,0.0370145620799489,0.0612438477362904,0.0398297923497323,0.00595123328418,0.1863241255283355,sample_macro,sft,5,0.0039495903732521,,,0.017456329885338,0.056442603873355,0.0077097613883337,-0.0041383889079022,0.153140388897487,mmlu,0.0032254054039704,,0.0054001846342496,0.0045242723862299,0.0056191626962546,0.0091426687669341,llama,1.0,0.0,0.0,5.0,1.0,4.0,181.51785714285717,1.0,2.1119698914326728,,,1.9771719044532088,0.8883509503730705,2.2493771429732443,1.8072311882360927,3.370575039386749,0.013506739512085902,0.0215947187932402,0.0021747792302791997,,,E_mmluPro,E_mmluPro,domain_matched_not_item_matched,0.05,14,5,equal5_non_qk,"mlp.down_proj,mlp.gate_proj,mlp.up_proj,self_attn.o_proj,self_attn.v_proj","self_attn.q_proj,self_attn.k_proj",True,959.6,961.6,959.6,-2.0,0.0026989558240783,0.0020798668885191,0.0019278255886273,0.0007711302354509,3.096312048000982e-06,1.290476948270225e-05,4.245767449901891e-05,0.00017678672302279987,5.0,"mlp.down_proj,mlp.gate_proj,mlp.up_proj,self_attn.o_proj,self_attn.v_proj","self_attn.q_proj,self_attn.k_proj",equal_mean_of_per_module_scores,deployed_BF16_merged_minus_base,True,True,,,NA_NO_KL_C_IN_FAT_R1_V2,0.125,0.1421428571428571,0.0171428571428571,0.4671428571428571,,,,,,,,llama_early_320_behavior task=mmlu_pro
0.1369763845045651,,,0.0792098520869122,0.0885194230292524,0.0963892197745319,0.0134928046932595,1.1842171806948525,sample_macro,sft,20,0.0119127739593386,,,0.012317156534908,0.0108160039356776,0.0126924446847156,-0.0071826407522788,1.1807731688022614,mmlu,0.0177867255882925,,0.0554295960623837,0.0286242182667566,0.0621309405112904,0.1412406666403902,llama,1.0,0.0,0.0,5.0,1.0,4.0,181.51785714285717,1.0,2.1199330750187597,,,1.9720327311027797,0.8427243504353932,2.254359826269626,1.8041869363917165,4.398207819291524,0.0004043825755694012,0.0194997972871868,0.0376428704740912,,,E_mmluPro,E_mmluPro,domain_matched_not_item_matched,0.05,14,5,equal5_non_qk,"mlp.down_proj,mlp.gate_proj,mlp.up_proj,self_attn.o_proj,self_attn.v_proj","self_attn.q_proj,self_attn.k_proj",True,953.4,961.6,953.4,-8.2,0.010766857428181,0.0085274542429285,0.0049593135501544,0.0058075438780265,4.26611554757983e-06,1.110901721403934e-05,4.505933939070915e-05,0.00018322109681319742,5.0,"mlp.down_proj,mlp.gate_proj,mlp.up_proj,self_attn.o_proj,self_attn.v_proj","self_attn.q_proj,self_attn.k_proj",equal_mean_of_per_module_scores,deployed_BF16_merged_minus_base,True,True,,,NA_NO_KL_C_IN_FAT_R1_V2,0.1614285714285714,0.1878571428571428,0.026428571428571412,0.4671428571428571,,,,,,,,llama_early_320_behavior task=mmlu_pro
0.1650342210448745,,,0.1006618765156848,0.151013123653829,0.1174256284113341,0.0170923193602245,2.037783228925296,sample_macro,sft,40,0.0184880001350705,,,-0.0271388253696661,-0.1054775421161736,-0.0075541461830393,0.0036451653141873,2.0370184291260585,mmlu,0.0287574580198685,,0.1289563504495391,0.053324468935108,0.1478643208281469,0.3452027899958192,llama,1.0,0.0,0.0,5.0,1.0,4.0,181.51785714285717,1.0,2.126508301194491,,,1.932576749198205,0.7264308043835419,2.234113235401871,1.8150147424581828,5.25445307961532,-0.0456268255047366,-0.0307839906838534,0.1001988924296706,,,E_mmluPro,E_mmluPro,domain_matched_not_item_matched,0.05,14,5,equal5_non_qk,"mlp.down_proj,mlp.gate_proj,mlp.up_proj,self_attn.o_proj,self_attn.v_proj","self_attn.q_proj,self_attn.k_proj",True,953.2,961.6,953.2,-8.4,0.0108138527946631,0.0087354409317803,0.0061543218549006,0.0046595309397624,6.824407785188669e-06,1.6079350371001055e-05,4.909575509373099e-05,0.00019591923046387936,5.0,"mlp.down_proj,mlp.gate_proj,mlp.up_proj,self_attn.o_proj,self_attn.v_proj","self_attn.q_proj,self_attn.k_proj",equal_mean_of_per_module_scores,deployed_BF16_merged_minus_base,True,True,,,NA_NO_KL_C_IN_FAT_R1_V2,0.1342857142857142,0.1828571428571428,0.0485714285714286,0.5571428571428572,,,,,,,,llama_early_320_behavior task=mmlu_pro
0.1995715788419225,,,0.130549103701221,0.2241601775480168,0.1576508315546171,0.0192391912049937,2.348238699947085,sample_macro,sft,80,0.0292281781043857,,,-0.0303736305510891,-0.2001790995576551,0.0120777367005523,-0.0003512728004508,2.3454599566119056,mmlu,0.0392351700162647,,0.1789152939842481,0.0828142930414261,0.2029405442199536,0.5483436696923205,llama,1.0,0.0,0.0,5.0,1.0,4.0,181.51785714285717,1.0,2.1372484791638064,,,1.9293419440167825,0.6317292469420603,2.253745118285462,1.8110183043435444,5.562894607101168,-0.0596018086554748,-0.0300223577506383,0.1396801239679834,,,E_mmluPro,E_mmluPro,domain_matched_not_item_matched,0.05,14,5,equal5_non_qk,"mlp.down_proj,mlp.gate_proj,mlp.up_proj,self_attn.o_proj,self_attn.v_proj","self_attn.q_proj,self_attn.k_proj",True,948.2,961.6,948.2,-13.4,0.0176166181461986,0.0139351081530781,0.0121748801489707,0.0054417379972279,1.0874150939343963e-05,2.398348860879196e-05,6.137069976829602e-05,0.00021924925094932,5.0,"mlp.down_proj,mlp.gate_proj,mlp.up_proj,self_attn.o_proj,self_attn.v_proj","self_attn.q_proj,self_attn.k_proj",equal_mean_of_per_module_scores,deployed_BF16_merged_minus_base,True,True,,,NA_NO_KL_C_IN_FAT_R1_V2,0.13,0.1928571428571428,0.0628571428571428,0.5457142857142857,,,,,,,,llama_early_320_behavior task=mmlu_pro
0.2440722866130194,,,0.1444750995321997,0.19423798580787,0.1803176420042291,0.022439061784562,2.4164596109730856,sample_macro,sft,160,0.039982426944854,,,0.0547048356341464,-0.0760608453037483,0.0873962558686201,-0.0018118350160103,2.401067328282765,mmlu,0.0558877530906881,,0.2388951366519821,0.1118644865801823,0.270652799169932,0.7182588949267353,llama,1.0,0.0,0.0,5.0,1.0,4.0,181.51785714285717,1.0,2.1480027280042746,,,2.014420410202018,0.7558475011959672,2.3290636374535305,1.809557742127985,5.618501978772027,0.0147224086892924,0.056516670650156704,0.18300738356129398,,,E_mmluPro,E_mmluPro,domain_matched_not_item_matched,0.05,14,5,equal5_non_qk,"mlp.down_proj,mlp.gate_proj,mlp.up_proj,self_attn.o_proj,self_attn.v_proj","self_attn.q_proj,self_attn.k_proj",True,941.8,961.6,941.8,-19.8,0.0266925357420242,0.0205906821963395,0.02255041751608,0.0041421182259442,1.602121008090762e-05,3.399902243471957e-05,7.870456065574808e-05,0.00024030776985450002,5.0,"mlp.down_proj,mlp.gate_proj,mlp.up_proj,self_attn.o_proj,self_attn.v_proj","self_attn.q_proj,self_attn.k_proj",equal_mean_of_per_module_scores,deployed_BF16_merged_minus_base,True,True,,,NA_NO_KL_C_IN_FAT_R1_V2,0.1435714285714285,0.2128571428571428,0.06928571428571431,0.5728571428571428,,,,,,,,llama_early_320_behavior task=mmlu_pro
0.2670036692491599,,,0.1563958153213773,0.2290623157311762,0.1912209442657019,0.02587202878128,2.5689910101890563,sample_macro,sft,320,0.049950303488544,,,0.0015244843608566,-0.0305779221600719,0.0095500859910888,-0.0011109176364886,2.539574837344033,mmlu,0.0662982005645919,,0.327445180369541,0.181884963565639,0.3638352345705165,1.0205382634326816,llama,1.0,0.0,0.0,5.0,1.0,4.0,181.51785714285717,1.0,2.1579706045479647,,,1.961240058928728,0.8013304243396435,2.2512174675759997,1.8102586595075068,5.757009487833296,-0.0484258191276874,0.0026354019973452002,0.2611469798049491,,,E_mmluPro,E_mmluPro,domain_matched_not_item_matched,0.05,14,5,equal5_non_qk,"mlp.down_proj,mlp.gate_proj,mlp.up_proj,self_attn.o_proj,self_attn.v_proj","self_attn.q_proj,self_attn.k_proj",True,937.4,961.6,937.4,-24.2,0.032609506741409,0.0251663893510815,0.0295081242713297,0.0031013824700792,1.3718900709136505e-05,3.236882303098308e-05,8.60902153362966e-05,0.00025821331073526,5.0,"mlp.down_proj,mlp.gate_proj,mlp.up_proj,self_attn.o_proj,self_attn.v_proj","self_attn.q_proj,self_attn.k_proj",equal_mean_of_per_module_scores,deployed_BF16_merged_minus_base,True,True,,,NA_NO_KL_C_IN_FAT_R1_V2,0.1692857142857143,0.2078571428571428,0.03857142857142851,0.4171428571428571,,,,,,,,llama_early_320_behavior task=mmlu_pro
0.0666548872446374,,,0.1353687379651902,0.0959926781696932,0.1545266319756046,0.0057325189642546,0.1687328176200389,sample_macro,offkd,5,0.0255933051582957,,,-0.1346623162865039,-0.0573291467555931,-0.1539956086692316,-0.0003109018692985,0.0895347689943654,mmlu,0.0059849577602913,,0.0130141194622472,0.0159558119298058,0.0122786963453576,0.0252366007522712,qwen,1.0,0.0,0.0,5.0,1.0,4.0,190.05785714285716,1.0,1.7677455672621727,,,2.168792396700409,1.1937172686202189,2.4125611787204564,1.5735918515179088,3.220322621890477,-0.1602556214447996,-0.1343514144172054,0.0070291617019559,,,E_mmluPro,E_mmluPro,domain_matched_not_item_matched,0.05,18,5,equal5_non_qk,"mlp.down_proj,mlp.gate_proj,mlp.up_proj,self_attn.o_proj,self_attn.v_proj","self_attn.q_proj,self_attn.k_proj",True,956.4,954.4,956.4,2.0,-0.0024694929167776,-0.0020955574182732,-0.0041251986005318,0.0016557056837541,4.102338402844908e-06,1.0302014288754435e-05,3.179319501214195e-05,0.00011874639822053107,5.0,"mlp.down_proj,mlp.gate_proj,mlp.up_proj,self_attn.o_proj,self_attn.v_proj","self_attn.q_proj,self_attn.k_proj",equal_mean_of_per_module_scores,deployed_BF16_merged_minus_base,True,True,,,NA_NO_KL_C_IN_FAT_R1_V2,0.4607142857142857,0.4821428571428571,0.021428571428571408,0.1271428571428571,0.4943820224719101,72.0,0.0514285714285714,40.0,0.0285714285714285,66.0,0.0471428571428571,S1_mmlupro_flexible+S1_mmlupro_extract_audit
0.0777407712782067,,,0.2143576005914115,0.1283502048254012,0.2413284199796284,0.0065109195776806,0.3135176327185971,sample_macro,offkd,10,0.0288326287242982,,,-0.2143567580276035,-0.1065911412239074,-0.2412981622285275,0.0006402447258648,0.2837709146525178,mmlu,0.0077213335596856,,0.0188867031499518,0.0196544912304462,0.0186947561298282,0.0318502019048069,qwen,1.0,0.0,0.0,5.0,1.0,4.0,190.05785714285716,1.0,1.7709848908281751,,,2.089097954959309,1.1444552741519043,2.3252586251611604,1.574542998113072,3.414558767548629,-0.24318938675190171,-0.2149970027534683,0.011165369590266198,,,E_mmluPro,E_mmluPro,domain_matched_not_item_matched,0.05,18,5,equal5_non_qk,"mlp.down_proj,mlp.gate_proj,mlp.up_proj,self_attn.o_proj,self_attn.v_proj","self_attn.q_proj,self_attn.k_proj",True,957.6,954.4,957.6,3.2,-0.0036830612833472,-0.0033528918692372,-0.0062235602416776,0.0025404989583303,,,,,,,,,,True,False,QWEN_PK_STEP10_MISSING_MATCHED_EXCLUSION,,NA_NO_KL_C_IN_FAT_R1_V2,0.4564285714285714,0.4928571428571429,0.03642857142857148,0.17,0.5756302521008403,114.0,0.0814285714285714,60.0,0.0428571428571428,64.0,0.0457142857142857,S1_mmlupro_flexible+S1_mmlupro_extract_audit
0.1054667179392916,,,0.3524541772076793,0.153271445184946,0.4086589688255169,0.0106112417021591,0.7027135845805917,sample_macro,offkd,20,0.0237772164068051,,,-0.3524474763896515,-0.1276015066461903,-0.4086589688255169,0.0058508246023788,0.6990885782454695,mmlu,0.0125114018424937,,0.0410307742116273,0.0232780366790081,0.0454689585947822,0.063246498916165,qwen,1.0,0.0,0.0,5.0,1.0,4.0,190.05785714285716,1.0,1.765929478510682,,,1.9510072365972613,1.1234449087296214,2.1578978185641717,1.5797535779895862,3.8298764311415807,-0.3762246927964566,-0.3582983009920303,0.0285193723691336,,,E_mmluPro,E_mmluPro,domain_matched_not_item_matched,0.05,18,5,equal5_non_qk,"mlp.down_proj,mlp.gate_proj,mlp.up_proj,self_attn.o_proj,self_attn.v_proj","self_attn.q_proj,self_attn.k_proj",True,958.4,954.4,958.4,4.0,-0.0043761182584524,-0.0041911148365465,-0.0078992384824552,0.0035231202240028,3.4144766459576203e-06,1.0765919250843581e-05,3.5481817940308245e-05,0.0001307268496020544,5.0,"mlp.down_proj,mlp.gate_proj,mlp.up_proj,self_attn.o_proj,self_attn.v_proj","self_attn.q_proj,self_attn.k_proj",equal_mean_of_per_module_scores,deployed_BF16_merged_minus_base,True,True,,,NA_NO_KL_C_IN_FAT_R1_V2,0.3735714285714285,0.5214285714285715,0.14785714285714296,0.3735714285714285,0.8776290630975143,318.0,0.2271428571428571,188.0,0.1342857142857142,17.0,0.0121428571428571,S1_mmlupro_flexible+S1_mmlupro_extract_audit
0.1261890432584498,,,0.3021217336178025,0.1250876248947211,0.3809537014008882,0.0101862175570113,1.619170107351882,sample_macro,offkd,40,0.0151863995327481,,,-0.3011478708580336,0.0175054621057851,-0.3808112040989883,0.0004022181098163,1.619170107351882,mmlu,0.0185317873535677,,0.0582458177595398,0.0288863605200977,0.0655856820694004,0.1233048502302595,qwen,1.0,0.0,0.0,5.0,1.0,4.0,190.05785714285716,1.0,1.757338661636625,,,2.0023068421288794,1.2685518774815967,2.1857455832907,1.5743049714970236,4.749957960247993,-0.31633427039078166,-0.30155008896784985,0.0397140304059721,,,E_mmluPro,E_mmluPro,domain_matched_not_item_matched,0.05,18,5,equal5_non_qk,"mlp.down_proj,mlp.gate_proj,mlp.up_proj,self_attn.o_proj,self_attn.v_proj","self_attn.q_proj,self_attn.k_proj",True,956.4,954.4,956.4,2.0,-0.0017802873542182,-0.0020955574182732,-0.0048644360065854,0.0030841486523672,2.874279198294971e-06,9.332343233836582e-06,3.720418044395046e-05,0.00014453642288568032,5.0,"mlp.down_proj,mlp.gate_proj,mlp.up_proj,self_attn.o_proj,self_attn.v_proj","self_attn.q_proj,self_attn.k_proj",equal_mean_of_per_module_scores,deployed_BF16_merged_minus_base,True,True,,,NA_NO_KL_C_IN_FAT_R1_V2,0.365,0.5307142857142857,0.1657142857142857,0.4514285714285714,0.9493670886075948,311.0,0.2221428571428571,321.0,0.2292857142857143,0.0,0.0,S1_mmlupro_flexible+S1_mmlupro_extract_audit
0.1523940725810825,,,0.1955118039995764,0.1551438544690608,0.2314344018249123,0.0120428962351325,2.2119217470926897,sample_macro,offkd,80,0.0172551432704286,,,-0.1140025557518737,0.0875919816536562,-0.1644011901032561,0.002695052324745,2.2119217470926897,mmlu,0.0320579264178272,,0.0882119445466336,0.0330045282845717,0.1020137986121491,0.1860794865892135,qwen,1.0,0.0,0.0,5.0,1.0,4.0,190.05785714285716,1.0,1.7594074053743056,,,2.189452157235039,1.338638397029468,2.402155597286432,1.5765978057119523,5.342709599988801,-0.1312576990223023,-0.11669760807661869,0.0561540181288064,,,E_mmluPro,E_mmluPro,domain_matched_not_item_matched,0.05,18,5,equal5_non_qk,"mlp.down_proj,mlp.gate_proj,mlp.up_proj,self_attn.o_proj,self_attn.v_proj","self_attn.q_proj,self_attn.k_proj",True,952.0,954.4,952.0,-2.4,0.0035880064744696,0.0025146689019278,0.0061556639496222,-0.0025676574751525,2.866040495064226e-06,1.0225626874671434e-05,4.5924192818347365e-05,0.00016530706197951398,5.0,"mlp.down_proj,mlp.gate_proj,mlp.up_proj,self_attn.o_proj,self_attn.v_proj","self_attn.q_proj,self_attn.k_proj",equal_mean_of_per_module_scores,deployed_BF16_merged_minus_base,True,True,,,NA_NO_KL_C_IN_FAT_R1_V2,0.395,0.5435714285714286,0.14857142857142858,0.3921428571428571,0.9471766848816028,240.0,0.1714285714285714,309.0,0.2207142857142857,0.0,0.0,S1_mmlupro_flexible+S1_mmlupro_extract_audit
0.181350431379729,,,0.2045044627692882,0.1651589622029236,0.2268850599791871,0.014779647356091,1.8613968583728584,sample_macro,offkd,160,0.0029336894928876,,,0.0350325769955359,0.0150961676878588,0.0400166793224551,-0.0021888220942852,1.8613968583728584,mmlu,0.036200018519968,,0.1315723547521213,0.0454476691064025,0.153103526163551,0.2044989572811339,qwen,1.0,0.0,0.0,5.0,1.0,4.0,190.05785714285716,1.0,1.7450859515967645,,,2.338487289982449,1.2661425830636706,2.606573466712143,1.5717139312929218,4.99218471126897,0.0320988875026483,0.0372213990898211,0.09537233623215331,,,E_mmluPro,E_mmluPro,domain_matched_not_item_matched,0.05,18,5,equal5_non_qk,"mlp.down_proj,mlp.gate_proj,mlp.up_proj,self_attn.o_proj,self_attn.v_proj","self_attn.q_proj,self_attn.k_proj",True,941.4,954.4,941.4,-13.0,0.016392286588814,0.0136211232187761,0.0272606224077165,-0.0108683358189025,1.952306547536864e-06,1.0928235315077473e-05,4.549768491415307e-05,0.00016773571842347148,5.0,"mlp.down_proj,mlp.gate_proj,mlp.up_proj,self_attn.o_proj,self_attn.v_proj","self_attn.q_proj,self_attn.k_proj",equal_mean_of_per_module_scores,deployed_BF16_merged_minus_base,True,True,,,NA_NO_KL_C_IN_FAT_R1_V2,0.3907142857142857,0.5542857142857143,0.1635714285714286,0.41,0.945993031358885,244.0,0.1742857142857143,330.0,0.2357142857142857,0.0,0.0,S1_mmlupro_flexible+S1_mmlupro_extract_audit
0.2097893807145633,,,0.2166916117065785,0.225610233758177,0.2701604416306613,0.0167167326742621,2.0110181827417444,sample_macro,offkd,320,-0.0172473897851471,,,0.1708590141209175,-0.1193358766181128,0.2434077368056751,-0.0043182005794522,2.0110181827417444,mmlu,0.0476849343180323,,0.1486197153006713,0.0684366212565717,0.1686654888116962,0.2424740122152225,qwen,1.0,0.0,0.0,5.0,1.0,4.0,190.05785714285716,1.0,1.7249048723187297,,,2.4743137271078304,1.131710538757699,2.809964524195363,1.569584552807755,5.141806035637855,0.1881064039060646,0.1751772147003697,0.100934780982639,,,E_mmluPro,E_mmluPro,domain_matched_not_item_matched,0.05,18,5,equal5_non_qk,"mlp.down_proj,mlp.gate_proj,mlp.up_proj,self_attn.o_proj,self_attn.v_proj","self_attn.q_proj,self_attn.k_proj",True,936.4,954.4,936.4,-18.0,0.0227054900631672,0.0188600167644593,0.0389556578251138,-0.0162501677619465,2.7790471222033375e-06,1.4996749860074487e-05,5.1255324433441277e-05,0.00018397002859271878,5.0,"mlp.down_proj,mlp.gate_proj,mlp.up_proj,self_attn.o_proj,self_attn.v_proj","self_attn.q_proj,self_attn.k_proj",equal_mean_of_per_module_scores,deployed_BF16_merged_minus_base,True,True,,,NA_NO_KL_C_IN_FAT_R1_V2,0.3678571428571429,0.5621428571428572,0.19428571428571428,0.4357142857142857,0.9639344262295082,318.0,0.2271428571428571,292.0,0.2085714285714285,0.0,0.0,S1_mmlupro_flexible+S1_mmlupro_extract_audit
0.2199575547900582,,,0.2785211425924208,0.2244786618649959,0.3626547256804354,0.0188029644668919,2.1182993214683874,sample_macro,offkd,480,-0.0100518796087375,,,0.2697756387964223,-0.0839858428708144,0.3582160092132315,-0.0061166723314531,2.1182993214683874,mmlu,0.0509492286436059,,0.1734869990006222,0.0781303064458604,0.1973261721393126,0.2838380787255508,qwen,1.0,0.0,0.0,5.0,1.0,4.0,190.05785714285716,1.0,1.732100382495139,,,2.573230351783335,1.1670605725049972,2.92477279660292,1.5677860810557542,5.249087174364499,0.2798275184051598,0.2758923111278754,0.1225377703570163,,,E_mmluPro,E_mmluPro,domain_matched_not_item_matched,0.05,18,5,equal5_non_qk,"mlp.down_proj,mlp.gate_proj,mlp.up_proj,self_attn.o_proj,self_attn.v_proj","self_attn.q_proj,self_attn.k_proj",True,933.4,954.4,933.4,-21.0,0.0266399861760093,0.0220033528918692,0.0465903414671694,-0.0199503552911601,3.902550815837458e-06,1.8857719260267915e-05,5.9986359337926844e-05,0.0002004864538320803,5.0,"mlp.down_proj,mlp.gate_proj,mlp.up_proj,self_attn.o_proj,self_attn.v_proj","self_attn.q_proj,self_attn.k_proj",equal_mean_of_per_module_scores,deployed_BF16_merged_minus_base,True,True,,,NA_NO_KL_C_IN_FAT_R1_V2,0.3771428571428571,0.5692857142857143,0.19214285714285717,0.4457142857142857,0.9599358974358976,310.0,0.2214285714285714,314.0,0.2242857142857142,0.0,0.0,S1_mmlupro_flexible+S1_mmlupro_extract_audit
0.2377545024827122,,,0.2937529767407437,0.2446871114415781,0.3961347983546771,0.0192637049702634,2.174561834271465,sample_macro,offkd,624,-0.0213625526694314,,,0.2855173115960788,-0.1409608476715428,0.3921368514129842,-0.003630568739036,2.174561834271465,mmlu,0.059242494823411,,0.1796140768140986,0.0833815961257953,0.2036721969861744,0.2856583508795925,qwen,1.0,0.0,0.0,5.0,1.0,4.0,190.05785714285716,1.0,1.720789709434445,,,2.588972024582992,1.110085567704269,2.9586936388026723,1.5702721846481713,5.305349687167577,0.30687986426551017,0.2891478803351148,0.1203715819906876,,,E_mmluPro,E_mmluPro,domain_matched_not_item_matched,0.05,18,5,equal5_non_qk,"mlp.down_proj,mlp.gate_proj,mlp.up_proj,self_attn.o_proj,self_attn.v_proj","self_attn.q_proj,self_attn.k_proj",True,933.0,954.4,933.0,-21.4,0.0272090046374621,0.0224224643755238,0.0481774207696239,-0.0209684161321618,4.5220409901958195e-06,2.0829181357839845e-05,6.551899459736194e-05,0.00021045779576520405,5.0,"mlp.down_proj,mlp.gate_proj,mlp.up_proj,self_attn.o_proj,self_attn.v_proj","self_attn.q_proj,self_attn.k_proj",equal_mean_of_per_module_scores,deployed_BF16_merged_minus_base,True,True,,,NA_NO_KL_C_IN_FAT_R1_V2,0.3535714285714286,0.5714285714285714,0.2178571428571428,0.4728571428571428,0.9561933534743202,356.0,0.2542857142857143,306.0,0.2185714285714285,0.0,0.0,S1_mmlupro_flexible+S1_mmlupro_extract_audit
0.0578749868672872,,,0.0836675720652897,0.0827977461261408,0.1109122426550519,0.0051555550400433,0.1087939796916075,sample_macro,opd,5,-0.0036353589940284,,,-0.0741186189218756,0.0410420889300959,-0.1029087958848685,0.0006339487282934,0.0290184709216867,mmlu,0.0035378088180108,,0.0100633088013688,0.0083465330367782,0.0104925027425165,0.0074538874034935,qwen,1.0,0.0,0.0,5.0,1.0,4.0,190.05785714285716,1.0,1.7385169031098484,,,2.229336094065037,1.2920885043059076,2.4636479915048195,1.5745367021155006,3.159806323817798,-0.0704832599278472,-0.074752567650169,0.006525499983358,,,E_mmluPro,E_mmluPro,domain_matched_not_item_matched,0.05,18,5,equal5_non_qk,"mlp.down_proj,mlp.gate_proj,mlp.up_proj,self_attn.o_proj,self_attn.v_proj","self_attn.q_proj,self_attn.k_proj",True,952.4,954.4,952.4,-2.0,0.0023809291369549,0.0020955574182732,0.0041128283071234,-0.0017318991701685,1.2505580571087194e-06,7.002021357038757e-06,3.2353371534554756e-05,0.00012669881471081721,5.0,"mlp.down_proj,mlp.gate_proj,mlp.up_proj,self_attn.o_proj,self_attn.v_proj","self_attn.q_proj,self_attn.k_proj",equal_mean_of_per_module_scores,deployed_BF16_merged_minus_base,True,True,,,NA_NO_KL_C_IN_FAT_R1_V2,0.4835714285714286,0.5121428571428571,0.028571428571428525,0.1264285714285714,0.7457627118644068,122.0,0.0871428571428571,28.0,0.02,27.0,0.0192857142857142,S1_mmlupro_flexible+S1_mmlupro_extract_audit
0.1006579857319593,,,0.1934537466511995,0.1471018430377755,0.262862897951397,0.0097238323069634,0.4211984572027411,sample_macro,opd,10,0.0036382571820701,,,-0.1762313688032528,0.1257731507718563,-0.2517324986970301,0.0017915269085743,0.3947193210252693,mmlu,0.0121576979197561,,0.0520096868938832,0.0286935553024522,0.0578387197917409,0.0412309340773415,qwen,1.0,0.0,0.0,5.0,1.0,4.0,190.05785714285716,1.0,1.745790519285947,,,2.12722334418366,1.376819566147668,2.314824288692658,1.5756942802957818,3.525507173921381,-0.17986962598532288,-0.17802289571182708,0.0398519889741271,,,E_mmluPro,E_mmluPro,domain_matched_not_item_matched,0.05,18,5,equal5_non_qk,"mlp.down_proj,mlp.gate_proj,mlp.up_proj,self_attn.o_proj,self_attn.v_proj","self_attn.q_proj,self_attn.k_proj",True,950.6,954.4,950.6,-3.8,0.0045149446936629,0.0039815590947191,0.0056371251333435,-0.0011221804396805,,,,,,,,,,True,False,QWEN_PK_STEP10_MISSING_MATCHED_EXCLUSION,,NA_NO_KL_C_IN_FAT_R1_V2,0.4914285714285714,0.5007142857142857,0.009285714285714286,0.1085714285714285,0.6973684210526315,71.0,0.0507142857142857,60.0,0.0428571428571428,21.0,0.015,S1_mmlupro_flexible+S1_mmlupro_extract_audit
0.2202319403125771,,,0.2647019011461109,0.3372635629560266,0.3678088174853058,0.033308155371212,1.8278477797550812,sample_macro,opd,20,0.0474636753462254,,,-0.2039452409807792,0.3204984686417239,-0.335056168386405,0.0275223945386099,1.821674930304289,mmlu,0.0746895981992461,,0.2303981831877359,0.0911191743226455,0.2652179354040084,0.2793317119830421,qwen,1.0,0.0,0.0,5.0,1.0,4.0,190.05785714285716,1.0,1.7896159374501024,,,2.0995094720061336,1.5715448840175357,2.231500619003284,1.601425147925817,4.9524627832004,-0.25140891632700463,-0.2314676355193891,0.15570858498848977,,,E_mmluPro,E_mmluPro,domain_matched_not_item_matched,0.05,18,5,equal5_non_qk,"mlp.down_proj,mlp.gate_proj,mlp.up_proj,self_attn.o_proj,self_attn.v_proj","self_attn.q_proj,self_attn.k_proj",True,948.6,954.4,948.6,-5.8,0.0071530540831751,0.0060771165129924,0.007521488982995,-0.0003684348998199,3.115804361186747e-06,1.1589655059651705e-05,3.9551506051785886e-05,0.00012980576866537742,5.0,"mlp.down_proj,mlp.gate_proj,mlp.up_proj,self_attn.o_proj,self_attn.v_proj","self_attn.q_proj,self_attn.k_proj",equal_mean_of_per_module_scores,deployed_BF16_merged_minus_base,True,True,,,NA_NO_KL_C_IN_FAT_R1_V2,0.4828571428571429,0.5521428571428572,0.06928571428571428,0.2664285714285714,0.9195710455764076,105.0,0.075,268.0,0.1914285714285714,0.0,0.0,S1_mmlupro_flexible+S1_mmlupro_extract_audit
0.257239765154996,,,0.2552907777724321,0.3133606119879654,0.3077203216227852,0.0462801786974697,2.656282511715378,sample_macro,opd,40,0.102021218104554,,,-0.0745578351297216,0.269823349480118,-0.1606531312821815,0.0371648928581956,2.6561437589143004,mmlu,0.1401011130852358,,0.2999148606410516,0.1033437808483306,0.3490576305892318,0.437817262464336,qwen,1.0,0.0,0.0,5.0,1.0,4.0,190.05785714285716,1.0,1.844173480208431,,,2.228896877857191,1.5208697648559295,2.4059036561075064,1.6110676462454028,5.786931611810412,-0.17657905323427558,-0.1117227279879172,0.15981374755581582,,,E_mmluPro,E_mmluPro,domain_matched_not_item_matched,0.05,18,5,equal5_non_qk,"mlp.down_proj,mlp.gate_proj,mlp.up_proj,self_attn.o_proj,self_attn.v_proj","self_attn.q_proj,self_attn.k_proj",True,941.8,954.4,941.8,-12.6,0.0156888368940591,0.0132020117351215,0.0208040810693428,-0.0051152441752836,2.4138793037309368e-06,1.0055456732516177e-05,3.785317312576808e-05,0.00013321605947562895,5.0,"mlp.down_proj,mlp.gate_proj,mlp.up_proj,self_attn.o_proj,self_attn.v_proj","self_attn.q_proj,self_attn.k_proj",equal_mean_of_per_module_scores,deployed_BF16_merged_minus_base,True,True,,,NA_NO_KL_C_IN_FAT_R1_V2,0.3992857142857143,0.5735714285714286,0.17428571428571432,0.4292857142857142,0.9500831946755408,318.0,0.2271428571428571,283.0,0.2021428571428571,0.0,0.0,S1_mmlupro_flexible+S1_mmlupro_extract_audit
0.2969746249089283,,,0.2442781841603573,0.2894933086420808,0.2898171474848225,0.0523859126208171,2.7492502671693053,sample_macro,opd,80,0.1454726579173335,,,-0.0541497116812305,0.2359655321283,-0.1266785226336131,0.0443655158098136,2.7492502671693053,mmlu,0.1907699042239359,,0.3002080768751246,0.1017161200408424,0.3498310660836952,0.4626153968008501,qwen,1.0,0.0,0.0,5.0,1.0,4.0,190.05785714285716,1.0,1.8876249200212103,,,2.2493050013056823,1.4870119475041117,2.439878264756075,1.6182682691970212,5.880038120065417,-0.199622369598564,-0.0985152274910441,0.10943817265118869,,,E_mmluPro,E_mmluPro,domain_matched_not_item_matched,0.05,18,5,equal5_non_qk,"mlp.down_proj,mlp.gate_proj,mlp.up_proj,self_attn.o_proj,self_attn.v_proj","self_attn.q_proj,self_attn.k_proj",True,944.0,954.4,944.0,-10.4,0.0131873321643137,0.0108968985750209,0.0177857648830715,-0.0045984327187577,2.8268803021092028e-06,1.1384781464585103e-05,3.721973371284548e-05,0.0001402378111379096,5.0,"mlp.down_proj,mlp.gate_proj,mlp.up_proj,self_attn.o_proj,self_attn.v_proj","self_attn.q_proj,self_attn.k_proj",equal_mean_of_per_module_scores,deployed_BF16_merged_minus_base,True,True,,,NA_NO_KL_C_IN_FAT_R1_V2,0.3442857142857143,0.5671428571428572,0.22285714285714286,0.5235714285714286,0.9549795361527968,350.0,0.25,383.0,0.2735714285714286,0.0,0.0,S1_mmlupro_flexible+S1_mmlupro_extract_audit
0.3333085539857191,,,0.2506328757296515,0.2981145038136413,0.2862846766415999,0.0571054553873788,3.424747564728771,sample_macro,opd,160,0.1903162645362317,,,-0.0113127074879926,0.2504969012098653,-0.0767651096624571,0.0479469049311989,3.424747564728771,mmlu,0.2161889812297054,,0.3175903593848592,0.1027065274831173,0.3713113173602947,0.5028703327636633,qwen,1.0,0.0,0.0,5.0,1.0,4.0,190.05785714285716,1.0,1.9324685266401087,,,2.29214200549892,1.501543316585677,2.489791677727231,1.6218496583184063,6.555535417624882,-0.2016289720242243,-0.059259612419191504,0.10140137815515379,,,E_mmluPro,E_mmluPro,domain_matched_not_item_matched,0.05,18,5,equal5_non_qk,"mlp.down_proj,mlp.gate_proj,mlp.up_proj,self_attn.o_proj,self_attn.v_proj","self_attn.q_proj,self_attn.k_proj",True,938.0,954.4,938.0,-16.4,0.0207217310610379,0.0171835708298407,0.0339458849271632,-0.0132241538661253,2.9105037469889793e-06,1.2776290714100468e-05,4.4344599155010654e-05,0.00016935955791262292,5.0,"mlp.down_proj,mlp.gate_proj,mlp.up_proj,self_attn.o_proj,self_attn.v_proj","self_attn.q_proj,self_attn.k_proj",equal_mean_of_per_module_scores,deployed_BF16_merged_minus_base,True,True,,,NA_NO_KL_C_IN_FAT_R1_V2,0.4857142857142857,0.5878571428571429,0.10214285714285715,0.3021428571428571,0.9456264775413712,71.0,0.0507142857142857,352.0,0.2514285714285714,0.0,0.0,S1_mmlupro_flexible+S1_mmlupro_extract_audit
0.3656428329460322,,,0.2436999761268296,0.2702397628554275,0.2672520192510065,0.0609156954932473,3.948591662751777,sample_macro,opd,320,0.2093596611092133,,,0.0577452144282537,0.2015223073320729,0.0218009412022989,0.0508159965358291,3.948591662751777,mmlu,0.2457649342955222,,0.326529387101531,0.1228276395505027,0.3774548239892881,0.610680571517774,qwen,1.0,0.0,0.0,5.0,1.0,4.0,190.05785714285716,1.0,1.9515119232130904,,,2.3611999274151665,1.4525687227078847,2.588357728591987,1.6247187499230364,7.079379515647888,-0.1516144466809596,0.006929217892424601,0.0807644528060088,,,E_mmluPro,E_mmluPro,domain_matched_not_item_matched,0.05,18,5,equal5_non_qk,"mlp.down_proj,mlp.gate_proj,mlp.up_proj,self_attn.o_proj,self_attn.v_proj","self_attn.q_proj,self_attn.k_proj",True,932.0,954.4,932.0,-22.4,0.0280656906460096,0.0234702430846604,0.0451456476156918,-0.0170799569696822,3.3566569584309038e-06,1.3416833098744974e-05,5.2114768186584116e-05,0.00019956430041924311,5.0,"mlp.down_proj,mlp.gate_proj,mlp.up_proj,self_attn.o_proj,self_attn.v_proj","self_attn.q_proj,self_attn.k_proj",equal_mean_of_per_module_scores,deployed_BF16_merged_minus_base,True,True,,,NA_NO_KL_C_IN_FAT_R1_V2,0.4942857142857143,0.5814285714285714,0.08714285714285713,0.2871428571428571,0.9402985074626866,4.0,0.0028571428571428,398.0,0.2842857142857143,0.0,0.0,S1_mmlupro_flexible+S1_mmlupro_extract_audit
0.3651451061266873,,,0.2569409142794153,0.2371827095959867,0.2848116642606327,0.0621349373927752,4.337010668281998,sample_macro,opd,480,0.204503575927977,,,0.1115359046374381,0.136272226763623,0.1053518241058918,0.0508469207346046,4.337010668281998,mmlu,0.2468116100026028,,0.3400900065121905,0.1271016820799559,0.3933370876202492,0.6764266456557172,qwen,1.0,0.0,0.0,5.0,1.0,4.0,190.05785714285716,1.0,1.946655838031854,,,2.414990617624351,1.3873186421394348,2.67190861149558,1.624749674121812,7.46779852117811,-0.0929676712905389,0.06068898390283349,0.09327839650958772,,,E_mmluPro,E_mmluPro,domain_matched_not_item_matched,0.05,18,5,equal5_non_qk,"mlp.down_proj,mlp.gate_proj,mlp.up_proj,self_attn.o_proj,self_attn.v_proj","self_attn.q_proj,self_attn.k_proj",True,928.8,954.4,928.8,-25.6,0.0322471003390986,0.0268231349538977,0.052956698100781,-0.0207095977616824,4.3022734530495654e-06,1.6789021447038977e-05,5.912764645472406e-05,0.00021601277258011869,5.0,"mlp.down_proj,mlp.gate_proj,mlp.up_proj,self_attn.o_proj,self_attn.v_proj","self_attn.q_proj,self_attn.k_proj",equal_mean_of_per_module_scores,deployed_BF16_merged_minus_base,True,True,,,NA_NO_KL_C_IN_FAT_R1_V2,0.5021428571428571,0.58,0.07785714285714285,0.2742857142857142,0.9479166666666666,5.0,0.0035714285714285,377.0,0.2692857142857143,2.0,0.0014285714285714,S1_mmlupro_flexible+S1_mmlupro_extract_audit
0.3819640014560095,,,0.2540227265142769,0.2489973403939178,0.2774304597342935,0.0663809372415726,4.248748747216804,sample_macro,opd,624,0.2098498385851936,,,0.1219208665703356,0.1665401294614587,0.1107660508475549,0.0549783786704757,4.248748747216804,mmlu,0.2545312645259712,,0.3439840374381414,0.1328880793188831,0.396758026967956,0.7007085453293154,qwen,1.0,0.0,0.0,5.0,1.0,4.0,190.05785714285716,1.0,1.9520021006890709,,,2.4253755795572483,1.4175865448372704,2.677322838237243,1.628881132057683,7.379536600112915,-0.087928972014858,0.0669424878998599,0.08945277291217019,,,E_mmluPro,E_mmluPro,domain_matched_not_item_matched,0.05,18,5,equal5_non_qk,"mlp.down_proj,mlp.gate_proj,mlp.up_proj,self_attn.o_proj,self_attn.v_proj","self_attn.q_proj,self_attn.k_proj",True,925.8,954.4,925.8,-28.6,0.0355390940249913,0.0299664710813076,0.0576693972506808,-0.0221303032256894,5.620889919555339e-06,1.8858167959479032e-05,6.471562519436476e-05,0.00023137222451619275,5.0,"mlp.down_proj,mlp.gate_proj,mlp.up_proj,self_attn.o_proj,self_attn.v_proj","self_attn.q_proj,self_attn.k_proj",equal_mean_of_per_module_scores,deployed_BF16_merged_minus_base,True,True,,,NA_NO_KL_C_IN_FAT_R1_V2,0.48,0.5807142857142857,0.10071428571428576,0.3028571428571428,0.9245283018867924,1.0,0.0007142857142857,423.0,0.3021428571428571,0.0,0.0,S1_mmlupro_flexible+S1_mmlupro_extract_audit
0.0601151123004299,,,0.1352729705749411,0.1002328317718846,0.1510452499302586,0.0052669322896634,0.1601029552945068,sample_macro,seqkd,5,0.0214687279079641,,,-0.1350246592341323,-0.0718716802554471,-0.1508129039788036,4.020696987231864e-05,0.096938383515392,mmlu,0.0047376112279535,,0.0112351153245398,0.0136226545915372,0.0106382305077905,0.016973109053797,qwen,1.0,0.0,0.0,5.0,1.0,4.0,190.05785714285716,1.0,1.7636209900118411,,,2.1684300537527808,1.1791747351203643,2.4157438834108844,1.5739429603570796,3.227726236411504,-0.15649338714209637,-0.1350648662040046,0.0064975040965863,,,E_mmluPro,E_mmluPro,domain_matched_not_item_matched,0.05,18,5,equal5_non_qk,"mlp.down_proj,mlp.gate_proj,mlp.up_proj,self_attn.o_proj,self_attn.v_proj","self_attn.q_proj,self_attn.k_proj",True,956.2,954.4,956.2,1.8,-0.0020054557938078,-0.001886001676446,-0.0026131059684223,0.0006076501746145,2.928591834461258e-06,1.014005010802066e-05,3.281917452113703e-05,0.00012553922497317516,5.0,"mlp.down_proj,mlp.gate_proj,mlp.up_proj,self_attn.o_proj,self_attn.v_proj","self_attn.q_proj,self_attn.k_proj",equal_mean_of_per_module_scores,deployed_BF16_merged_minus_base,True,True,,,NA_NO_KL_C_IN_FAT_R1_V2,0.4721428571428571,0.4921428571428571,0.020000000000000018,0.14,0.4948979591836734,85.0,0.0607142857142857,41.0,0.0292857142857142,70.0,0.05,S1_mmlupro_flexible+S1_mmlupro_extract_audit
0.0703975857155663,,,0.197569425140075,0.1384995450930935,0.2166656803286085,0.0063534464826395,0.3693283347359725,sample_macro,seqkd,10,0.0207166951469012,,,-0.1975470779112074,-0.121072668241603,-0.2166656803286085,0.0012764208668422,0.3531554745563439,mmlu,0.0061407573490993,,0.0180873694309473,0.0181250341142211,0.0180779532601289,0.0248629031346977,qwen,1.0,0.0,0.0,5.0,1.0,4.0,190.05785714285716,1.0,1.762868957250778,,,2.105907635075705,1.1299737471342086,2.3498911070610795,1.5751791742540493,3.4839433274524554,-0.2182637730581086,-0.1988234987780496,0.011946612081848001,,,E_mmluPro,E_mmluPro,domain_matched_not_item_matched,0.05,18,5,equal5_non_qk,"mlp.down_proj,mlp.gate_proj,mlp.up_proj,self_attn.o_proj,self_attn.v_proj","self_attn.q_proj,self_attn.k_proj",True,957.0,954.4,957.0,2.6,-0.0029797376359317,-0.0027242246437552,-0.0057211862078094,0.0027414485718776,,,,,,,,,,True,False,QWEN_PK_STEP10_MISSING_MATCHED_EXCLUSION,,NA_NO_KL_C_IN_FAT_R1_V2,0.4564285714285714,0.5021428571428571,0.04571428571428571,0.1728571428571428,0.6652892561983471,131.0,0.0935714285714285,61.0,0.0435714285714285,50.0,0.0357142857142857,S1_mmlupro_flexible+S1_mmlupro_extract_audit
0.1000024750695696,,,0.3372434791373421,0.1559725591327462,0.3910372059052627,0.0100456337863795,0.8730393843352795,sample_macro,seqkd,20,0.0170560135985059,,,-0.3372434791373421,-0.1220685720656599,-0.3910372059052627,0.0053414976702829,0.8710628691102777,mmlu,0.0117134070861668,,0.0444739125130581,0.0261812394982136,0.0490470807667692,0.0651478678154359,qwen,1.0,0.0,0.0,5.0,1.0,4.0,190.05785714285716,1.0,1.7592082757023828,,,1.9662112338495707,1.1289778433101518,2.175519581484425,1.5792442510574902,4.001850722006389,-0.354299492735848,-0.342584976807625,0.0327605054268913,,,E_mmluPro,E_mmluPro,domain_matched_not_item_matched,0.05,18,5,equal5_non_qk,"mlp.down_proj,mlp.gate_proj,mlp.up_proj,self_attn.o_proj,self_attn.v_proj","self_attn.q_proj,self_attn.k_proj",True,957.4,954.4,957.4,3.0,-0.0032697530058095,-0.0031433361274098,-0.0071089775877103,0.0038392245819007,3.416181789361872e-06,9.851014419837157e-06,3.543921611708356e-05,0.00013260424530015042,5.0,"mlp.down_proj,mlp.gate_proj,mlp.up_proj,self_attn.o_proj,self_attn.v_proj","self_attn.q_proj,self_attn.k_proj",equal_mean_of_per_module_scores,deployed_BF16_merged_minus_base,True,True,,,NA_NO_KL_C_IN_FAT_R1_V2,0.3885714285714285,0.5392857142857143,0.15071428571428575,0.3728571428571429,0.8888888888888888,314.0,0.2242857142857142,204.0,0.1457142857142857,4.0,0.0028571428571428,S1_mmlupro_flexible+S1_mmlupro_extract_audit
0.1381019200451139,,,0.2842348551295497,0.1322966733149119,0.3586509109142519,0.0098738660932059,1.607354484732662,sample_macro,seqkd,40,0.0209224603897226,,,-0.2815009122895675,0.024881870831762,-0.3580966080698999,0.0022880583494782,1.6073175371757575,mmlu,0.0221755179538324,,0.0645431970224016,0.0373285222485927,0.0713468657158539,0.1271648989478125,qwen,1.0,0.0,0.0,5.0,1.0,4.0,190.05785714285716,1.0,1.7630747224935996,,,2.021953800697345,1.2759282862075738,2.208460179319788,1.5761908117366856,4.738105390071869,-0.3024233726792901,-0.2837889706390457,0.042367679068569204,,,E_mmluPro,E_mmluPro,domain_matched_not_item_matched,0.05,18,5,equal5_non_qk,"mlp.down_proj,mlp.gate_proj,mlp.up_proj,self_attn.o_proj,self_attn.v_proj","self_attn.q_proj,self_attn.k_proj",True,955.4,954.4,955.4,1.0,-0.0006983845571022,-0.0010477787091366,-0.0029110107500858,0.0022126261929836,3.3970798995142105e-06,9.892868183669634e-06,3.918674156011548e-05,0.00014910937243254593,5.0,"mlp.down_proj,mlp.gate_proj,mlp.up_proj,self_attn.o_proj,self_attn.v_proj","self_attn.q_proj,self_attn.k_proj",equal_mean_of_per_module_scores,deployed_BF16_merged_minus_base,True,True,,,NA_NO_KL_C_IN_FAT_R1_V2,0.3385714285714286,0.5435714285714286,0.20500000000000002,0.49,0.9489795918367347,400.0,0.2857142857142857,286.0,0.2042857142857143,0.0,0.0,S1_mmlupro_flexible+S1_mmlupro_extract_audit
0.1582762829507035,,,0.1968858180056392,0.1585510856126035,0.2314771629314054,0.0127258768003069,2.082189411457096,sample_macro,seqkd,80,0.013346557396331,,,-0.1146934275215025,0.0780679024330207,-0.1628837600101334,0.0067559365998562,2.082189411457096,mmlu,0.0358881136314344,,0.0944860517533628,0.0457111174069411,0.1066797853399683,0.1905131418297865,qwen,1.0,0.0,0.0,5.0,1.0,4.0,190.05785714285716,1.0,1.755498819500208,,,2.1887612854654104,1.3291143178088325,2.4036730273795546,1.5806586899870636,5.212977264353207,-0.1280399849178335,-0.12144936412135869,0.05859793812192841,,,E_mmluPro,E_mmluPro,domain_matched_not_item_matched,0.05,18,5,equal5_non_qk,"mlp.down_proj,mlp.gate_proj,mlp.up_proj,self_attn.o_proj,self_attn.v_proj","self_attn.q_proj,self_attn.k_proj",True,950.2,954.4,950.2,-4.2,0.005620146499248,0.0044006705783737,0.0087878300830235,-0.0031676835837754,3.53447251200123e-06,1.0620762304824894e-05,4.641468731279019e-05,0.00016968129784797342,5.0,"mlp.down_proj,mlp.gate_proj,mlp.up_proj,self_attn.o_proj,self_attn.v_proj","self_attn.q_proj,self_attn.k_proj",equal_mean_of_per_module_scores,deployed_BF16_merged_minus_base,True,True,,,NA_NO_KL_C_IN_FAT_R1_V2,0.3957142857142857,0.5507142857142857,0.15500000000000003,0.4021428571428571,0.9396092362344582,237.0,0.1692857142857143,326.0,0.2328571428571428,0.0,0.0,S1_mmlupro_flexible+S1_mmlupro_extract_audit
0.1928492640477737,,,0.1745111422348168,0.1702299037788595,0.1936015321897658,0.0146117682684131,1.9236029339049543,sample_macro,seqkd,160,0.0125390867050737,,,0.0658606173945258,0.0391731550650937,0.0725324829768838,0.003462570906727,1.9236029339049543,mmlu,0.0437351307775159,,0.1334494025694605,0.0588430191859203,0.1521009984153455,0.2208021748598132,qwen,1.0,0.0,0.0,5.0,1.0,4.0,190.05785714285716,1.0,1.7546913488089506,,,2.3693153303814385,1.2902195704409054,2.639089270366572,1.5773653242939345,5.054390786801066,0.0533215306894521,0.0623980464877988,0.0897142717919446,,,E_mmluPro,E_mmluPro,domain_matched_not_item_matched,0.05,18,5,equal5_non_qk,"mlp.down_proj,mlp.gate_proj,mlp.up_proj,self_attn.o_proj,self_attn.v_proj","self_attn.q_proj,self_attn.k_proj",True,940.0,954.4,940.0,-14.4,0.0181099487881877,0.0150880134115674,0.0296681615229717,-0.0115582127347839,2.45481497813671e-06,1.1675141240630183e-05,4.47791446276824e-05,0.00017383026279271563,5.0,"mlp.down_proj,mlp.gate_proj,mlp.up_proj,self_attn.o_proj,self_attn.v_proj","self_attn.q_proj,self_attn.k_proj",equal_mean_of_per_module_scores,deployed_BF16_merged_minus_base,True,True,,,NA_NO_KL_C_IN_FAT_R1_V2,0.3664285714285714,0.5542857142857143,0.1878571428571429,0.4407142857142857,0.9611021069692058,342.0,0.2442857142857142,274.0,0.1957142857142857,1.0,0.0007142857142857,S1_mmlupro_flexible+S1_mmlupro_extract_audit
0.2221843950955995,,,0.2552200844245629,0.2217776428163051,0.3358555698002705,0.0178839304309394,2.015149398169348,sample_macro,seqkd,320,0.0086997302328901,,,0.2485424522443874,-0.0861152526949133,0.3322068784792125,-0.0009236403537641,2.015149398169348,mmlu,0.0560134664046511,,0.1513097933295981,0.0857362494338303,0.16770317930354,0.2692712489449019,qwen,1.0,0.0,0.0,5.0,1.0,4.0,190.05785714285716,1.0,1.7508519923367671,,,2.5519971652313003,1.1649311626808985,2.8987636658689007,1.572979113033443,5.145937251065458,0.23984272201149728,0.2494660925981515,0.095296326924947,,,E_mmluPro,E_mmluPro,domain_matched_not_item_matched,0.05,18,5,equal5_non_qk,"mlp.down_proj,mlp.gate_proj,mlp.up_proj,self_attn.o_proj,self_attn.v_proj","self_attn.q_proj,self_attn.k_proj",True,931.4,954.4,931.4,-23.0,0.0286596377530337,0.0240989103101425,0.0468014226428765,-0.0181417848898428,2.899913977216784e-06,1.4657237306892057e-05,5.014426915295189e-05,0.00018504709296391226,5.0,"mlp.down_proj,mlp.gate_proj,mlp.up_proj,self_attn.o_proj,self_attn.v_proj","self_attn.q_proj,self_attn.k_proj",equal_mean_of_per_module_scores,deployed_BF16_merged_minus_base,True,True,,,NA_NO_KL_C_IN_FAT_R1_V2,0.3278571428571428,0.5728571428571428,0.24500000000000005,0.4957142857142856,0.9711815561959656,427.0,0.305,267.0,0.1907142857142857,0.0,0.0,S1_mmlupro_flexible+S1_mmlupro_extract_audit
0.2385163826043052,,,0.3520307748314059,0.2345686287965093,0.4636433923213293,0.0189754659692263,1.9608615222360408,sample_macro,seqkd,480,0.0142349122065518,,,0.3505028833956125,-0.0999842625856399,0.4631246698909256,-0.0016789552588081,1.9606631736457347,mmlu,0.0611775585082691,,0.190871160654218,0.0961030693738055,0.2145631834743211,0.2965790669008025,qwen,1.0,0.0,0.0,5.0,1.0,4.0,190.05785714285716,1.0,1.756387174310429,,,2.6539575963825253,1.1510621527901717,3.029681457280614,1.5722237981283993,5.091451026541846,0.33626797118906065,0.3521818386544206,0.12969360214594888,,,E_mmluPro,E_mmluPro,domain_matched_not_item_matched,0.05,18,5,equal5_non_qk,"mlp.down_proj,mlp.gate_proj,mlp.up_proj,self_attn.o_proj,self_attn.v_proj","self_attn.q_proj,self_attn.k_proj",True,929.4,954.4,929.4,-25.0,0.031348475987978,0.0261944677284157,0.0523148235642663,-0.0209663475762883,3.767640941987338e-06,1.909940997393278e-05,5.930251827520609e-05,0.00020115904480913372,5.0,"mlp.down_proj,mlp.gate_proj,mlp.up_proj,self_attn.o_proj,self_attn.v_proj","self_attn.q_proj,self_attn.k_proj",equal_mean_of_per_module_scores,deployed_BF16_merged_minus_base,True,True,,,NA_NO_KL_C_IN_FAT_R1_V2,0.2735714285714286,0.5721428571428572,0.2985714285714286,0.5707142857142857,0.9699624530663328,547.0,0.3907142857142857,252.0,0.18,0.0,0.0,S1_mmlupro_flexible+S1_mmlupro_extract_audit
0.2566811701588864,,,0.4028581359435338,0.2473165897599288,0.5292900877733232,0.0205351992157642,1.9723566779281407,sample_macro,seqkd,624,0.0086603407308991,,,0.4022097539652604,-0.1048332313341753,0.5289705002901194,-0.0021332958718991,1.9720800333576545,mmlu,0.0696247782834273,,0.1923447204251673,0.1087041871662118,0.2132548537399062,0.3169077171252242,qwen,1.0,0.0,0.0,5.0,1.0,4.0,190.05785714285716,1.0,1.750812602834776,,,2.705664466952173,1.1462131840416363,3.095527287679808,1.571769457515308,5.102867886253765,0.39354941323436127,0.40434304983715946,0.12271994214174,,,E_mmluPro,E_mmluPro,domain_matched_not_item_matched,0.05,18,5,equal5_non_qk,"mlp.down_proj,mlp.gate_proj,mlp.up_proj,self_attn.o_proj,self_attn.v_proj","self_attn.q_proj,self_attn.k_proj",True,928.4,954.4,928.4,-26.0,0.0328112574085986,0.0272422464375523,0.0557718320740082,-0.0229605746654095,4.115773185731086e-06,2.012438762903912e-05,6.278152286539174e-05,0.00020977224776286087,5.0,"mlp.down_proj,mlp.gate_proj,mlp.up_proj,self_attn.o_proj,self_attn.v_proj","self_attn.q_proj,self_attn.k_proj",equal_mean_of_per_module_scores,deployed_BF16_merged_minus_base,True,True,,,NA_NO_KL_C_IN_FAT_R1_V2,0.3057142857142857,0.5814285714285714,0.2757142857142857,0.5407142857142857,0.9735799207397622,470.0,0.3357142857142857,287.0,0.205,0.0,0.0,S1_mmlupro_flexible+S1_mmlupro_extract_audit
0.0362246812401072,,,0.0225412497268323,0.0458173349499701,0.0233137627296049,0.0030789035632781,0.0535400875338485,sample_macro,sft,5,0.0032199370541742,,,-0.0016055307587209,-0.0011854399527822,-0.0017105534602056,5.209316247347332e-05,0.0100405118933745,mmlu,0.0012891170927468,,0.0016050337157533,0.0026604723179226,0.001341174065211,0.0015754965450364,qwen,1.0,0.0,0.0,5.0,1.0,4.0,190.05785714285716,1.0,1.745372199158051,,,2.301849182228192,1.2498609754230294,2.564846233929482,1.5739548465496809,3.140828364789486,-0.0048254678128951,-0.0016576239211943734,0.0003159166230065,,,E_mmluPro,E_mmluPro,domain_matched_not_item_matched,0.05,18,5,equal5_non_qk,"mlp.down_proj,mlp.gate_proj,mlp.up_proj,self_attn.o_proj,self_attn.v_proj","self_attn.q_proj,self_attn.k_proj",True,954.6,954.4,954.6,0.2,-0.0002735978112175,-0.0002095557418273,-0.0001954270080125,-7.817080320500293e-05,1.2271241530470433e-06,5.599032556347084e-06,2.434365433146013e-05,0.00010289016936438557,5.0,"mlp.down_proj,mlp.gate_proj,mlp.up_proj,self_attn.o_proj,self_attn.v_proj","self_attn.q_proj,self_attn.k_proj",equal_mean_of_per_module_scores,deployed_BF16_merged_minus_base,True,True,,,NA_NO_KL_C_IN_FAT_R1_V2,0.4842857142857142,0.5242857142857142,0.040000000000000036,0.1257142857142856,0.7215909090909091,116.0,0.0828571428571428,28.0,0.02,32.0,0.0228571428571428,S1_mmlupro_flexible+S1_mmlupro_extract_audit
0.0403396737256219,,,0.0269995181744452,0.0575885688832827,0.0282533895660474,0.0032305630034011,0.0560446467569895,sample_macro,sft,10,0.0027635760818208,,,-0.0127795164922717,-0.0057920421021325,-0.0145263850898065,-0.0001281017410224,-0.0076013943978718,mmlu,0.0013970373007525,,0.0018812390509707,0.0033767936429687,0.0015073504029712,0.0018097759320412,qwen,1.0,0.0,0.0,5.0,1.0,4.0,190.05785714285716,1.0,1.7449158381856975,,,2.290675196494641,1.2452543732736792,2.5520304022998817,1.5737746516461848,3.1231864584982394,-0.0155430925740925,-0.0126514147512493,0.0004842017502181999,,,E_mmluPro,E_mmluPro,domain_matched_not_item_matched,0.05,18,5,equal5_non_qk,"mlp.down_proj,mlp.gate_proj,mlp.up_proj,self_attn.o_proj,self_attn.v_proj","self_attn.q_proj,self_attn.k_proj",True,954.8,954.4,954.8,0.4,-0.0005205113914644,-0.0004191114836546,-0.000371793851046,-0.0001487175404184,,,,,,,,,,True,False,QWEN_PK_STEP10_MISSING_MATCHED_EXCLUSION,,NA_NO_KL_C_IN_FAT_R1_V2,0.4814285714285714,0.5135714285714286,0.032142857142857195,0.1235714285714285,0.7225433526011561,111.0,0.0792857142857142,26.0,0.0185714285714285,36.0,0.0257142857142857,S1_mmlupro_flexible+S1_mmlupro_extract_audit
0.0490013813839426,,,0.0892672928092069,0.0788467523029872,0.1009299052351187,0.0045309491811991,0.1104682714172771,sample_macro,sft,20,0.0132597666526479,,,-0.0876425895114162,-0.0399563883883612,-0.09956413979218,-0.0016865925141269,0.008058006465435,mmlu,0.0029278085806435,,0.0065353728716508,0.0084812691903581,0.006048898791974,0.0095986038811886,qwen,1.0,0.0,0.0,5.0,1.0,4.0,190.05785714285716,1.0,1.755412028756525,,,2.2158121234754966,1.2110900269874505,2.466992647597508,1.5722161608730802,3.1388458593615463,-0.1009023561640641,-0.0859559969972893,0.0036075642910073005,,,E_mmluPro,E_mmluPro,domain_matched_not_item_matched,0.05,18,5,equal5_non_qk,"mlp.down_proj,mlp.gate_proj,mlp.up_proj,self_attn.o_proj,self_attn.v_proj","self_attn.q_proj,self_attn.k_proj",True,955.4,954.4,955.4,1.0,-0.0011971508079093,-0.0010477787091366,-0.0020357452642091,0.0008385944562998,2.5310859882665682e-06,6.856363097540452e-06,2.9045193514321e-05,0.0001157367667474238,5.0,"mlp.down_proj,mlp.gate_proj,mlp.up_proj,self_attn.o_proj,self_attn.v_proj","self_attn.q_proj,self_attn.k_proj",equal_mean_of_per_module_scores,deployed_BF16_merged_minus_base,True,True,,,NA_NO_KL_C_IN_FAT_R1_V2,0.4764285714285714,0.5014285714285714,0.025000000000000022,0.1257142857142856,0.5795454545454546,89.0,0.0635714285714285,35.0,0.025,52.0,0.0371428571428571,S1_mmlupro_flexible+S1_mmlupro_extract_audit
0.0730561194861573,,,0.2319782066410074,0.1606492861041,0.2525898002169144,0.0064058809227932,0.4481967301666736,sample_macro,sft,40,0.017342891903328,,,-0.2319355141436348,-0.1493259852060249,-0.2525878963780373,-0.0005541985487912,0.4379287225646632,mmlu,0.0074094382989693,,0.0250311856377811,0.0243196834342753,0.0252090611886575,0.0317315467829549,qwen,1.0,0.0,0.0,5.0,1.0,4.0,190.05785714285716,1.0,1.759495154007205,,,2.0715191988432777,1.1017204301697867,2.3139688910116507,1.5733485548384158,3.5687165754607744,-0.2492784060469628,-0.2313813155948436,0.017621747338811798,,,E_mmluPro,E_mmluPro,domain_matched_not_item_matched,0.05,18,5,equal5_non_qk,"mlp.down_proj,mlp.gate_proj,mlp.up_proj,self_attn.o_proj,self_attn.v_proj","self_attn.q_proj,self_attn.k_proj",True,957.2,954.4,957.2,2.8,-0.0032533354471492,-0.0029337803855826,-0.0059166132158219,0.0026632777686726,2.515096116439963e-06,8.42599583847914e-06,3.7679461820516734e-05,0.00012714044132734525,5.0,"mlp.down_proj,mlp.gate_proj,mlp.up_proj,self_attn.o_proj,self_attn.v_proj","self_attn.q_proj,self_attn.k_proj",equal_mean_of_per_module_scores,deployed_BF16_merged_minus_base,True,True,,,NA_NO_KL_C_IN_FAT_R1_V2,0.4442857142857143,0.4985714285714285,0.054285714285714215,0.1678571428571428,0.7446808510638298,137.0,0.0978571428571428,61.0,0.0435714285714285,37.0,0.0264285714285714,S1_mmlupro_flexible+S1_mmlupro_extract_audit
0.1298554177768528,,,0.220125003079102,0.1528540060988494,0.2595587607684553,0.0112061320423747,1.8257748187652656,sample_macro,sft,80,0.0156454368707324,,,-0.2033626453228727,-0.0223847719814096,-0.2486071136582384,-0.0024894230378825,1.8257544240994112,mmlu,0.0245792452804743,,0.0764459292577354,0.0554704127477348,0.0816898083852356,0.1440297779041741,qwen,1.0,0.0,0.0,5.0,1.0,4.0,190.05785714285716,1.0,1.7577976989746094,,,2.10009206766404,1.2286616433944022,2.3179496737314498,1.5714133303493245,4.956542276995522,-0.21900808219360512,-0.20087322228499022,0.0518666839772611,,,E_mmluPro,E_mmluPro,domain_matched_not_item_matched,0.05,18,5,equal5_non_qk,"mlp.down_proj,mlp.gate_proj,mlp.up_proj,self_attn.o_proj,self_attn.v_proj","self_attn.q_proj,self_attn.k_proj",True,955.0,954.4,955.0,0.6,-0.0001805127821469,-0.000628667225482,-0.0001289377015335,-5.157508061340787e-05,4.106471487830277e-06,1.200815531774424e-05,4.92631501401651e-05,0.0001577627946971643,5.0,"mlp.down_proj,mlp.gate_proj,mlp.up_proj,self_attn.o_proj,self_attn.v_proj","self_attn.q_proj,self_attn.k_proj",equal_mean_of_per_module_scores,deployed_BF16_merged_minus_base,True,True,,,NA_NO_KL_C_IN_FAT_R1_V2,0.475,0.5428571428571428,0.06785714285714284,0.2271428571428571,0.9025157232704404,141.0,0.1007142857142857,173.0,0.1235714285714285,4.0,0.0028571428571428,S1_mmlupro_flexible+S1_mmlupro_extract_audit
0.163786160038518,,,0.1709367396850471,0.1683499261949743,0.1874629303021771,0.0157671097813657,1.9912769361266067,sample_macro,sft,160,-0.0196709059790841,,,-0.0121512073246163,0.0250559907087257,-0.0214530068329518,-0.0114530627796389,1.9902326259655607,mmlu,0.0299255282792727,,0.0923274794794685,0.0625120460376741,0.0997813378399171,0.1875500627766762,qwen,1.0,0.0,0.0,5.0,1.0,4.0,190.05785714285716,1.0,1.7224813561247927,,,2.291303505662297,1.2761024060845374,2.5451037805567363,1.5624496906075682,5.121020478861673,0.007519698654467801,-0.0006981445449773995,0.0624019512001958,,,E_mmluPro,E_mmluPro,domain_matched_not_item_matched,0.05,18,5,equal5_non_qk,"mlp.down_proj,mlp.gate_proj,mlp.up_proj,self_attn.o_proj,self_attn.v_proj","self_attn.q_proj,self_attn.k_proj",True,952.2,954.4,952.2,-2.2,0.0034781637440338,0.0023051131601005,0.0072578424007277,-0.0037796786566938,4.8564069629719596e-06,1.4798550546402112e-05,5.592345187322824e-05,0.00017985106969716234,5.0,"mlp.down_proj,mlp.gate_proj,mlp.up_proj,self_attn.o_proj,self_attn.v_proj","self_attn.q_proj,self_attn.k_proj",equal_mean_of_per_module_scores,deployed_BF16_merged_minus_base,True,True,,,NA_NO_KL_C_IN_FAT_R1_V2,0.5021428571428571,0.5657142857142857,0.06357142857142861,0.1999999999999999,0.8928571428571429,86.0,0.0614285714285714,193.0,0.1378571428571428,1.0,0.0007142857142857,S1_mmlupro_flexible+S1_mmlupro_extract_audit
0.1601703377387353,,,0.1810487124640826,0.1836526262760162,0.2231749342605221,0.0234981368124283,1.6392016324613776,sample_macro,sft,320,-0.0049497409643871,,,0.1373054012800234,-0.0684711024165153,0.1887495272041581,-0.0213528335924762,1.6369796922164304,mmlu,0.0292626388806716,,0.0905685954850632,0.0645031277419599,0.097084962420839,0.1573572823704619,qwen,1.0,0.0,0.0,5.0,1.0,4.0,190.05785714285716,1.0,1.7372025211394897,,,2.4407601142669364,1.1825753129592964,2.755306314593846,1.552549919794731,4.767767545112542,0.1422551422444105,0.15865823487249958,0.0613059566043916,,,E_mmluPro,E_mmluPro,domain_matched_not_item_matched,0.05,18,5,equal5_non_qk,"mlp.down_proj,mlp.gate_proj,mlp.up_proj,self_attn.o_proj,self_attn.v_proj","self_attn.q_proj,self_attn.k_proj",True,948.8,954.4,948.8,-5.6,0.0075611608260551,0.0058675607711651,0.0161283461585774,-0.0085671853325222,4.044238585265702e-06,1.4895293679728638e-05,5.377802372093646e-05,0.00017464617994844382,5.0,"mlp.down_proj,mlp.gate_proj,mlp.up_proj,self_attn.o_proj,self_attn.v_proj","self_attn.q_proj,self_attn.k_proj",equal_mean_of_per_module_scores,deployed_BF16_merged_minus_base,True,True,,,NA_NO_KL_C_IN_FAT_R1_V2,0.4964285714285714,0.5692857142857143,0.0728571428571429,0.2242857142857143,0.9331210191082804,125.0,0.0892857142857142,189.0,0.135,0.0,0.0,S1_mmlupro_flexible+S1_mmlupro_extract_audit
0.1770666843998644,,,0.2052160091448375,0.1908295038555349,0.2630773611985828,0.0255965425351378,1.609477413828884,sample_macro,sft,480,-0.0140758265049329,,,0.1815645760433814,-0.0823144975091729,0.24753434443152,-0.0234172583480659,1.6086937244662216,mmlu,0.0344614428162042,,0.093789312100753,0.0586393490739698,0.1025768028574488,0.1872863677110788,qwen,1.0,0.0,0.0,5.0,1.0,4.0,190.05785714285716,1.0,1.728076435598944,,,2.4850192890302942,1.1687319178666389,2.814091131821208,1.5504854950391411,4.739481577362333,0.19564040254831427,0.2049818343914473,0.0593278692845488,,,E_mmluPro,E_mmluPro,domain_matched_not_item_matched,0.05,18,5,equal5_non_qk,"mlp.down_proj,mlp.gate_proj,mlp.up_proj,self_attn.o_proj,self_attn.v_proj","self_attn.q_proj,self_attn.k_proj",True,946.8,954.4,946.8,-7.6,0.0101058450437918,0.0079631181894384,0.020358142380545,-0.0102522973367532,4.665313690566109e-06,1.6026916273403913e-05,5.893479392397996e-05,0.00018609695980553433,5.0,"mlp.down_proj,mlp.gate_proj,mlp.up_proj,self_attn.o_proj,self_attn.v_proj","self_attn.q_proj,self_attn.k_proj",equal_mean_of_per_module_scores,deployed_BF16_merged_minus_base,True,True,,,NA_NO_KL_C_IN_FAT_R1_V2,0.4378571428571428,0.5678571428571428,0.13000000000000006,0.305,0.9625292740046838,249.0,0.1778571428571428,178.0,0.1271428571428571,0.0,0.0,S1_mmlupro_flexible+S1_mmlupro_extract_audit
0.1751204440902386,,,0.2072149513498547,0.1909573067298957,0.2665950044253258,0.0262977335520919,1.6120766564139295,sample_macro,sft,624,-0.0122236206861478,,,0.1842324226258122,-0.0835340029639856,0.2511740290232617,-0.0243667993389312,1.6112564185048852,mmlu,0.0339115999768753,,0.09505036587782,0.0581929012148507,0.1042647320435623,0.1855887102861223,qwen,1.0,0.0,0.0,5.0,1.0,4.0,190.05785714285716,1.0,1.729928641417729,,,2.487687135612725,1.167512412411826,2.8177308164129498,1.549535954048276,4.742044271400997,0.19645604331195998,0.2085992219647434,0.0611387659009447,,,E_mmluPro,E_mmluPro,domain_matched_not_item_matched,0.05,18,5,equal5_non_qk,"mlp.down_proj,mlp.gate_proj,mlp.up_proj,self_attn.o_proj,self_attn.v_proj","self_attn.q_proj,self_attn.k_proj",True,947.0,954.4,947.0,-7.4,0.0099497170188113,0.007753562447611,0.0202466223627018,-0.0102969053438904,4.447995434020413e-06,1.5920502391963964e-05,5.839227269460613e-05,0.00018593186105134098,5.0,"mlp.down_proj,mlp.gate_proj,mlp.up_proj,self_attn.o_proj,self_attn.v_proj","self_attn.q_proj,self_attn.k_proj",equal_mean_of_per_module_scores,deployed_BF16_merged_minus_base,True,True,,,NA_NO_KL_C_IN_FAT_R1_V2,0.44,0.5664285714285714,0.1264285714285714,0.2864285714285715,0.9625935162094764,224.0,0.16,177.0,0.1264285714285714,0.0,0.0,S1_mmlupro_flexible+S1_mmlupro_extract_audit
