relative_path,size_bytes,sha256
README.md,1366,a4e56f05ed9d611146d84678e85027751c51f3b8e8835b5ecd6a5dcd00be21c9
cycle09/mini/M6_behavior.csv,4123,cc631ee773912312fe1dc9d49ecc7f58280a8effe45a962c716cb24eec24a96f
cycle09/mini/M6_geometry_r_epsilon.csv,14204926,cc0541f365ca7cd4d39c735795abd5ee9fe69d1daaad6557350317017af0ff4b
cycle09/mini/M6_supplement_manifest.json,267,6f6a1681779b9b0d72f432f5e48c8fc00dfdd0cf33c7afc85af3a553d7b500cf
cycle09/mini/d11_e5_e7_family_llama_manifest.json,406,7219c5ea9f70c5d0bbed6fbfbfc49a803a533093d85bf7a4e383d0432a286c79
cycle09/mini/d11_e5_e7_family_qwen_manifest.json,405,4e896b8afaebefb456b1ceb60757a06488bfa0fe7609ed7dd94f9a619d8cbfe8
cycle09/mini/d11_e5_e7_manifest.json,2209,510f50b02688da8f4be8be108616bac7a54c14e4d50403091a1ced9bbdc64cea
cycle09/mini/d11_e5_e7_optional_handoff.md,2614,02d5e2342ed2062e041b31cc04422d5443696d7b032332713552f39f716b9ca8
cycle09/mini/d11_e5_layer_robustness.csv,1352893,e76159e769dd402cf8be959bdac09003d2f34584bea9cc4c6f12293b6042e5a6
cycle09/mini/d11_e5_layer_robustness_summary.csv,85278,eb19434dda44506c42dd48d18f09cd121591541ce919a1c1ea93ae7d36a3eb50
cycle09/mini/d11_e6_alpha_sensitivity.csv,832761,d64dca8109a3d76d9fb34206cbe151cbd811902ec5b78fb21ecb78599030eec5
cycle09/mini/d11_e6_alpha_sensitivity_summary.csv,17600,810194b4af86b1f5e7c9c82a14dfc839a5cf02dab053806769d1abada50a900c
cycle09/mini/d11_e7_spectrum_matched_null.csv,149459,e58f37cfbedcf124bbd9e243e5dc63c23a3aa54a1bb3a512c825c59815abcece
cycle09/mini/d11_e7_spectrum_matched_null_summary.csv,14230,130f8723f1455443ac120c8b664b42557d858e3fdd021ebab9ef1130d8bafb58
cycle09/mini/d11_family_llama_manifest.json,637,49995db1c78c9de95fec9aaa03b08e78205d7d2c5d1497393ced2bc996859fa5
cycle09/mini/d11_family_qwen_manifest.json,632,c610a779d2cfcd4824aa8b605c99988fef23fd1328a42f1afbbc501d1a726430
cycle09/mini/d11_llama_merged_pk.csv,273530,0c3aea57656a45eed28a32f0f4d041b273d7b4de7087dfe510ecfadbc60c4b6d
cycle09/mini/d11_modelwise_and_crossmodel_summary.md,6525,c9ba36d75dce786c5025abee87836a5dbd719f7641e5b9be611486c329d973e1
cycle09/mini/d11_pk_tpnt_full_handoff.md,6885,3734dc243b5867bb86f7f5f41f6571c2a15b010b773d48e36215dc5c1671804c
cycle09/mini/d11_pk_tpnt_manifest.json,3125,f4acd6beb2864693d9da764dbcf534c0504572752f89543b93ce4b6a323013b6
cycle09/mini/d11_same_cell_feature_matrix.csv,129766,55ddfbb12391db842f91c604999b1fb5dc33f884b6c81538e0e9f0bb561481ea
cycle09/mini/d11_same_cell_incremental_comparison.csv,18681,0cc6ab530a317b7ecc96cf130bb99d5f258f8717cd20d6f2afbef00ff92981e9
cycle09/mini/d11_tpnt_angles_pabs_nss.csv,3028586,ec9b40ffec91d28b8c91948a4c44be03438d6fa1cfd1d11be91f51eb492d3439
cycle09/mini/d11_tpnt_principal_mask.csv,920036,2f01150f49f82ce2ee0851319864b6b6860e278261481ffd184d707030b97a0b
cycle09/mini/equal5_non_qk/EQUAL5_checkpoint_demeaned_correlations.csv,3774,00e2ea71eaf815f6ed70bc68182c1138976e34ea74a8082a059e92b405e16db1
cycle09/mini/equal5_non_qk/EQUAL5_coverage_inventory.csv,2285143,c5b82982eb26c63b8c76349ea7c589225616a270bbafa45882a4a1d87f9e86a5
cycle09/mini/equal5_non_qk/EQUAL5_d11_parity_metrics.csv,10537,84000f31a057a5ebdb266b8a0cb38a5d5a7b1b18ef47d57d4416fe09649306df
cycle09/mini/equal5_non_qk/EQUAL5_dominance_cells.csv,6734,74b70505319e01d0795f18a2ef9505199ce42ade4831b3579d65516fe252abc4
cycle09/mini/equal5_non_qk/EQUAL5_dominance_summary.csv,912,4c0ffc5d45bf221b802596592a27e9272a504b8f22cc502fb95e3572813b4eb0
cycle09/mini/equal5_non_qk/EQUAL5_equal7_paired_comparison.csv,191352,24af89fe5885494855e3489cd0bdb965dc3660696ecc19d9e64b157bceb8f4a5
cycle09/mini/equal5_non_qk/EQUAL5_functional_cells.csv,2118133,1a8e551d3eb0cb5703f3a8bac69ba419db05676a0896e84ac6dee3569949d1fe
cycle09/mini/equal5_non_qk/EQUAL5_functional_trajectories.csv,2659841,6ff5e97002b16f0cb8ba593668507eacd1043727c1be72357aa9ec53a55a4cbe
cycle09/mini/equal5_non_qk/EQUAL5_manifest.json,15409,14944a77964adce019eaf79197843d480abc48df7937b2f4ba410c4b5bdddb16
cycle09/mini/equal5_non_qk/EQUAL5_ncd.csv,2433,c6b8472d57c8daccf1edc03519c4c70cfdc6a6b5644c5575de4b18347d79a2f0
cycle09/mini/equal5_non_qk/EQUAL5_nested_folds.csv,71785,fcafb34163c3bd43230d982862c6a0d0f579a9971e24d0e2bf556850cc8b2927
cycle09/mini/equal5_non_qk/EQUAL5_nested_metrics.csv,15572,826a9043865ff9a16449af9ee20371a4c3d022d8c0b72e45151ef3a85f24917b
cycle09/mini/equal5_non_qk/EQUAL5_nested_predictions.parquet,24304,fb3ff057f7d56eacf05e943b32e0b68aa0d8d491736d4e1c0ab98f679cc0dfbc
cycle09/mini/equal5_non_qk/EQUAL5_output_link_correlations.csv,53204,1df72b4e169a1a30ac20988236f75607715d34bdb80f5e35ae7fd8299af73bd2
cycle09/mini/equal5_non_qk/EQUAL5_spectrum_robustness.csv,86822,6edf384f7e9182159ae35e35b5a5328db28fae2dc6242f9fd672c150dbd01fc8
cycle09/mini/equal5_non_qk/EQUAL5_support_controls.csv,450,35a11b0eb02eb8c2e2dcd711ad042eb946661ed8698553e60fb15b4bc4eec721
cycle09/mini/equal5_non_qk/EQUAL5_theory_handoff.md,69136,42dacbfec323c5670bc7cc3996c39660fda0d6d0fe3e6d396588c1307598be0f
cycle09/mini/equal5_non_qk/EQUAL5_weight_baselines_aggregate.csv,834342,8f3d1874efab9d166c88dc7691884d01c4712d16f499da32b8ac8d599f5c8a24
cycle09/mini/equal5_non_qk/EQUAL5_weight_baselines_module.csv,7866849,d4b5f30356d11386a2e4d4c1316ea16a06889f45aceede969be3db1834311445
cycle09/mini/fat_outlink_round1_v2_link_equal5/equal5_behavior_join.csv,81005,313a88a0aa4c7a2eb48d0b1758064233df84fc888019d1337d1a386c711e4cb6
cycle09/mini/fat_outlink_round1_v2_link_equal5/equal5_checkpoint_demeaned_correlations.csv,27293,8cc64411bb838a6efeb2759c159dd0d875bbd4eb63417224b7a2772d1c74006b
cycle09/mini/fat_outlink_round1_v2_link_equal5/equal5_coverage_audit.csv,1166,283ce4831256b487547020209dd4dc7587ee5e5fec074eb47a4f39161a7a4421
cycle09/mini/fat_outlink_round1_v2_link_equal5/equal5_epsilon_sensitivity.csv,60923,904f2ecf1378d45fc2a871ae9a51117714adf268281c741a7c15cf1d618e5d65
cycle09/mini/fat_outlink_round1_v2_link_equal5/equal5_feature_matrix.csv,129826,38404dec2f61ce157be84650e9b7ad005b92059798970b8c2a622d1c260b776e
cycle09/mini/fat_outlink_round1_v2_link_equal5/equal5_foldwise_results.csv,577730,9191e4fadf02b393ec10e0e60c8aeb78ad68c0694bd7025df923a9aab1c6e61e
cycle09/mini/fat_outlink_round1_v2_link_equal5/equal5_format_realization_table.csv,1078,4e64178c3c1390671b6f9ac5b1354a81233ab8f12cecfce76506adf4809911e6
cycle09/mini/fat_outlink_round1_v2_link_equal5/equal5_grouped_predictions.parquet,251597,0e8599b097faa6ad473c234213c52062755757d436f4191b6a93db11e94594e8
cycle09/mini/fat_outlink_round1_v2_link_equal5/equal5_incremental_grouped_models.csv,39749,8a14923df803621de50a0a3ec28e6492c95d2f08393d48ff880939892d1f08bd
cycle09/mini/fat_outlink_round1_v2_link_equal5/equal5_progress_residual_diagnostic.csv,134052,76386e652f7bf3228795955891d65002829ae7c3e0a4ecb258abd32451db99d7
cycle09/mini/fat_outlink_round1_v2_link_equal5/equal5_related_work_metrics.csv,15200,acad85d8c0ad1bcccaadc691ba64af9818d486e2c97ff999d5624c5c772b7a58
cycle09/mini/fat_outlink_round1_v2_link_equal5/equal5_standalone_correlations.csv,109392,9570e3ae947aa7991593895b1c16ffdbd00ef1b4e93989824f123aff43385d8a
cycle09/mini/fat_outlink_round1_v2_link_equal5/equal5_standalone_grouped_models.csv,62846,ba99433b7c43d01cc09e3a6a5de132638f3d6755b892ccab772fa8a1a632bb2a
cycle09/mini/fat_outlink_round1_v2_link_equal5/equal5_task_status.csv,435,bb908a33fab8043d4c4fa71fae911db9f0120e479bbaab8e69375d79f7b12e0b
cycle09/mini/fat_outlink_round1_v2_link_equal5/equal5_vs_equal7_paired.csv,183199,1b35759771374dade0bead03edc2fe7bde4cdefaee5f15273814461f985f9309
cycle09/mini/fat_outlink_round1_v2_link_equal5/fat_r1_v2_documentation_correction.json,935,8f437bd84fa5e4038edbb2c6a45fa52f3f98556ab62f88af1c55eaf5aece7fa6
cycle09/mini/fat_outlink_round1_v2_link_equal5/fat_r1_v2_documentation_correction.md,525,938c2321daa6e1f896a15c0ed5861441f1c87bfcd3a78043fd812b2d301c1c2e
cycle09/mini/fat_outlink_round1_v2_link_equal5/fat_r1_v2_equal5_handoff.md,14945,b3fcd8655a86f3b24d1c64a6999fb5a701b8f44ed33ff82c4e434e0ecff95410
cycle09/mini/fat_outlink_round1_v2_link_equal5/fat_r1_v2_equal5_manifest.json,13263,b9cf3585b45d992d4882d6b8b771481c5f1a2b8983f69e8813eed230b1ff5074
cycle09/mini/llama_early_320_r_epsilon.csv,686084,2acbef6da7babc510d9e4ece91f89f8e04fa0bc74c88677d65569e840f214131
cycle09/mini/llama_early_320_raw_representation_suite.csv,71274,b8172677248e26c851dd71c42b4bbbd7193851b12eadd381bad59cda07e680ae
cycle09/mini/llama_frozen_self_behavior.csv,29983,0258e565a859bd4a26066faac4f5b94349dcf56d5cdef4303b478f82a3232307
cycle09/mini/llama_frozen_self_behavior_manifest.json,2609,94e8cbe454fa1f0032f348177143295e24cded5951377fafdd9d24253e7c0e04
cycle09/mini/llama_frozen_self_full_spectra_inventory.csv,9087,ff34d786eb5437c544e3d657c4bf6ad3a009b1373172973b0aba68672a5f15c2
cycle09/mini/llama_frozen_self_geometry_manifest.json,3175,c923628e37bb285780bbd7cddd3101e263c48f3527b0026856c17b9c146adb61
cycle09/mini/llama_frozen_self_r_epsilon.csv,213468,91c64e9c0b9f6fa3cbe2adcd5b84b07322bc2077845f1f65922aaebfcaf34a5a
cycle09/mini/llama_frozen_self_raw_representation_suite.csv,21574,17f8ec0023917573546aa68f0928b25ddfd83035ef583fceb89aa902a9e397a1
cycle09/mini/qwen_alpha05_r_epsilon.csv,93317,468953f387c948b8bb0394aec1ca1276de91db330e9584595c2b36bd4ffd9b7e
cycle09/mini/qwen_raw_activation_rr5_q64/QRAW_RR5_checkpoint_inventory.csv,4274,d5398444a6433e241fb9b8272ec244c068c5d833eabf072d2db884a0f416d429
cycle09/mini/qwen_raw_activation_rr5_q64/QRAW_RR5_cross_model_side_by_side.csv,6002,01d228e54efdd65fe5355a4ca9c606050b9aa2479c73ca2b072c0fb5349d3af7
cycle09/mini/qwen_raw_activation_rr5_q64/QRAW_RR5_cross_model_wins.csv,3298,b6bb2df87fbd2d21f4e3f0c5f6f9cefcc2947b557eb0ac5203211092edd97d3f
cycle09/mini/qwen_raw_activation_rr5_q64/QRAW_RR5_formal_forward_status.csv,2487,74cda8cf7b59e6dbcc33e23e21988897b6e2c258ecdd2f73bc58f6dea716d597
cycle09/mini/qwen_raw_activation_rr5_q64/QRAW_RR5_formal_raw_representation_suite.csv,15349,d78c22f2cbfa837a5ab76e9112353cc4b793851e9595f718037a7d220e28ea93
cycle09/mini/qwen_raw_activation_rr5_q64/QRAW_RR5_join_audit.csv,99,c0c7d16342be3ad20b42f252304b8cd2bf3259cc4bb81e94f9ae68e2a292beb5
cycle09/mini/qwen_raw_activation_rr5_q64/QRAW_RR5_manifest.json,8210,cd4d45933f4bdd0f949698569036d6d642df9fd0fd7aaa1806daaba971113a11
cycle09/mini/qwen_raw_activation_rr5_q64/QRAW_RR5_preflight_common_grid_preview.csv,16378,533798eb0985c3e0c0fd9ae8882e0619efe749afbaaa0c73d5138c9416e0813c
cycle09/mini/qwen_raw_activation_rr5_q64/QRAW_RR5_probe_inventory.csv,1394,fbc725cbabbe2e00a0210bb81041fc389d649b206872a1dd3f1d3abb25f61bad
cycle09/mini/qwen_raw_activation_rr5_q64/QRAW_RR5_probe_manifest.json,510,fb6032da9b1bdb9c5b23e185235814589139e39ad3de44ddedd3417adbd0a8c4
cycle09/mini/qwen_raw_activation_rr5_q64/QRAW_RR5_qwen_common_grid.csv,30372,b963c96d3764280598770d653cad081e34345d36ddfef8c7d199644ee85699d4
cycle09/mini/qwen_raw_activation_rr5_q64/QRAW_RR5_qwen_nested_folds.csv,73059,6a54a7cfb93b9b0153092304758f899365b6c06b43111d12c5b0a8de8d0296b7
cycle09/mini/qwen_raw_activation_rr5_q64/QRAW_RR5_qwen_nested_metrics.csv,6637,a5602166c03556f923508f3174aafd1a8583a245f5bf156353d10faa8dadc41b
cycle09/mini/qwen_raw_activation_rr5_q64/QRAW_RR5_qwen_oof_predictions.parquet,23796,b805b0695cc643f2b89bc2905ac606fd95387272e815420f700ea400b0217e93
cycle09/mini/qwen_raw_activation_rr5_q64/QRAW_RR5_qwen_raw_representation_suite.csv,15180,7ee56ce8140d5a322621c3f18b14701527c610fbda3934c2e2a4e39b9f462541
cycle09/mini/qwen_raw_activation_rr5_q64/QRAW_RR5_smoke_forward_status.csv,100,44017013a03e4d944ac93cd47fea8f1cb32c8c8b7bb5761dd4a3f5f4aff3c6db
cycle09/mini/qwen_raw_activation_rr5_q64/QRAW_RR5_smoke_raw_representation_suite.csv,438,b0dacb364aab648c9dd29dc45ce73a026f60fa4ff7dbb6a32c14389fc5199154
cycle09/mini/qwen_raw_activation_rr5_q64/QRAW_RR5_task_status.csv,394,1713de941e72f8e04f0005b26e9ad768a56edb01be64398d74311ddc55950d70
cycle09/mini/qwen_raw_activation_rr5_q64/QRAW_RR5_theory_handoff.md,15797,630154eb760eb7faee7241733877a63f27c8040c6a82bc269233bc5d739de423
cycle09/mini/qwen_raw_activation_rr5_q64/QRAW_qwen_l18_base_profiles_manifest.json,3130,06a9642e133838d387918b9bd51daea17529b61483ba19fdd88117e4ebcef57b
cycle09/mini/reviewer_robustness/RR0_artifact_inventory.csv,48295,f45d6b10b58573c2f475be7c87a63b2b698cbcc479c5a9db05527c6674e91801
cycle09/mini/reviewer_robustness/RR0_blockers.md,2034,5211cfc70fb729e0b68ed130dc2ae2b37c9a656c2f556318022a2fd56d7ecabe
cycle09/mini/reviewer_robustness/RR0_grid_coverage.csv,217614,7a24623326c35934da4ccee0f7e37472aeb0fae7a7e9c629bfb0a95ce3999337
cycle09/mini/reviewer_robustness/RR0_manifest.json,1166,1c46dec6e72103035360cc624cc2b33932597a8312c8e78e71c1cd4a292ba433
cycle09/mini/reviewer_robustness/RR0_protocol_map.json,2833,a26c6764fc5bea54f9acd3dfea5b5bba5fb0262c6b1b49c4221911d748ab8582
cycle09/mini/reviewer_robustness/RR0_task_estimates.csv,739,941ba4779da89130bb4e5faca9e614a496b6aa71ae8479d5d37ce38602fa2e84
cycle09/mini/reviewer_robustness/RR1_RR2S_RR3_task_specific_availability.csv,67606,aba3d07019b394eec699c14f73b6a53cdc849b145d733614d8e5e39a7f963e63
cycle09/mini/reviewer_robustness/RR1_RR2S_RR3_task_specific_manifest.json,965,79716dde80a09765b0f48e1b0f94f31809a3d4c79225f8ed5ac715621aefc31e
cycle09/mini/reviewer_robustness/RR1_RR3_joint_forward_preflight.csv,22986,757f907768131d6967da0a4c9421e153fc57190d34c929af1cabda140ce3971c
cycle09/mini/reviewer_robustness/RR1_RR3_joint_forward_preflight_manifest.json,2195,9520b2010bcab0c4f1fae66718c36c34460943dd170d0be5c54fb387014ada0a
cycle09/mini/reviewer_robustness/RR2D_blocked_cells.csv,1912,c9d8834748573c50e85c6a774967cec76f8517d7335821eb5867b5b4d8f619c1
cycle09/mini/reviewer_robustness/RR2D_displacement_equal7.csv,31843,8b59dcf1b53b9907d3f2ec3c92cc1e96dc0334cc259880cdccdc3b7299e69824
cycle09/mini/reviewer_robustness/RR2D_displacement_ordering.csv,30106,20270e9e10ddbc1dc71bea179ec0107a13699da26c2f467c4df27ac9c3df5252
cycle09/mini/reviewer_robustness/RR2D_displacement_output_links.csv,1885,b5991367752e9c0a9da4a1daa0e309ff919f5b8137f86f3590ea6490cbf400ec
cycle09/mini/reviewer_robustness/RR2D_displacement_spectrum_auxiliary.csv,566028,59a37378aeb98c3270b6eb8fadbd0427e234efa1c735d18ddd700af83850e8e7
cycle09/mini/reviewer_robustness/RR2D_manifest.json,1898,b476d6c297377c1764d41f4d119b812bf69ccf841fbc62239a7671e0c2089985
cycle09/mini/reviewer_robustness/RR2S_continuous_ordering.csv,1,01ba4719c80b6fe911b091a7c05124b64eeece964e09c058ef8f9805daca546b
cycle09/mini/reviewer_robustness/RR2S_continuous_output_links.csv,1,01ba4719c80b6fe911b091a7c05124b64eeece964e09c058ef8f9805daca546b
cycle09/mini/reviewer_robustness/RR2S_llama_continuous_ordering.csv,33382,1b8724777c8c20e4553a1d2e94a1c0c5c29649055b1038c06cda7b56d7269265
cycle09/mini/reviewer_robustness/RR2S_llama_continuous_output_links.csv,4092,7521e5019a68567304f994339892dc9defa491a9fa703d43ddb222cac623bf29
cycle09/mini/reviewer_robustness/RR2S_llama_manifest.json,1800,a83c27b483148cd297fdbbac3e47cbdb54e65680ebe4b1db02b4ebacbca0d36c
cycle09/mini/reviewer_robustness/RR2S_llama_parity_audit.csv,84021,3f3ac8da695ee2eb08f46b1cfae18360f534bde0bfcb5b532d539e122ac2fb28
cycle09/mini/reviewer_robustness/RR2S_llama_state_spectrum_equal7.csv,73531,0a0c56bbd7898c9ea03a9be3425107812c3168a9642d9fa52fd73f600d315606
cycle09/mini/reviewer_robustness/RR2S_llama_state_spectrum_module.csv,848104,38b26845bc4b48fbc72985b16510fe918420e9f84cfbd11639181729d3fbd8f2
cycle09/mini/reviewer_robustness/RR2S_manifest.json,2559,38b49e97050bfa76f080ffde32abdab5fee657b815cd76e0deffec980497375a
cycle09/mini/reviewer_robustness/RR2S_state_spectrum_preflight.csv,84594,575638311af546376512b7528d5e2b58d3f7440bfcb3fdbb8e88de6b8e8ae4a1
cycle09/mini/reviewer_robustness/RR2S_state_spectrum_stability_equal7.csv,1,01ba4719c80b6fe911b091a7c05124b64eeece964e09c058ef8f9805daca546b
cycle09/mini/reviewer_robustness/RR2S_state_spectrum_stability_module.csv,1,01ba4719c80b6fe911b091a7c05124b64eeece964e09c058ef8f9805daca546b
cycle09/mini/reviewer_robustness/RR2_continuous_ordering.csv,3199,1f7b6d88e9b636b5d18773a37d38aa2003ebf1c9959088706ae5910bc16f5c5e
cycle09/mini/reviewer_robustness/RR2_continuous_output_links.csv,1661,29c7266f1cc76a6c6cbc608356ce4f74b336dcc72242dcae76364b13317a300d
cycle09/mini/reviewer_robustness/RR2_spectrum_manifest.json,2065,77cbebabf5909ab0fe1dcfe69b99ea1297ee5fc0d787a0c61592184981336c86
cycle09/mini/reviewer_robustness/RR2_spectrum_stability_equal7.csv,51437,5d161515eea06da665044b749391f519be3e4d84a926a9a61cab4b7fea9008bb
cycle09/mini/reviewer_robustness/RR2_spectrum_stability_module.csv,649407,d80d785cbb3c5b2f28e772c793876cd49821d02c254e362652ac93afa76bc051
cycle09/mini/reviewer_robustness/RR3_llama_centered_changed_deepest_arm.csv,1523,91c569d4d6f10533082095fca6f0759199e1edde477889eec98eee88306881de
cycle09/mini/reviewer_robustness/RR3_llama_centered_equal7.csv,33662,9dfb7046724d892bd23ceb5285b4deba097f45ffe3f8e9fe2c62ed092bab09cf
cycle09/mini/reviewer_robustness/RR3_llama_centered_module.csv,824261,3171d9e1ad1a5c68c7f3ca4f8a34d5c0520853ba69b15ffa98f20ad951912ff0
cycle09/mini/reviewer_robustness/RR3_llama_centered_ordering.csv,18267,9bcabb44d33da2693aa3213efb11a84e2ef7614ea743111db2a600ec304da937
cycle09/mini/reviewer_robustness/RR3_llama_centered_output_links.csv,502,8eb43993e56eebeeebf64dd6013ddf15388624982572b94f6afa05dc5bae0e1c
cycle09/mini/reviewer_robustness/RR3_llama_centered_vs_uncentered.csv,40494,851f8d0526396def89cceb01c9ecce3a87172baee38c7d203ed41d6e078ea06d
cycle09/mini/reviewer_robustness/RR3_llama_manifest.json,1572,1145a4fd1184c8e49fea418bf8a611529297e850f868ec628d0f38126eed6c72
cycle09/mini/reviewer_robustness/RR3_llama_weighting_audit.json,176885,82d782d3d4cab907f7783eb1292c099fbadce0f61623e98840685d50c83324db
cycle09/mini/reviewer_robustness/RR4_top32_coverage.csv,1317,01dff59d8a72ee945c4c0e6480e7429783ab707b3660fd7ceced597971fd7a5c
cycle09/mini/reviewer_robustness/RR4_top32_manifest.json,1565,11cec6d90fa3e1e851d0bbdf05eeecf3f43c47cd3987f2023d023887056e8e3d
cycle09/mini/reviewer_robustness/RR4_top32_retained_mass_by_sequence.csv,2229758,3f005d5c00c97c098e2208dcc46db4438f5a18979eec17f2fad0f9076b3a1b27
cycle09/mini/reviewer_robustness/RR4_top32_retained_mass_summary.csv,3404,80bf3680f5c1abcf9736f56442e709b3428c3c57ab4c3c4c6ee2b022c338fc43
cycle09/mini/reviewer_robustness/RR5_checkpoint_demeaned_cells.csv,70478,e191e1c5a0ef32e47bd6ebf45121a291c68da7f5f1c1fdc141b0fbdcf6624602
cycle09/mini/reviewer_robustness/RR5_checkpoint_demeaned_correlations.csv,3749,c316561aeb7693ee420283bb6a6a6c2fd86e213055f0d8e56a5a18d0bcfe7020
cycle09/mini/reviewer_robustness/RR5_hybrid_coverage.csv,274,b4f1c339aa0ca7d3f1b4d7973dfbca3e815c8a926c2e5e0403fe4249cfd6580e
cycle09/mini/reviewer_robustness/RR5_hybrid_fold_metrics.csv,14161,31ef2f768d5dfcd700b1615a8499e2de448fdb31e1a2e2d3a497154ac55bbb75
cycle09/mini/reviewer_robustness/RR5_hybrid_fold_performance.csv,17084,2c39e90d801c037326cf0d515aa8f22916285108654f78e1766a58d93aa3deb8
cycle09/mini/reviewer_robustness/RR5_hybrid_grouped_models.csv,11970,b435de33fa29b4752777cf90050203d203e0d51762de5135d9ee0089ff9f4d3f
cycle09/mini/reviewer_robustness/RR5_hybrid_manifest.json,3219,24fe9522f8d90d85ec0a7e0f9fb5c213257a45a790dcd5dd9f48be05688089f7
cycle09/mini/reviewer_robustness/RR5_hybrid_predictions.parquet,24837,ad64707cffb9c05e8ee7d22cd8e3d2448a061c5a80c3c9ffdcc5cf186c68dd1b
cycle09/mini/reviewer_robustness/RR5_llama_common_grid.csv,54764,41535f33912d718c403dddc2f65b348eb9630ca3d08e2c8befaeac9570b9ba8e
cycle09/mini/reviewer_robustness/RR5_nested_regularization_folds.csv,77494,eba9ea21751c55abab6e93fc8bd377b191c4ba88230e8445a1f7223d4d374d8d
cycle09/mini/reviewer_robustness/RR5_nested_regularization_manifest.json,2626,75788160fa346645c04915a2f2855188ddcf56acf21d888f00afa81989cb4ec3
cycle09/mini/reviewer_robustness/RR5_nested_regularization_metrics.csv,12008,127ae919ebbfdafb4a1bc5fcb1ce55bf58be93b1eed16c89a17c77ef741f2753
cycle09/mini/reviewer_robustness/RR5_nested_regularization_predictions.parquet,24837,2b7271862dc5e4a31842ac92a37d5944770738aa1c95f3500fe23a58cc6c3884
cycle09/mini/reviewer_robustness/RR6_frozen_self_coverage.csv,1198,9a014851dd9ce43c6062af13961a6d8a1cd6614a3dbd06d2aad5bca7c9767698
cycle09/mini/reviewer_robustness/RR6_frozen_self_manifest.json,1184,8bbd4759297f6a4cc39be6ff1432efce973adc1af1bbe623559420d6cf779020
cycle09/mini/reviewer_robustness/RR6_frozen_self_paired_differences.csv,432288,b6f0bc725ed49fffd44de3bf3bb5116d4463ede262eca10948fe64ca826023ea
cycle09/mini/reviewer_robustness/RR6_frozen_self_text_stats.csv,941,61a0123d102cda61fb21b7771361622b928f766a16f737c122fa8c8ba7c3ab6e
cycle09/mini/reviewer_robustness/RR6_matched_math500_bootstrap_ci.csv,3157,f64092c6d52e3c6bc94dcaac087b3f4b39fdbc4a36893ef717b77b3d0aaf9707
cycle09/mini/reviewer_robustness/RR6_matched_math500_coverage.csv,1198,9a014851dd9ce43c6062af13961a6d8a1cd6614a3dbd06d2aad5bca7c9767698
cycle09/mini/reviewer_robustness/RR6_matched_math500_paired_effects.csv,1767,375f2c3aeb181852c3563bf6cfd2993ff50270236f728d296b31ab2f15cfc592
cycle09/mini/reviewer_robustness/RR6_matched_math500_readout_stats.csv,929,23d551d12083ed1dd88c54d458b50036c4382f0d463c4df78607e39e119321ab
cycle09/mini/reviewer_robustness/RR6_readout_manifest.json,1798,7269e61410e031394e13b559d61880b7154e8cefe44e1da118c7b1bfbdb295dc
cycle09/mini/reviewer_robustness/RR_module_level_robustness_cells.csv,558848,1638f3283b86245f9425e2fe73755eaf681902db1527c3cb3805d1dd08b5dda5
cycle09/mini/reviewer_robustness/RR_module_level_robustness_manifest.json,1797,c28d934e71293bf64b47d3f2a180a4ec31914f2fa6ead96dc4651fe6dd93d76a
cycle09/mini/reviewer_robustness/RR_module_level_robustness_summary.csv,2178,e9f29277f944b4263246877ee6752acdf2ef4dae954a78d802a76ea13320ef2e
cycle09/mini/reviewer_robustness/reviewer_robustness_correction2_manifest.json,437,08ae827e3372024df1202b610c31fed00c9c3fec602e03a3b091f34220e266c9
cycle09/mini/reviewer_robustness/reviewer_robustness_correction_manifest.json,462,5c87cbbaab279730a7f41db2bf41a4f3e21f8357195b8791a70189f54c63ec39
cycle09/mini/reviewer_robustness/reviewer_robustness_theory_handoff.md,101853,57b319ee4e13d718ef745d00f55cab47fad3cf44ea5c51261b7c10c728fc7028
