artifact_path,original_repository_path
README.md,[clean-repository-documentation]/README.md
cycle09/mini/M6_behavior.csv,mypaper/local_experiment_results/cycle_09_aaai_competitiveness_completion/run_01/mini/M6_behavior.csv
cycle09/mini/M6_geometry_r_epsilon.csv,mypaper/local_experiment_results/cycle_09_aaai_competitiveness_completion/run_01/mini/M6_geometry_r_epsilon.csv
cycle09/mini/M6_supplement_manifest.json,mypaper/local_experiment_results/cycle_09_aaai_competitiveness_completion/run_01/mini/M6_supplement_manifest.json
cycle09/mini/d11_e5_e7_family_llama_manifest.json,mypaper/local_experiment_results/cycle_09_aaai_competitiveness_completion/run_01/mini/d11_e5_e7_family_llama_manifest.json
cycle09/mini/d11_e5_e7_family_qwen_manifest.json,mypaper/local_experiment_results/cycle_09_aaai_competitiveness_completion/run_01/mini/d11_e5_e7_family_qwen_manifest.json
cycle09/mini/d11_e5_e7_manifest.json,mypaper/local_experiment_results/cycle_09_aaai_competitiveness_completion/run_01/mini/d11_e5_e7_manifest.json
cycle09/mini/d11_e5_e7_optional_handoff.md,mypaper/local_experiment_results/cycle_09_aaai_competitiveness_completion/run_01/mini/d11_e5_e7_optional_handoff.md
cycle09/mini/d11_e5_layer_robustness.csv,mypaper/local_experiment_results/cycle_09_aaai_competitiveness_completion/run_01/mini/d11_e5_layer_robustness.csv
cycle09/mini/d11_e5_layer_robustness_summary.csv,mypaper/local_experiment_results/cycle_09_aaai_competitiveness_completion/run_01/mini/d11_e5_layer_robustness_summary.csv
cycle09/mini/d11_e6_alpha_sensitivity.csv,mypaper/local_experiment_results/cycle_09_aaai_competitiveness_completion/run_01/mini/d11_e6_alpha_sensitivity.csv
cycle09/mini/d11_e6_alpha_sensitivity_summary.csv,mypaper/local_experiment_results/cycle_09_aaai_competitiveness_completion/run_01/mini/d11_e6_alpha_sensitivity_summary.csv
cycle09/mini/d11_e7_spectrum_matched_null.csv,mypaper/local_experiment_results/cycle_09_aaai_competitiveness_completion/run_01/mini/d11_e7_spectrum_matched_null.csv
cycle09/mini/d11_e7_spectrum_matched_null_summary.csv,mypaper/local_experiment_results/cycle_09_aaai_competitiveness_completion/run_01/mini/d11_e7_spectrum_matched_null_summary.csv
cycle09/mini/d11_family_llama_manifest.json,mypaper/local_experiment_results/cycle_09_aaai_competitiveness_completion/run_01/mini/d11_family_llama_manifest.json
cycle09/mini/d11_family_qwen_manifest.json,mypaper/local_experiment_results/cycle_09_aaai_competitiveness_completion/run_01/mini/d11_family_qwen_manifest.json
cycle09/mini/d11_llama_merged_pk.csv,mypaper/local_experiment_results/cycle_09_aaai_competitiveness_completion/run_01/mini/d11_llama_merged_pk.csv
cycle09/mini/d11_modelwise_and_crossmodel_summary.md,mypaper/local_experiment_results/cycle_09_aaai_competitiveness_completion/run_01/mini/d11_modelwise_and_crossmodel_summary.md
cycle09/mini/d11_pk_tpnt_full_handoff.md,mypaper/local_experiment_results/cycle_09_aaai_competitiveness_completion/run_01/mini/d11_pk_tpnt_full_handoff.md
cycle09/mini/d11_pk_tpnt_manifest.json,mypaper/local_experiment_results/cycle_09_aaai_competitiveness_completion/run_01/mini/d11_pk_tpnt_manifest.json
cycle09/mini/d11_same_cell_feature_matrix.csv,mypaper/local_experiment_results/cycle_09_aaai_competitiveness_completion/run_01/mini/d11_same_cell_feature_matrix.csv
cycle09/mini/d11_same_cell_incremental_comparison.csv,mypaper/local_experiment_results/cycle_09_aaai_competitiveness_completion/run_01/mini/d11_same_cell_incremental_comparison.csv
cycle09/mini/d11_tpnt_angles_pabs_nss.csv,mypaper/local_experiment_results/cycle_09_aaai_competitiveness_completion/run_01/mini/d11_tpnt_angles_pabs_nss.csv
cycle09/mini/d11_tpnt_principal_mask.csv,mypaper/local_experiment_results/cycle_09_aaai_competitiveness_completion/run_01/mini/d11_tpnt_principal_mask.csv
cycle09/mini/equal5_non_qk/EQUAL5_checkpoint_demeaned_correlations.csv,mypaper/local_experiment_results/cycle_09_aaai_competitiveness_completion/run_01/mini/equal5_non_qk/EQUAL5_checkpoint_demeaned_correlations.csv
cycle09/mini/equal5_non_qk/EQUAL5_coverage_inventory.csv,mypaper/local_experiment_results/cycle_09_aaai_competitiveness_completion/run_01/mini/equal5_non_qk/EQUAL5_coverage_inventory.csv
cycle09/mini/equal5_non_qk/EQUAL5_d11_parity_metrics.csv,mypaper/local_experiment_results/cycle_09_aaai_competitiveness_completion/run_01/mini/equal5_non_qk/EQUAL5_d11_parity_metrics.csv
cycle09/mini/equal5_non_qk/EQUAL5_dominance_cells.csv,mypaper/local_experiment_results/cycle_09_aaai_competitiveness_completion/run_01/mini/equal5_non_qk/EQUAL5_dominance_cells.csv
cycle09/mini/equal5_non_qk/EQUAL5_dominance_summary.csv,mypaper/local_experiment_results/cycle_09_aaai_competitiveness_completion/run_01/mini/equal5_non_qk/EQUAL5_dominance_summary.csv
cycle09/mini/equal5_non_qk/EQUAL5_equal7_paired_comparison.csv,mypaper/local_experiment_results/cycle_09_aaai_competitiveness_completion/run_01/mini/equal5_non_qk/EQUAL5_equal7_paired_comparison.csv
cycle09/mini/equal5_non_qk/EQUAL5_functional_cells.csv,mypaper/local_experiment_results/cycle_09_aaai_competitiveness_completion/run_01/mini/equal5_non_qk/EQUAL5_functional_cells.csv
cycle09/mini/equal5_non_qk/EQUAL5_functional_trajectories.csv,mypaper/local_experiment_results/cycle_09_aaai_competitiveness_completion/run_01/mini/equal5_non_qk/EQUAL5_functional_trajectories.csv
cycle09/mini/equal5_non_qk/EQUAL5_manifest.json,mypaper/local_experiment_results/cycle_09_aaai_competitiveness_completion/run_01/mini/equal5_non_qk/EQUAL5_manifest.json
cycle09/mini/equal5_non_qk/EQUAL5_ncd.csv,mypaper/local_experiment_results/cycle_09_aaai_competitiveness_completion/run_01/mini/equal5_non_qk/EQUAL5_ncd.csv
cycle09/mini/equal5_non_qk/EQUAL5_nested_folds.csv,mypaper/local_experiment_results/cycle_09_aaai_competitiveness_completion/run_01/mini/equal5_non_qk/EQUAL5_nested_folds.csv
cycle09/mini/equal5_non_qk/EQUAL5_nested_metrics.csv,mypaper/local_experiment_results/cycle_09_aaai_competitiveness_completion/run_01/mini/equal5_non_qk/EQUAL5_nested_metrics.csv
cycle09/mini/equal5_non_qk/EQUAL5_nested_predictions.parquet,mypaper/local_experiment_results/cycle_09_aaai_competitiveness_completion/run_01/mini/equal5_non_qk/EQUAL5_nested_predictions.parquet
cycle09/mini/equal5_non_qk/EQUAL5_output_link_correlations.csv,mypaper/local_experiment_results/cycle_09_aaai_competitiveness_completion/run_01/mini/equal5_non_qk/EQUAL5_output_link_correlations.csv
cycle09/mini/equal5_non_qk/EQUAL5_spectrum_robustness.csv,mypaper/local_experiment_results/cycle_09_aaai_competitiveness_completion/run_01/mini/equal5_non_qk/EQUAL5_spectrum_robustness.csv
cycle09/mini/equal5_non_qk/EQUAL5_support_controls.csv,mypaper/local_experiment_results/cycle_09_aaai_competitiveness_completion/run_01/mini/equal5_non_qk/EQUAL5_support_controls.csv
cycle09/mini/equal5_non_qk/EQUAL5_theory_handoff.md,mypaper/local_experiment_results/cycle_09_aaai_competitiveness_completion/run_01/mini/equal5_non_qk/EQUAL5_theory_handoff.md
cycle09/mini/equal5_non_qk/EQUAL5_weight_baselines_aggregate.csv,mypaper/local_experiment_results/cycle_09_aaai_competitiveness_completion/run_01/mini/equal5_non_qk/EQUAL5_weight_baselines_aggregate.csv
cycle09/mini/equal5_non_qk/EQUAL5_weight_baselines_module.csv,mypaper/local_experiment_results/cycle_09_aaai_competitiveness_completion/run_01/mini/equal5_non_qk/EQUAL5_weight_baselines_module.csv
cycle09/mini/fat_outlink_round1_v2_link_equal5/equal5_behavior_join.csv,mypaper/local_experiment_results/cycle_09_aaai_competitiveness_completion/run_01/mini/fat_outlink_round1_v2_link_equal5/equal5_behavior_join.csv
cycle09/mini/fat_outlink_round1_v2_link_equal5/equal5_checkpoint_demeaned_correlations.csv,mypaper/local_experiment_results/cycle_09_aaai_competitiveness_completion/run_01/mini/fat_outlink_round1_v2_link_equal5/equal5_checkpoint_demeaned_correlations.csv
cycle09/mini/fat_outlink_round1_v2_link_equal5/equal5_coverage_audit.csv,mypaper/local_experiment_results/cycle_09_aaai_competitiveness_completion/run_01/mini/fat_outlink_round1_v2_link_equal5/equal5_coverage_audit.csv
cycle09/mini/fat_outlink_round1_v2_link_equal5/equal5_epsilon_sensitivity.csv,mypaper/local_experiment_results/cycle_09_aaai_competitiveness_completion/run_01/mini/fat_outlink_round1_v2_link_equal5/equal5_epsilon_sensitivity.csv
cycle09/mini/fat_outlink_round1_v2_link_equal5/equal5_feature_matrix.csv,mypaper/local_experiment_results/cycle_09_aaai_competitiveness_completion/run_01/mini/fat_outlink_round1_v2_link_equal5/equal5_feature_matrix.csv
cycle09/mini/fat_outlink_round1_v2_link_equal5/equal5_foldwise_results.csv,mypaper/local_experiment_results/cycle_09_aaai_competitiveness_completion/run_01/mini/fat_outlink_round1_v2_link_equal5/equal5_foldwise_results.csv
cycle09/mini/fat_outlink_round1_v2_link_equal5/equal5_format_realization_table.csv,mypaper/local_experiment_results/cycle_09_aaai_competitiveness_completion/run_01/mini/fat_outlink_round1_v2_link_equal5/equal5_format_realization_table.csv
cycle09/mini/fat_outlink_round1_v2_link_equal5/equal5_grouped_predictions.parquet,mypaper/local_experiment_results/cycle_09_aaai_competitiveness_completion/run_01/mini/fat_outlink_round1_v2_link_equal5/equal5_grouped_predictions.parquet
cycle09/mini/fat_outlink_round1_v2_link_equal5/equal5_incremental_grouped_models.csv,mypaper/local_experiment_results/cycle_09_aaai_competitiveness_completion/run_01/mini/fat_outlink_round1_v2_link_equal5/equal5_incremental_grouped_models.csv
cycle09/mini/fat_outlink_round1_v2_link_equal5/equal5_progress_residual_diagnostic.csv,mypaper/local_experiment_results/cycle_09_aaai_competitiveness_completion/run_01/mini/fat_outlink_round1_v2_link_equal5/equal5_progress_residual_diagnostic.csv
cycle09/mini/fat_outlink_round1_v2_link_equal5/equal5_related_work_metrics.csv,mypaper/local_experiment_results/cycle_09_aaai_competitiveness_completion/run_01/mini/fat_outlink_round1_v2_link_equal5/equal5_related_work_metrics.csv
cycle09/mini/fat_outlink_round1_v2_link_equal5/equal5_standalone_correlations.csv,mypaper/local_experiment_results/cycle_09_aaai_competitiveness_completion/run_01/mini/fat_outlink_round1_v2_link_equal5/equal5_standalone_correlations.csv
cycle09/mini/fat_outlink_round1_v2_link_equal5/equal5_standalone_grouped_models.csv,mypaper/local_experiment_results/cycle_09_aaai_competitiveness_completion/run_01/mini/fat_outlink_round1_v2_link_equal5/equal5_standalone_grouped_models.csv
cycle09/mini/fat_outlink_round1_v2_link_equal5/equal5_task_status.csv,mypaper/local_experiment_results/cycle_09_aaai_competitiveness_completion/run_01/mini/fat_outlink_round1_v2_link_equal5/equal5_task_status.csv
cycle09/mini/fat_outlink_round1_v2_link_equal5/equal5_vs_equal7_paired.csv,mypaper/local_experiment_results/cycle_09_aaai_competitiveness_completion/run_01/mini/fat_outlink_round1_v2_link_equal5/equal5_vs_equal7_paired.csv
cycle09/mini/fat_outlink_round1_v2_link_equal5/fat_r1_v2_documentation_correction.json,mypaper/local_experiment_results/cycle_09_aaai_competitiveness_completion/run_01/mini/fat_outlink_round1_v2_link_equal5/fat_r1_v2_documentation_correction.json
cycle09/mini/fat_outlink_round1_v2_link_equal5/fat_r1_v2_documentation_correction.md,mypaper/local_experiment_results/cycle_09_aaai_competitiveness_completion/run_01/mini/fat_outlink_round1_v2_link_equal5/fat_r1_v2_documentation_correction.md
cycle09/mini/fat_outlink_round1_v2_link_equal5/fat_r1_v2_equal5_handoff.md,mypaper/local_experiment_results/cycle_09_aaai_competitiveness_completion/run_01/mini/fat_outlink_round1_v2_link_equal5/fat_r1_v2_equal5_handoff.md
cycle09/mini/fat_outlink_round1_v2_link_equal5/fat_r1_v2_equal5_manifest.json,mypaper/local_experiment_results/cycle_09_aaai_competitiveness_completion/run_01/mini/fat_outlink_round1_v2_link_equal5/fat_r1_v2_equal5_manifest.json
cycle09/mini/llama_early_320_r_epsilon.csv,mypaper/local_experiment_results/cycle_09_aaai_competitiveness_completion/run_01/mini/llama_early_320_r_epsilon.csv
cycle09/mini/llama_early_320_raw_representation_suite.csv,mypaper/local_experiment_results/cycle_09_aaai_competitiveness_completion/run_01/mini/llama_early_320_raw_representation_suite.csv
cycle09/mini/llama_frozen_self_behavior.csv,mypaper/local_experiment_results/cycle_09_aaai_competitiveness_completion/run_01/mini/llama_frozen_self_behavior.csv
cycle09/mini/llama_frozen_self_behavior_manifest.json,mypaper/local_experiment_results/cycle_09_aaai_competitiveness_completion/run_01/mini/llama_frozen_self_behavior_manifest.json
cycle09/mini/llama_frozen_self_full_spectra_inventory.csv,mypaper/local_experiment_results/cycle_09_aaai_competitiveness_completion/run_01/mini/llama_frozen_self_full_spectra_inventory.csv
cycle09/mini/llama_frozen_self_geometry_manifest.json,mypaper/local_experiment_results/cycle_09_aaai_competitiveness_completion/run_01/mini/llama_frozen_self_geometry_manifest.json
cycle09/mini/llama_frozen_self_r_epsilon.csv,mypaper/local_experiment_results/cycle_09_aaai_competitiveness_completion/run_01/mini/llama_frozen_self_r_epsilon.csv
cycle09/mini/llama_frozen_self_raw_representation_suite.csv,mypaper/local_experiment_results/cycle_09_aaai_competitiveness_completion/run_01/mini/llama_frozen_self_raw_representation_suite.csv
cycle09/mini/qwen_alpha05_r_epsilon.csv,mypaper/local_experiment_results/cycle_09_aaai_competitiveness_completion/run_01/mini/qwen_alpha05_r_epsilon.csv
cycle09/mini/qwen_raw_activation_rr5_q64/QRAW_RR5_checkpoint_inventory.csv,mypaper/local_experiment_results/cycle_09_aaai_competitiveness_completion/run_01/mini/qwen_raw_activation_rr5_q64/QRAW_RR5_checkpoint_inventory.csv
cycle09/mini/qwen_raw_activation_rr5_q64/QRAW_RR5_cross_model_side_by_side.csv,mypaper/local_experiment_results/cycle_09_aaai_competitiveness_completion/run_01/mini/qwen_raw_activation_rr5_q64/QRAW_RR5_cross_model_side_by_side.csv
cycle09/mini/qwen_raw_activation_rr5_q64/QRAW_RR5_cross_model_wins.csv,mypaper/local_experiment_results/cycle_09_aaai_competitiveness_completion/run_01/mini/qwen_raw_activation_rr5_q64/QRAW_RR5_cross_model_wins.csv
cycle09/mini/qwen_raw_activation_rr5_q64/QRAW_RR5_formal_forward_status.csv,mypaper/local_experiment_results/cycle_09_aaai_competitiveness_completion/run_01/mini/qwen_raw_activation_rr5_q64/QRAW_RR5_formal_forward_status.csv
cycle09/mini/qwen_raw_activation_rr5_q64/QRAW_RR5_formal_raw_representation_suite.csv,mypaper/local_experiment_results/cycle_09_aaai_competitiveness_completion/run_01/mini/qwen_raw_activation_rr5_q64/QRAW_RR5_formal_raw_representation_suite.csv
cycle09/mini/qwen_raw_activation_rr5_q64/QRAW_RR5_join_audit.csv,mypaper/local_experiment_results/cycle_09_aaai_competitiveness_completion/run_01/mini/qwen_raw_activation_rr5_q64/QRAW_RR5_join_audit.csv
cycle09/mini/qwen_raw_activation_rr5_q64/QRAW_RR5_manifest.json,mypaper/local_experiment_results/cycle_09_aaai_competitiveness_completion/run_01/mini/qwen_raw_activation_rr5_q64/QRAW_RR5_manifest.json
cycle09/mini/qwen_raw_activation_rr5_q64/QRAW_RR5_preflight_common_grid_preview.csv,mypaper/local_experiment_results/cycle_09_aaai_competitiveness_completion/run_01/mini/qwen_raw_activation_rr5_q64/QRAW_RR5_preflight_common_grid_preview.csv
cycle09/mini/qwen_raw_activation_rr5_q64/QRAW_RR5_probe_inventory.csv,mypaper/local_experiment_results/cycle_09_aaai_competitiveness_completion/run_01/mini/qwen_raw_activation_rr5_q64/QRAW_RR5_probe_inventory.csv
cycle09/mini/qwen_raw_activation_rr5_q64/QRAW_RR5_probe_manifest.json,mypaper/local_experiment_results/cycle_09_aaai_competitiveness_completion/run_01/mini/qwen_raw_activation_rr5_q64/QRAW_RR5_probe_manifest.json
cycle09/mini/qwen_raw_activation_rr5_q64/QRAW_RR5_qwen_common_grid.csv,mypaper/local_experiment_results/cycle_09_aaai_competitiveness_completion/run_01/mini/qwen_raw_activation_rr5_q64/QRAW_RR5_qwen_common_grid.csv
cycle09/mini/qwen_raw_activation_rr5_q64/QRAW_RR5_qwen_nested_folds.csv,mypaper/local_experiment_results/cycle_09_aaai_competitiveness_completion/run_01/mini/qwen_raw_activation_rr5_q64/QRAW_RR5_qwen_nested_folds.csv
cycle09/mini/qwen_raw_activation_rr5_q64/QRAW_RR5_qwen_nested_metrics.csv,mypaper/local_experiment_results/cycle_09_aaai_competitiveness_completion/run_01/mini/qwen_raw_activation_rr5_q64/QRAW_RR5_qwen_nested_metrics.csv
cycle09/mini/qwen_raw_activation_rr5_q64/QRAW_RR5_qwen_oof_predictions.parquet,mypaper/local_experiment_results/cycle_09_aaai_competitiveness_completion/run_01/mini/qwen_raw_activation_rr5_q64/QRAW_RR5_qwen_oof_predictions.parquet
cycle09/mini/qwen_raw_activation_rr5_q64/QRAW_RR5_qwen_raw_representation_suite.csv,mypaper/local_experiment_results/cycle_09_aaai_competitiveness_completion/run_01/mini/qwen_raw_activation_rr5_q64/QRAW_RR5_qwen_raw_representation_suite.csv
cycle09/mini/qwen_raw_activation_rr5_q64/QRAW_RR5_smoke_forward_status.csv,mypaper/local_experiment_results/cycle_09_aaai_competitiveness_completion/run_01/mini/qwen_raw_activation_rr5_q64/QRAW_RR5_smoke_forward_status.csv
cycle09/mini/qwen_raw_activation_rr5_q64/QRAW_RR5_smoke_raw_representation_suite.csv,mypaper/local_experiment_results/cycle_09_aaai_competitiveness_completion/run_01/mini/qwen_raw_activation_rr5_q64/QRAW_RR5_smoke_raw_representation_suite.csv
cycle09/mini/qwen_raw_activation_rr5_q64/QRAW_RR5_task_status.csv,mypaper/local_experiment_results/cycle_09_aaai_competitiveness_completion/run_01/mini/qwen_raw_activation_rr5_q64/QRAW_RR5_task_status.csv
cycle09/mini/qwen_raw_activation_rr5_q64/QRAW_RR5_theory_handoff.md,mypaper/local_experiment_results/cycle_09_aaai_competitiveness_completion/run_01/mini/qwen_raw_activation_rr5_q64/QRAW_RR5_theory_handoff.md
cycle09/mini/qwen_raw_activation_rr5_q64/QRAW_qwen_l18_base_profiles_manifest.json,mypaper/local_experiment_results/cycle_09_aaai_competitiveness_completion/run_01/mini/qwen_raw_activation_rr5_q64/QRAW_qwen_l18_base_profiles_manifest.json
cycle09/mini/reviewer_robustness/RR0_artifact_inventory.csv,mypaper/local_experiment_results/cycle_09_aaai_competitiveness_completion/run_01/mini/reviewer_robustness/RR0_artifact_inventory.csv
cycle09/mini/reviewer_robustness/RR0_blockers.md,mypaper/local_experiment_results/cycle_09_aaai_competitiveness_completion/run_01/mini/reviewer_robustness/RR0_blockers.md
cycle09/mini/reviewer_robustness/RR0_grid_coverage.csv,mypaper/local_experiment_results/cycle_09_aaai_competitiveness_completion/run_01/mini/reviewer_robustness/RR0_grid_coverage.csv
cycle09/mini/reviewer_robustness/RR0_manifest.json,mypaper/local_experiment_results/cycle_09_aaai_competitiveness_completion/run_01/mini/reviewer_robustness/RR0_manifest.json
cycle09/mini/reviewer_robustness/RR0_protocol_map.json,mypaper/local_experiment_results/cycle_09_aaai_competitiveness_completion/run_01/mini/reviewer_robustness/RR0_protocol_map.json
cycle09/mini/reviewer_robustness/RR0_task_estimates.csv,mypaper/local_experiment_results/cycle_09_aaai_competitiveness_completion/run_01/mini/reviewer_robustness/RR0_task_estimates.csv
cycle09/mini/reviewer_robustness/RR1_RR2S_RR3_task_specific_availability.csv,mypaper/local_experiment_results/cycle_09_aaai_competitiveness_completion/run_01/mini/reviewer_robustness/RR1_RR2S_RR3_task_specific_availability.csv
cycle09/mini/reviewer_robustness/RR1_RR2S_RR3_task_specific_manifest.json,mypaper/local_experiment_results/cycle_09_aaai_competitiveness_completion/run_01/mini/reviewer_robustness/RR1_RR2S_RR3_task_specific_manifest.json
cycle09/mini/reviewer_robustness/RR1_RR3_joint_forward_preflight.csv,mypaper/local_experiment_results/cycle_09_aaai_competitiveness_completion/run_01/mini/reviewer_robustness/RR1_RR3_joint_forward_preflight.csv
cycle09/mini/reviewer_robustness/RR1_RR3_joint_forward_preflight_manifest.json,mypaper/local_experiment_results/cycle_09_aaai_competitiveness_completion/run_01/mini/reviewer_robustness/RR1_RR3_joint_forward_preflight_manifest.json
cycle09/mini/reviewer_robustness/RR2D_blocked_cells.csv,mypaper/local_experiment_results/cycle_09_aaai_competitiveness_completion/run_01/mini/reviewer_robustness/RR2D_blocked_cells.csv
cycle09/mini/reviewer_robustness/RR2D_displacement_equal7.csv,mypaper/local_experiment_results/cycle_09_aaai_competitiveness_completion/run_01/mini/reviewer_robustness/RR2D_displacement_equal7.csv
cycle09/mini/reviewer_robustness/RR2D_displacement_ordering.csv,mypaper/local_experiment_results/cycle_09_aaai_competitiveness_completion/run_01/mini/reviewer_robustness/RR2D_displacement_ordering.csv
cycle09/mini/reviewer_robustness/RR2D_displacement_output_links.csv,mypaper/local_experiment_results/cycle_09_aaai_competitiveness_completion/run_01/mini/reviewer_robustness/RR2D_displacement_output_links.csv
cycle09/mini/reviewer_robustness/RR2D_displacement_spectrum_auxiliary.csv,mypaper/local_experiment_results/cycle_09_aaai_competitiveness_completion/run_01/mini/reviewer_robustness/RR2D_displacement_spectrum_auxiliary.csv
cycle09/mini/reviewer_robustness/RR2D_manifest.json,mypaper/local_experiment_results/cycle_09_aaai_competitiveness_completion/run_01/mini/reviewer_robustness/RR2D_manifest.json
cycle09/mini/reviewer_robustness/RR2S_continuous_ordering.csv,mypaper/local_experiment_results/cycle_09_aaai_competitiveness_completion/run_01/mini/reviewer_robustness/RR2S_continuous_ordering.csv
cycle09/mini/reviewer_robustness/RR2S_continuous_output_links.csv,mypaper/local_experiment_results/cycle_09_aaai_competitiveness_completion/run_01/mini/reviewer_robustness/RR2S_continuous_output_links.csv
cycle09/mini/reviewer_robustness/RR2S_llama_continuous_ordering.csv,mypaper/local_experiment_results/cycle_09_aaai_competitiveness_completion/run_01/mini/reviewer_robustness/RR2S_llama_continuous_ordering.csv
cycle09/mini/reviewer_robustness/RR2S_llama_continuous_output_links.csv,mypaper/local_experiment_results/cycle_09_aaai_competitiveness_completion/run_01/mini/reviewer_robustness/RR2S_llama_continuous_output_links.csv
cycle09/mini/reviewer_robustness/RR2S_llama_manifest.json,mypaper/local_experiment_results/cycle_09_aaai_competitiveness_completion/run_01/mini/reviewer_robustness/RR2S_llama_manifest.json
cycle09/mini/reviewer_robustness/RR2S_llama_parity_audit.csv,mypaper/local_experiment_results/cycle_09_aaai_competitiveness_completion/run_01/mini/reviewer_robustness/RR2S_llama_parity_audit.csv
cycle09/mini/reviewer_robustness/RR2S_llama_state_spectrum_equal7.csv,mypaper/local_experiment_results/cycle_09_aaai_competitiveness_completion/run_01/mini/reviewer_robustness/RR2S_llama_state_spectrum_equal7.csv
cycle09/mini/reviewer_robustness/RR2S_llama_state_spectrum_module.csv,mypaper/local_experiment_results/cycle_09_aaai_competitiveness_completion/run_01/mini/reviewer_robustness/RR2S_llama_state_spectrum_module.csv
cycle09/mini/reviewer_robustness/RR2S_manifest.json,mypaper/local_experiment_results/cycle_09_aaai_competitiveness_completion/run_01/mini/reviewer_robustness/RR2S_manifest.json
cycle09/mini/reviewer_robustness/RR2S_state_spectrum_preflight.csv,mypaper/local_experiment_results/cycle_09_aaai_competitiveness_completion/run_01/mini/reviewer_robustness/RR2S_state_spectrum_preflight.csv
cycle09/mini/reviewer_robustness/RR2S_state_spectrum_stability_equal7.csv,mypaper/local_experiment_results/cycle_09_aaai_competitiveness_completion/run_01/mini/reviewer_robustness/RR2S_state_spectrum_stability_equal7.csv
cycle09/mini/reviewer_robustness/RR2S_state_spectrum_stability_module.csv,mypaper/local_experiment_results/cycle_09_aaai_competitiveness_completion/run_01/mini/reviewer_robustness/RR2S_state_spectrum_stability_module.csv
cycle09/mini/reviewer_robustness/RR2_continuous_ordering.csv,mypaper/local_experiment_results/cycle_09_aaai_competitiveness_completion/run_01/mini/reviewer_robustness/RR2_continuous_ordering.csv
cycle09/mini/reviewer_robustness/RR2_continuous_output_links.csv,mypaper/local_experiment_results/cycle_09_aaai_competitiveness_completion/run_01/mini/reviewer_robustness/RR2_continuous_output_links.csv
cycle09/mini/reviewer_robustness/RR2_spectrum_manifest.json,mypaper/local_experiment_results/cycle_09_aaai_competitiveness_completion/run_01/mini/reviewer_robustness/RR2_spectrum_manifest.json
cycle09/mini/reviewer_robustness/RR2_spectrum_stability_equal7.csv,mypaper/local_experiment_results/cycle_09_aaai_competitiveness_completion/run_01/mini/reviewer_robustness/RR2_spectrum_stability_equal7.csv
cycle09/mini/reviewer_robustness/RR2_spectrum_stability_module.csv,mypaper/local_experiment_results/cycle_09_aaai_competitiveness_completion/run_01/mini/reviewer_robustness/RR2_spectrum_stability_module.csv
cycle09/mini/reviewer_robustness/RR3_llama_centered_changed_deepest_arm.csv,mypaper/local_experiment_results/cycle_09_aaai_competitiveness_completion/run_01/mini/reviewer_robustness/RR3_llama_centered_changed_deepest_arm.csv
cycle09/mini/reviewer_robustness/RR3_llama_centered_equal7.csv,mypaper/local_experiment_results/cycle_09_aaai_competitiveness_completion/run_01/mini/reviewer_robustness/RR3_llama_centered_equal7.csv
cycle09/mini/reviewer_robustness/RR3_llama_centered_module.csv,mypaper/local_experiment_results/cycle_09_aaai_competitiveness_completion/run_01/mini/reviewer_robustness/RR3_llama_centered_module.csv
cycle09/mini/reviewer_robustness/RR3_llama_centered_ordering.csv,mypaper/local_experiment_results/cycle_09_aaai_competitiveness_completion/run_01/mini/reviewer_robustness/RR3_llama_centered_ordering.csv
cycle09/mini/reviewer_robustness/RR3_llama_centered_output_links.csv,mypaper/local_experiment_results/cycle_09_aaai_competitiveness_completion/run_01/mini/reviewer_robustness/RR3_llama_centered_output_links.csv
cycle09/mini/reviewer_robustness/RR3_llama_centered_vs_uncentered.csv,mypaper/local_experiment_results/cycle_09_aaai_competitiveness_completion/run_01/mini/reviewer_robustness/RR3_llama_centered_vs_uncentered.csv
cycle09/mini/reviewer_robustness/RR3_llama_manifest.json,mypaper/local_experiment_results/cycle_09_aaai_competitiveness_completion/run_01/mini/reviewer_robustness/RR3_llama_manifest.json
cycle09/mini/reviewer_robustness/RR3_llama_weighting_audit.json,mypaper/local_experiment_results/cycle_09_aaai_competitiveness_completion/run_01/mini/reviewer_robustness/RR3_llama_weighting_audit.json
cycle09/mini/reviewer_robustness/RR4_top32_coverage.csv,mypaper/local_experiment_results/cycle_09_aaai_competitiveness_completion/run_01/mini/reviewer_robustness/RR4_top32_coverage.csv
cycle09/mini/reviewer_robustness/RR4_top32_manifest.json,mypaper/local_experiment_results/cycle_09_aaai_competitiveness_completion/run_01/mini/reviewer_robustness/RR4_top32_manifest.json
cycle09/mini/reviewer_robustness/RR4_top32_retained_mass_by_sequence.csv,mypaper/local_experiment_results/cycle_09_aaai_competitiveness_completion/run_01/mini/reviewer_robustness/RR4_top32_retained_mass_by_sequence.csv
cycle09/mini/reviewer_robustness/RR4_top32_retained_mass_summary.csv,mypaper/local_experiment_results/cycle_09_aaai_competitiveness_completion/run_01/mini/reviewer_robustness/RR4_top32_retained_mass_summary.csv
cycle09/mini/reviewer_robustness/RR5_checkpoint_demeaned_cells.csv,mypaper/local_experiment_results/cycle_09_aaai_competitiveness_completion/run_01/mini/reviewer_robustness/RR5_checkpoint_demeaned_cells.csv
cycle09/mini/reviewer_robustness/RR5_checkpoint_demeaned_correlations.csv,mypaper/local_experiment_results/cycle_09_aaai_competitiveness_completion/run_01/mini/reviewer_robustness/RR5_checkpoint_demeaned_correlations.csv
cycle09/mini/reviewer_robustness/RR5_hybrid_coverage.csv,mypaper/local_experiment_results/cycle_09_aaai_competitiveness_completion/run_01/mini/reviewer_robustness/RR5_hybrid_coverage.csv
cycle09/mini/reviewer_robustness/RR5_hybrid_fold_metrics.csv,mypaper/local_experiment_results/cycle_09_aaai_competitiveness_completion/run_01/mini/reviewer_robustness/RR5_hybrid_fold_metrics.csv
cycle09/mini/reviewer_robustness/RR5_hybrid_fold_performance.csv,mypaper/local_experiment_results/cycle_09_aaai_competitiveness_completion/run_01/mini/reviewer_robustness/RR5_hybrid_fold_performance.csv
cycle09/mini/reviewer_robustness/RR5_hybrid_grouped_models.csv,mypaper/local_experiment_results/cycle_09_aaai_competitiveness_completion/run_01/mini/reviewer_robustness/RR5_hybrid_grouped_models.csv
cycle09/mini/reviewer_robustness/RR5_hybrid_manifest.json,mypaper/local_experiment_results/cycle_09_aaai_competitiveness_completion/run_01/mini/reviewer_robustness/RR5_hybrid_manifest.json
cycle09/mini/reviewer_robustness/RR5_hybrid_predictions.parquet,mypaper/local_experiment_results/cycle_09_aaai_competitiveness_completion/run_01/mini/reviewer_robustness/RR5_hybrid_predictions.parquet
cycle09/mini/reviewer_robustness/RR5_llama_common_grid.csv,mypaper/local_experiment_results/cycle_09_aaai_competitiveness_completion/run_01/mini/reviewer_robustness/RR5_llama_common_grid.csv
cycle09/mini/reviewer_robustness/RR5_nested_regularization_folds.csv,mypaper/local_experiment_results/cycle_09_aaai_competitiveness_completion/run_01/mini/reviewer_robustness/RR5_nested_regularization_folds.csv
cycle09/mini/reviewer_robustness/RR5_nested_regularization_manifest.json,mypaper/local_experiment_results/cycle_09_aaai_competitiveness_completion/run_01/mini/reviewer_robustness/RR5_nested_regularization_manifest.json
cycle09/mini/reviewer_robustness/RR5_nested_regularization_metrics.csv,mypaper/local_experiment_results/cycle_09_aaai_competitiveness_completion/run_01/mini/reviewer_robustness/RR5_nested_regularization_metrics.csv
cycle09/mini/reviewer_robustness/RR5_nested_regularization_predictions.parquet,mypaper/local_experiment_results/cycle_09_aaai_competitiveness_completion/run_01/mini/reviewer_robustness/RR5_nested_regularization_predictions.parquet
cycle09/mini/reviewer_robustness/RR6_frozen_self_coverage.csv,mypaper/local_experiment_results/cycle_09_aaai_competitiveness_completion/run_01/mini/reviewer_robustness/RR6_frozen_self_coverage.csv
cycle09/mini/reviewer_robustness/RR6_frozen_self_manifest.json,mypaper/local_experiment_results/cycle_09_aaai_competitiveness_completion/run_01/mini/reviewer_robustness/RR6_frozen_self_manifest.json
cycle09/mini/reviewer_robustness/RR6_frozen_self_paired_differences.csv,mypaper/local_experiment_results/cycle_09_aaai_competitiveness_completion/run_01/mini/reviewer_robustness/RR6_frozen_self_paired_differences.csv
cycle09/mini/reviewer_robustness/RR6_frozen_self_text_stats.csv,mypaper/local_experiment_results/cycle_09_aaai_competitiveness_completion/run_01/mini/reviewer_robustness/RR6_frozen_self_text_stats.csv
cycle09/mini/reviewer_robustness/RR6_matched_math500_bootstrap_ci.csv,mypaper/local_experiment_results/cycle_09_aaai_competitiveness_completion/run_01/mini/reviewer_robustness/RR6_matched_math500_bootstrap_ci.csv
cycle09/mini/reviewer_robustness/RR6_matched_math500_coverage.csv,mypaper/local_experiment_results/cycle_09_aaai_competitiveness_completion/run_01/mini/reviewer_robustness/RR6_matched_math500_coverage.csv
cycle09/mini/reviewer_robustness/RR6_matched_math500_paired_effects.csv,mypaper/local_experiment_results/cycle_09_aaai_competitiveness_completion/run_01/mini/reviewer_robustness/RR6_matched_math500_paired_effects.csv
cycle09/mini/reviewer_robustness/RR6_matched_math500_readout_stats.csv,mypaper/local_experiment_results/cycle_09_aaai_competitiveness_completion/run_01/mini/reviewer_robustness/RR6_matched_math500_readout_stats.csv
cycle09/mini/reviewer_robustness/RR6_readout_manifest.json,mypaper/local_experiment_results/cycle_09_aaai_competitiveness_completion/run_01/mini/reviewer_robustness/RR6_readout_manifest.json
cycle09/mini/reviewer_robustness/RR_module_level_robustness_cells.csv,mypaper/local_experiment_results/cycle_09_aaai_competitiveness_completion/run_01/mini/reviewer_robustness/RR_module_level_robustness_cells.csv
cycle09/mini/reviewer_robustness/RR_module_level_robustness_manifest.json,mypaper/local_experiment_results/cycle_09_aaai_competitiveness_completion/run_01/mini/reviewer_robustness/RR_module_level_robustness_manifest.json
cycle09/mini/reviewer_robustness/RR_module_level_robustness_summary.csv,mypaper/local_experiment_results/cycle_09_aaai_competitiveness_completion/run_01/mini/reviewer_robustness/RR_module_level_robustness_summary.csv
cycle09/mini/reviewer_robustness/reviewer_robustness_correction2_manifest.json,mypaper/local_experiment_results/cycle_09_aaai_competitiveness_completion/run_01/mini/reviewer_robustness/reviewer_robustness_correction2_manifest.json
cycle09/mini/reviewer_robustness/reviewer_robustness_correction_manifest.json,mypaper/local_experiment_results/cycle_09_aaai_competitiveness_completion/run_01/mini/reviewer_robustness/reviewer_robustness_correction_manifest.json
cycle09/mini/reviewer_robustness/reviewer_robustness_theory_handoff.md,mypaper/local_experiment_results/cycle_09_aaai_competitiveness_completion/run_01/mini/reviewer_robustness/reviewer_robustness_theory_handoff.md
